[18:24:58.211][INFO]: CoT: Successfully identified and loaded ContentTweaker plugin contenttweaker:vanilla
[18:24:58.212][INFO]: CoT: Successfully identified and loaded ContentTweaker plugin contenttweaker:forge
[18:24:58.241][INFO]: Successfully identified and loaded plugin contenttweaker:core
[18:24:58.245][INFO]: Successfully identified and loaded plugin jeitweaker:default
[18:24:58.257][INFO]: Successfully identified and loaded plugin crafttweaker:builtin
[18:24:58.259][INFO]: Successfully identified and loaded plugin crafttweaker:builtin_forge
[18:24:58.265][INFO]: Successfully identified and loaded plugin immersiveengineering:ct_module
[18:24:58.917][INFO]: The following mods have explicit CraftTweaker support through the default plugin:
[18:24:58.918][INFO]: - 'contenttweaker' at version '1.0.0+13'
[18:24:58.918][INFO]: - 'crafttweaker' at version '9.1.211'
[18:24:58.918][INFO]: - 'createtweaker' at version '2.0.0.20'
[18:24:58.919][INFO]: - 'farmersdelight' at version '1.18.2-1.2.3'
[18:24:58.919][INFO]: - 'immersivepetroleum' at version '4.2.0-25'
[18:24:58.919][INFO]: - 'jeitweaker' at version '3.0.0.9'
[18:24:59.712][INFO]: Started loading scripts for loader 'contenttweaker'
[18:25:00.391][INFO]: Compiling and executing scripts
[18:25:00.548][INFO]: Successfully initialized modules [crafttweaker, contenttweaker, expansions]
[18:25:00.573][INFO]: Loading file 'Generic/newitem.zs' with priority 0
[18:25:00.915][INFO]: Registering object of type minecraft:creative_tab[S]{net.minecraft.world.item.CreativeModeTab} with name minecraft:deceased_tab
[18:25:00.934][INFO]: Registering object of type minecraft:item[R]{net.minecraft.world.item.Item} with name contenttweaker:horde_beacon
[18:25:00.978][INFO]: Registering object of type minecraft:item[R]{net.minecraft.world.item.Item} with name contenttweaker:incomplete_solar_panel
[18:25:00.984][INFO]: Registering object of type minecraft:item[R]{net.minecraft.world.item.Item} with name contenttweaker:incomplete_ender_pearl
[18:25:00.985][INFO]: Registering object of type minecraft:item[R]{net.minecraft.world.item.Item} with name contenttweaker:polyethylene
[18:25:00.987][INFO]: Registering object of type minecraft:item[R]{net.minecraft.world.item.Item} with name contenttweaker:high_carbon_steel_alloy
[18:25:00.987][INFO]: Registering object of type minecraft:item[R]{net.minecraft.world.item.Item} with name contenttweaker:resistant_fiber
[18:25:00.988][INFO]: Registering object of type minecraft:item[R]{net.minecraft.world.item.Item} with name contenttweaker:resistant_fabric
[18:25:00.988][INFO]: Registering object of type minecraft:item[R]{net.minecraft.world.item.Item} with name contenttweaker:rubber
[18:25:00.990][INFO]: Registering object of type minecraft:item[R]{net.minecraft.world.item.Item} with name contenttweaker:research_paper_1
[18:25:00.991][INFO]: Registering object of type minecraft:item[R]{net.minecraft.world.item.Item} with name contenttweaker:research_paper_2
[18:25:00.993][INFO]: Registering object of type minecraft:item[R]{net.minecraft.world.item.Item} with name contenttweaker:research_paper_3
[18:25:00.995][INFO]: Registering object of type minecraft:item[R]{net.minecraft.world.item.Item} with name contenttweaker:research_paper_4
[18:25:00.997][INFO]: Registering object of type minecraft:item[R]{net.minecraft.world.item.Item} with name contenttweaker:research_paper_5
[18:25:00.998][INFO]: Registering object of type minecraft:item[R]{net.minecraft.world.item.Item} with name contenttweaker:research_book
[18:25:00.999][INFO]: Registering object of type minecraft:item[R]{net.minecraft.world.item.Item} with name contenttweaker:formula_x
[18:25:01.000][INFO]: Registering object of type minecraft:item[R]{net.minecraft.world.item.Item} with name contenttweaker:incomplete_electron_tube
[18:25:01.001][INFO]: Registering object of type minecraft:item[R]{net.minecraft.world.item.Item} with name contenttweaker:incomplete_component_electronic
[18:25:01.003][INFO]: Registering object of type minecraft:item[R]{net.minecraft.world.item.Item} with name contenttweaker:incomplete_component_electronic_adv
[18:25:01.005][INFO]: Registering object of type minecraft:item[R]{net.minecraft.world.item.Item} with name contenttweaker:silica_dust
[18:25:01.005][INFO]: Registering object of type minecraft:item[R]{net.minecraft.world.item.Item} with name contenttweaker:incomplete_basic_processor
[18:25:01.006][INFO]: Registering object of type minecraft:item[R]{net.minecraft.world.item.Item} with name contenttweaker:incomplete_improved_processor
[18:25:01.006][INFO]: Registering object of type minecraft:item[R]{net.minecraft.world.item.Item} with name contenttweaker:incomplete_advanced_processor
[18:25:01.007][INFO]: Registering object of type minecraft:item[R]{net.minecraft.world.item.Item} with name contenttweaker:incomplete_1k_storage_part
[18:25:01.007][INFO]: Registering object of type minecraft:item[R]{net.minecraft.world.item.Item} with name contenttweaker:incomplete_4k_storage_part
[18:25:01.008][INFO]: Registering object of type minecraft:item[R]{net.minecraft.world.item.Item} with name contenttweaker:incomplete_16k_storage_part
[18:25:01.012][INFO]: Registering object of type minecraft:item[R]{net.minecraft.world.item.Item} with name contenttweaker:incomplete_64k_storage_part
[18:25:01.013][INFO]: Registering object of type minecraft:item[R]{net.minecraft.world.item.Item} with name contenttweaker:incomplete_64k_fluid_storage_part
[18:25:01.014][INFO]: Registering object of type minecraft:item[R]{net.minecraft.world.item.Item} with name contenttweaker:incomplete_256k_fluid_storage_part
[18:25:01.014][INFO]: Registering object of type minecraft:item[R]{net.minecraft.world.item.Item} with name contenttweaker:incomplete_1024k_fluid_storage_part
[18:25:01.015][INFO]: Registering object of type minecraft:item[R]{net.minecraft.world.item.Item} with name contenttweaker:incomplete_4096k_fluid_storage_part
[18:25:01.015][INFO]: Registering object of type minecraft:item[R]{net.minecraft.world.item.Item} with name contenttweaker:x_factor
[18:25:01.018][INFO]: Registering object of type minecraft:item[R]{net.minecraft.world.item.Item} with name contenttweaker:mold_basic_processor
[18:25:01.020][INFO]: Registering object of type minecraft:item[R]{net.minecraft.world.item.Item} with name contenttweaker:mold_improved_processor
[18:25:01.021][INFO]: Registering object of type minecraft:item[R]{net.minecraft.world.item.Item} with name contenttweaker:mold_advanced_processor
[18:25:01.023][INFO]: Registering object of type minecraft:item[R]{net.minecraft.world.item.Item} with name contenttweaker:incomplete_bullet
[18:25:01.024][INFO]: Registering object of type minecraft:item[R]{net.minecraft.world.item.Item} with name contenttweaker:bullet_casing_9mm_round
[18:25:01.025][INFO]: Registering object of type minecraft:item[R]{net.minecraft.world.item.Item} with name contenttweaker:bullet_casing_10_gauge_round
[18:25:01.025][INFO]: Registering object of type minecraft:item[R]{net.minecraft.world.item.Item} with name contenttweaker:bullet_casing_46x30
[18:25:01.026][INFO]: Registering object of type minecraft:item[R]{net.minecraft.world.item.Item} with name contenttweaker:bullet_casing_50bmg
[18:25:01.026][INFO]: Registering object of type minecraft:item[R]{net.minecraft.world.item.Item} with name contenttweaker:bullet_casing_57x28
[18:25:01.027][INFO]: Registering object of type minecraft:item[R]{net.minecraft.world.item.Item} with name contenttweaker:bullet_casing_58x42
[18:25:01.028][INFO]: Registering object of type minecraft:item[R]{net.minecraft.world.item.Item} with name contenttweaker:bullet_casing_762x25
[18:25:01.029][INFO]: Registering object of type minecraft:item[R]{net.minecraft.world.item.Item} with name contenttweaker:bullet_casing_762x39
[18:25:01.031][INFO]: Registering object of type minecraft:item[R]{net.minecraft.world.item.Item} with name contenttweaker:bullet_casing_762x54
[18:25:01.032][INFO]: Registering object of type minecraft:item[R]{net.minecraft.world.item.Item} with name contenttweaker:bullet_casing_ae50
[18:25:01.034][INFO]: Registering object of type minecraft:item[R]{net.minecraft.world.item.Item} with name contenttweaker:bullet_casing_bmagnum
[18:25:01.035][INFO]: Registering object of type minecraft:item[R]{net.minecraft.world.item.Item} with name contenttweaker:bullet_casing_bullet68
[18:25:01.035][INFO]: Registering object of type minecraft:item[R]{net.minecraft.world.item.Item} with name contenttweaker:bullet_casing_bullet308
[18:25:01.036][INFO]: Registering object of type minecraft:item[R]{net.minecraft.world.item.Item} with name contenttweaker:bullet_casing_lapua338
[18:25:01.037][INFO]: Registering object of type minecraft:item[R]{net.minecraft.world.item.Item} with name contenttweaker:bullet_casing_nato556
[18:25:01.038][INFO]: Registering object of type minecraft:item[R]{net.minecraft.world.item.Item} with name contenttweaker:bullet_casing_round45
[18:25:01.039][INFO]: Registering object of type minecraft:item[R]{net.minecraft.world.item.Item} with name contenttweaker:bullet_casing_win3030
[18:25:01.040][INFO]: Registering object of type minecraft:item[R]{net.minecraft.world.item.Item} with name contenttweaker:mold_bullet_casing_9mm_round
[18:25:01.041][INFO]: Registering object of type minecraft:item[R]{net.minecraft.world.item.Item} with name contenttweaker:mold_bullet_casing_10_gauge_round
[18:25:01.043][INFO]: Registering object of type minecraft:item[R]{net.minecraft.world.item.Item} with name contenttweaker:mold_bullet_casing_46x30
[18:25:01.045][INFO]: Registering object of type minecraft:item[R]{net.minecraft.world.item.Item} with name contenttweaker:mold_bullet_casing_50bmg
[18:25:01.047][INFO]: Registering object of type minecraft:item[R]{net.minecraft.world.item.Item} with name contenttweaker:mold_bullet_casing_57x28
[18:25:01.048][INFO]: Registering object of type minecraft:item[R]{net.minecraft.world.item.Item} with name contenttweaker:mold_bullet_casing_58x42
[18:25:01.049][INFO]: Registering object of type minecraft:item[R]{net.minecraft.world.item.Item} with name contenttweaker:mold_bullet_casing_762x25
[18:25:01.050][INFO]: Registering object of type minecraft:item[R]{net.minecraft.world.item.Item} with name contenttweaker:mold_bullet_casing_762x39
[18:25:01.051][INFO]: Registering object of type minecraft:item[R]{net.minecraft.world.item.Item} with name contenttweaker:mold_bullet_casing_762x54
[18:25:01.051][INFO]: Registering object of type minecraft:item[R]{net.minecraft.world.item.Item} with name contenttweaker:mold_bullet_casing_ae50
[18:25:01.053][INFO]: Registering object of type minecraft:item[R]{net.minecraft.world.item.Item} with name contenttweaker:mold_bullet_casing_bmagnum
[18:25:01.054][INFO]: Registering object of type minecraft:item[R]{net.minecraft.world.item.Item} with name contenttweaker:mold_bullet_casing_bullet68
[18:25:01.056][INFO]: Registering object of type minecraft:item[R]{net.minecraft.world.item.Item} with name contenttweaker:mold_bullet_casing_bullet308
[18:25:01.057][INFO]: Registering object of type minecraft:item[R]{net.minecraft.world.item.Item} with name contenttweaker:mold_bullet_casing_lapua338
[18:25:01.057][INFO]: Registering object of type minecraft:item[R]{net.minecraft.world.item.Item} with name contenttweaker:mold_bullet_casing_nato556
[18:25:01.057][INFO]: Registering object of type minecraft:item[R]{net.minecraft.world.item.Item} with name contenttweaker:mold_bullet_casing_round45
[18:25:01.058][INFO]: Registering object of type minecraft:item[R]{net.minecraft.world.item.Item} with name contenttweaker:mold_bullet_casing_win3030
[18:25:01.058][INFO]: Registering object of type minecraft:item[R]{net.minecraft.world.item.Item} with name contenttweaker:incomplete_battery
[18:25:01.059][INFO]: Registering object of type minecraft:item[R]{net.minecraft.world.item.Item} with name contenttweaker:incomplete_engine_piston
[18:25:01.060][INFO]: Registering object of type minecraft:item[R]{net.minecraft.world.item.Item} with name contenttweaker:incomplete_engine_3_cylinder
[18:25:01.061][INFO]: Registering object of type minecraft:item[R]{net.minecraft.world.item.Item} with name contenttweaker:incomplete_engine_6_cylinder
[18:25:01.062][INFO]: Registering object of type minecraft:item[R]{net.minecraft.world.item.Item} with name contenttweaker:incomplete_engine_truck
[18:25:01.064][INFO]: Registering object of type minecraft:item[R]{net.minecraft.world.item.Item} with name contenttweaker:incomplete_wheel
[18:25:01.066][INFO]: Registering object of type minecraft:item[R]{net.minecraft.world.item.Item} with name contenttweaker:incomplete_big_wheel
[18:25:01.067][INFO]: Registering object of type minecraft:item[R]{net.minecraft.world.item.Item} with name contenttweaker:incomplete_small_tank
[18:25:01.067][INFO]: Registering object of type minecraft:item[R]{net.minecraft.world.item.Item} with name contenttweaker:incomplete_medium_tank
[18:25:01.068][INFO]: Registering object of type minecraft:item[R]{net.minecraft.world.item.Item} with name contenttweaker:incomplete_large_tank
[18:25:01.068][INFO]: Execution for loader 'contenttweaker' completed successfully
[18:25:11.384][INFO]: Started loading scripts for loader 'initialize'
[18:25:11.427][INFO]: Compiling and executing scripts
[18:25:11.428][INFO]: Successfully initialized modules [crafttweaker, expansions]
[18:25:11.453][INFO]: Execution for loader 'initialize' completed successfully
[18:25:23.203][WARN]: Two subcommands with the same ID soundevents found for dump: this it not a critical error
[18:25:23.203][WARN]: Two subcommands with the same ID materials found for dump: this it not a critical error
[18:25:26.312][INFO]: Started loading scripts for loader 'tags'
[18:25:26.339][INFO]: Compiling and executing scripts
[18:25:26.346][INFO]: Successfully initialized modules [crafttweaker, expansions]
[18:25:26.356][INFO]: Execution for loader 'tags' completed successfully
[18:25:28.529][INFO]: Started loading scripts for loader 'crafttweaker'
[18:25:28.572][INFO]: Compiling and executing scripts
[18:25:28.956][INFO]: Successfully initialized modules [mods, crafttweaker, expansions]
[18:25:28.956][INFO]: Loading file 'Generic/armorValue.zs' with priority 0
[18:25:28.989][INFO]: Loading file 'Generic/armor_recipe.zs' with priority 0
[18:25:29.119][INFO]: Loading file 'Generic/cures.zs' with priority 0
[18:25:29.120][INFO]: Loading file 'Generic/descriptions.zs' with priority 0
[18:25:29.122][INFO]: Loading file 'Generic/food.zs' with priority 0
[18:25:29.129][INFO]: Loading file 'Generic/food_xp_tag.zs' with priority 0
[18:25:29.147][INFO]: Loading file 'Generic/item.zs' with priority 0
[18:25:29.150][INFO]: Loading file 'Generic/material.zs' with priority 0
[18:25:29.156][INFO]: Loading file 'Generic/material_ore.zs' with priority 0
[18:25:29.166][INFO]: Loading file 'Generic/mre.zs' with priority 0
[18:25:29.170][INFO]: Loading file 'Generic/profession.zs' with priority 0
[18:25:29.184][INFO]: Loading file 'Generic/repair.zs' with priority 0
[18:25:29.187][INFO]: Loading file 'Generic/rightclick.zs' with priority 0
[18:25:29.188][INFO]: Loading file 'Generic/tag.zs' with priority 0
[18:25:29.223][INFO]: Loading file 'Generic/weaponValue.zs' with priority 0
[18:25:29.237][INFO]: Loading file 'Generic/weapon_recipe.zs' with priority 0
[18:25:29.272][INFO]: Loading file 'Mod/advanced_finders.zs' with priority 0
[18:25:29.272][INFO]: Loading file 'Mod/apocalypsenow.zs' with priority 0
[18:25:29.281][INFO]: Loading file 'Mod/car_components.zs' with priority 0
[18:25:29.375][INFO]: Loading file 'Mod/car_containers.zs' with priority 0
[18:25:29.401][INFO]: Loading file 'Mod/cloche.zs' with priority 0
[18:25:29.402][INFO]: Loading file 'Mod/cold_sweat.zs' with priority 0
[18:25:29.403][INFO]: Loading file 'Mod/cooler.zs' with priority 0
[18:25:29.413][INFO]: Loading file 'Mod/create_deco.zs' with priority 0
[18:25:29.413][INFO]: Loading file 'Mod/createbigcannons.zs' with priority 0
[18:25:29.418][INFO]: Loading file 'Mod/firearms.zs' with priority 0
[18:25:29.426][INFO]: Loading file 'Mod/immersive_posts.zs' with priority 0
[18:25:29.427][INFO]: Loading file 'Mod/pipez.zs' with priority 0
[18:25:29.429][INFO]: Loading file 'Mod/refinedstorage.zs' with priority 0
[18:25:29.434][INFO]: Loading file 'Mod/securitycraft.zs' with priority 0
[18:25:29.444][INFO]: Loading file 'Mod/simpleplanes.zs' with priority 0
[18:25:29.449][INFO]: Loading file 'Mod/sophisticated_backpack.zs' with priority 0
[18:25:29.450][INFO]: Loading file 'Mod/storage_drawer.zs' with priority 0
[18:25:29.450][INFO]: Loading file 'Removal/alexs_removal.zs' with priority 0
[18:25:29.451][INFO]: Loading file 'Removal/apocalypsenow_removal.zs' with priority 0
[18:25:29.456][INFO]: Loading file 'Removal/armor_removal.zs' with priority 0
[18:25:29.456][INFO]: Loading file 'Removal/car_removal.zs' with priority 0
[18:25:29.458][INFO]: Loading file 'Removal/cgm_removal.zs' with priority 0
[18:25:29.458][INFO]: Loading file 'Removal/create_removal.zs' with priority 0
[18:25:29.458][INFO]: Loading file 'Removal/easy_villager_removal.zs' with priority 0
[18:25:29.459][INFO]: Loading file 'Removal/immersive_removal.zs' with priority 0
[18:25:29.459][INFO]: Loading file 'Removal/mutationcraft_removal.zs' with priority 0
[18:25:29.459][INFO]: Loading file 'Removal/nameless_trinkets_removal.zs' with priority 0
[18:25:29.460][INFO]: Loading file 'Removal/removal.zs' with priority 0
[18:25:29.461][INFO]: Loading file 'Removal/security_craft_removal.zs' with priority 0
[18:25:29.461][INFO]: Loading file 'Removal/sophisticated_removal.zs' with priority 0
[18:25:29.461][INFO]: Loading file 'Removal/tac_removal.zs' with priority 0
[18:25:30.466][INFO]: Modifying Attributes of: <item:minecraft:leather_helmet>.anyDamage()
[18:25:30.467][INFO]: Modifying Attributes of: <item:minecraft:leather_helmet>.anyDamage()
[18:25:30.471][INFO]: Set the value of Max Damage on <item:minecraft:leather_helmet> to: '55'
[18:25:30.472][INFO]: Modifying Attributes of: <item:minecraft:leather_chestplate>.anyDamage()
[18:25:30.472][INFO]: Modifying Attributes of: <item:minecraft:leather_chestplate>.anyDamage()
[18:25:30.472][INFO]: Set the value of Max Damage on <item:minecraft:leather_chestplate> to: '80'
[18:25:30.472][INFO]: Modifying Attributes of: <item:minecraft:leather_leggings>.anyDamage()
[18:25:30.472][INFO]: Modifying Attributes of: <item:minecraft:leather_leggings>.anyDamage()
[18:25:30.472][INFO]: Set the value of Max Damage on <item:minecraft:leather_leggings> to: '75'
[18:25:30.472][INFO]: Modifying Attributes of: <item:minecraft:leather_boots>.anyDamage()
[18:25:30.472][INFO]: Modifying Attributes of: <item:minecraft:leather_boots>.anyDamage()
[18:25:30.473][INFO]: Set the value of Max Damage on <item:minecraft:leather_boots> to: '65'
[18:25:30.473][INFO]: Modifying Attributes of: <item:apocalypsenow:police_helmet>.anyDamage()
[18:25:30.473][INFO]: Modifying Attributes of: <item:apocalypsenow:police_helmet>.anyDamage()
[18:25:30.473][INFO]: Set the value of Max Damage on <item:apocalypsenow:police_helmet> to: '125'
[18:25:30.473][INFO]: Modifying Attributes of: <item:apocalypsenow:police_chestplate>.anyDamage()
[18:25:30.473][INFO]: Modifying Attributes of: <item:apocalypsenow:police_chestplate>.anyDamage()
[18:25:30.473][INFO]: Set the value of Max Damage on <item:apocalypsenow:police_chestplate> to: '200'
[18:25:30.473][INFO]: Modifying Attributes of: <item:apocalypsenow:police_leggings>.anyDamage()
[18:25:30.473][INFO]: Modifying Attributes of: <item:apocalypsenow:police_leggings>.anyDamage()
[18:25:30.474][INFO]: Set the value of Max Damage on <item:apocalypsenow:police_leggings> to: '185'
[18:25:30.474][INFO]: Modifying Attributes of: <item:apocalypsenow:police_boots>.anyDamage()
[18:25:30.474][INFO]: Modifying Attributes of: <item:apocalypsenow:police_boots>.anyDamage()
[18:25:30.474][INFO]: Set the value of Max Damage on <item:apocalypsenow:police_boots> to: '155'
[18:25:30.474][INFO]: Modifying Attributes of: <item:apocalypsenow:fire_figther_helmet>.anyDamage()
[18:25:30.474][INFO]: Modifying Attributes of: <item:apocalypsenow:fire_figther_helmet>.anyDamage()
[18:25:30.474][INFO]: Set the value of Max Damage on <item:apocalypsenow:fire_figther_helmet> to: '145'
[18:25:30.474][INFO]: Modifying Attributes of: <item:apocalypsenow:fire_figther_chestplate>.anyDamage()
[18:25:30.474][INFO]: Modifying Attributes of: <item:apocalypsenow:fire_figther_chestplate>.anyDamage()
[18:25:30.474][INFO]: Set the value of Max Damage on <item:apocalypsenow:fire_figther_chestplate> to: '220'
[18:25:30.474][INFO]: Modifying Attributes of: <item:apocalypsenow:fire_figther_leggings>.anyDamage()
[18:25:30.475][INFO]: Modifying Attributes of: <item:apocalypsenow:fire_figther_leggings>.anyDamage()
[18:25:30.475][INFO]: Set the value of Max Damage on <item:apocalypsenow:fire_figther_leggings> to: '205'
[18:25:30.475][INFO]: Modifying Attributes of: <item:apocalypsenow:fire_figther_boots>.anyDamage()
[18:25:30.475][INFO]: Modifying Attributes of: <item:apocalypsenow:fire_figther_boots>.anyDamage()
[18:25:30.475][INFO]: Set the value of Max Damage on <item:apocalypsenow:fire_figther_boots> to: '175'
[18:25:30.475][INFO]: Modifying Attributes of: <item:apocalypsenow:nurse_helmet>.anyDamage()
[18:25:30.475][INFO]: Modifying Attributes of: <item:apocalypsenow:nurse_helmet>.anyDamage()
[18:25:30.475][INFO]: Set the value of Max Damage on <item:apocalypsenow:nurse_helmet> to: '65'
[18:25:30.475][INFO]: Modifying Attributes of: <item:apocalypsenow:nurse_chestplate>.anyDamage()
[18:25:30.475][INFO]: Modifying Attributes of: <item:apocalypsenow:nurse_chestplate>.anyDamage()
[18:25:30.476][INFO]: Set the value of Max Damage on <item:apocalypsenow:nurse_chestplate> to: '90'
[18:25:30.476][INFO]: Modifying Attributes of: <item:apocalypsenow:nurse_leggings>.anyDamage()
[18:25:30.476][INFO]: Modifying Attributes of: <item:apocalypsenow:nurse_leggings>.anyDamage()
[18:25:30.476][INFO]: Set the value of Max Damage on <item:apocalypsenow:nurse_leggings> to: '85'
[18:25:30.476][INFO]: Modifying Attributes of: <item:apocalypsenow:nurse_boots>.anyDamage()
[18:25:30.476][INFO]: Modifying Attributes of: <item:apocalypsenow:nurse_boots>.anyDamage()
[18:25:30.476][INFO]: Set the value of Max Damage on <item:apocalypsenow:nurse_boots> to: '75'
[18:25:30.476][INFO]: Modifying Attributes of: <item:apocalypsenow:desertghillie_helmet>.anyDamage()
[18:25:30.476][INFO]: Modifying Attributes of: <item:apocalypsenow:desertghillie_helmet>.anyDamage()
[18:25:30.477][INFO]: Set the value of Max Damage on <item:apocalypsenow:desertghillie_helmet> to: '105'
[18:25:30.477][INFO]: Modifying Attributes of: <item:apocalypsenow:desertghillie_chestplate>.anyDamage()
[18:25:30.477][INFO]: Modifying Attributes of: <item:apocalypsenow:desertghillie_chestplate>.anyDamage()
[18:25:30.477][INFO]: Set the value of Max Damage on <item:apocalypsenow:desertghillie_chestplate> to: '180'
[18:25:30.477][INFO]: Modifying Attributes of: <item:apocalypsenow:desertghillie_leggings>.anyDamage()
[18:25:30.477][INFO]: Modifying Attributes of: <item:apocalypsenow:desertghillie_leggings>.anyDamage()
[18:25:30.477][INFO]: Set the value of Max Damage on <item:apocalypsenow:desertghillie_leggings> to: '165'
[18:25:30.477][INFO]: Modifying Attributes of: <item:apocalypsenow:desertghillie_boots>.anyDamage()
[18:25:30.477][INFO]: Modifying Attributes of: <item:apocalypsenow:desertghillie_boots>.anyDamage()
[18:25:30.477][INFO]: Set the value of Max Damage on <item:apocalypsenow:desertghillie_boots> to: '135'
[18:25:30.478][INFO]: Modifying Attributes of: <item:apocalypsenow:snowghillie_helmet>.anyDamage()
[18:25:30.478][INFO]: Modifying Attributes of: <item:apocalypsenow:snowghillie_helmet>.anyDamage()
[18:25:30.478][INFO]: Set the value of Max Damage on <item:apocalypsenow:snowghillie_helmet> to: '105'
[18:25:30.478][INFO]: Modifying Attributes of: <item:apocalypsenow:snowghillie_chestplate>.anyDamage()
[18:25:30.478][INFO]: Modifying Attributes of: <item:apocalypsenow:snowghillie_chestplate>.anyDamage()
[18:25:30.478][INFO]: Set the value of Max Damage on <item:apocalypsenow:snowghillie_chestplate> to: '180'
[18:25:30.478][INFO]: Modifying Attributes of: <item:apocalypsenow:snowghillie_leggings>.anyDamage()
[18:25:30.478][INFO]: Modifying Attributes of: <item:apocalypsenow:snowghillie_leggings>.anyDamage()
[18:25:30.478][INFO]: Set the value of Max Damage on <item:apocalypsenow:snowghillie_leggings> to: '165'
[18:25:30.479][INFO]: Modifying Attributes of: <item:apocalypsenow:snowghillie_boots>.anyDamage()
[18:25:30.479][INFO]: Modifying Attributes of: <item:apocalypsenow:snowghillie_boots>.anyDamage()
[18:25:30.479][INFO]: Set the value of Max Damage on <item:apocalypsenow:snowghillie_boots> to: '135'
[18:25:30.479][INFO]: Modifying Attributes of: <item:apocalypsenow:ghilliesuit_helmet>.anyDamage()
[18:25:30.479][INFO]: Modifying Attributes of: <item:apocalypsenow:ghilliesuit_helmet>.anyDamage()
[18:25:30.479][INFO]: Set the value of Max Damage on <item:apocalypsenow:ghilliesuit_helmet> to: '105'
[18:25:30.479][INFO]: Modifying Attributes of: <item:apocalypsenow:ghilliesuit_chestplate>.anyDamage()
[18:25:30.479][INFO]: Modifying Attributes of: <item:apocalypsenow:ghilliesuit_chestplate>.anyDamage()
[18:25:30.479][INFO]: Set the value of Max Damage on <item:apocalypsenow:ghilliesuit_chestplate> to: '180'
[18:25:30.479][INFO]: Modifying Attributes of: <item:apocalypsenow:ghilliesuit_leggings>.anyDamage()
[18:25:30.480][INFO]: Modifying Attributes of: <item:apocalypsenow:ghilliesuit_leggings>.anyDamage()
[18:25:30.480][INFO]: Set the value of Max Damage on <item:apocalypsenow:ghilliesuit_leggings> to: '165'
[18:25:30.480][INFO]: Modifying Attributes of: <item:apocalypsenow:ghilliesuit_boots>.anyDamage()
[18:25:30.480][INFO]: Modifying Attributes of: <item:apocalypsenow:ghilliesuit_boots>.anyDamage()
[18:25:30.480][INFO]: Set the value of Max Damage on <item:apocalypsenow:ghilliesuit_boots> to: '135'
[18:25:30.480][INFO]: Modifying Attributes of: <item:apocalypsenow:anarchy_helmet>.anyDamage()
[18:25:30.480][INFO]: Modifying Attributes of: <item:apocalypsenow:anarchy_helmet>.anyDamage()
[18:25:30.480][INFO]: Set the value of Max Damage on <item:apocalypsenow:anarchy_helmet> to: '55'
[18:25:30.480][INFO]: Modifying Attributes of: <item:apocalypsenow:anarchy_chestplate>.anyDamage()
[18:25:30.480][INFO]: Modifying Attributes of: <item:apocalypsenow:anarchy_chestplate>.anyDamage()
[18:25:30.481][INFO]: Set the value of Max Damage on <item:apocalypsenow:anarchy_chestplate> to: '80'
[18:25:30.481][INFO]: Modifying Attributes of: <item:apocalypsenow:anarchy_leggings>.anyDamage()
[18:25:30.481][INFO]: Modifying Attributes of: <item:apocalypsenow:anarchy_leggings>.anyDamage()
[18:25:30.481][INFO]: Set the value of Max Damage on <item:apocalypsenow:anarchy_leggings> to: '75'
[18:25:30.481][INFO]: Modifying Attributes of: <item:apocalypsenow:anarchy_boots>.anyDamage()
[18:25:30.481][INFO]: Modifying Attributes of: <item:apocalypsenow:anarchy_boots>.anyDamage()
[18:25:30.481][INFO]: Set the value of Max Damage on <item:apocalypsenow:anarchy_boots> to: '65'
[18:25:30.481][INFO]: Modifying Attributes of: <item:apocalypsenow:forestguard_helmet>.anyDamage()
[18:25:30.481][INFO]: Modifying Attributes of: <item:apocalypsenow:forestguard_helmet>.anyDamage()
[18:25:30.481][INFO]: Set the value of Max Damage on <item:apocalypsenow:forestguard_helmet> to: '125'
[18:25:30.482][INFO]: Modifying Attributes of: <item:apocalypsenow:forestguard_chestplate>.anyDamage()
[18:25:30.482][INFO]: Modifying Attributes of: <item:apocalypsenow:forestguard_chestplate>.anyDamage()
[18:25:30.482][INFO]: Set the value of Max Damage on <item:apocalypsenow:forestguard_chestplate> to: '200'
[18:25:30.482][INFO]: Modifying Attributes of: <item:apocalypsenow:forestguard_leggings>.anyDamage()
[18:25:30.482][INFO]: Modifying Attributes of: <item:apocalypsenow:forestguard_leggings>.anyDamage()
[18:25:30.482][INFO]: Set the value of Max Damage on <item:apocalypsenow:forestguard_leggings> to: '185'
[18:25:30.482][INFO]: Modifying Attributes of: <item:apocalypsenow:forestguard_boots>.anyDamage()
[18:25:30.482][INFO]: Modifying Attributes of: <item:apocalypsenow:forestguard_boots>.anyDamage()
[18:25:30.482][INFO]: Set the value of Max Damage on <item:apocalypsenow:forestguard_boots> to: '155'
[18:25:30.482][INFO]: Modifying Attributes of: <item:apocalypsenow:hunting_chestplate>.anyDamage()
[18:25:30.483][INFO]: Modifying Attributes of: <item:apocalypsenow:hunting_chestplate>.anyDamage()
[18:25:30.483][INFO]: Set the value of Max Damage on <item:apocalypsenow:hunting_chestplate> to: '235'
[18:25:30.483][INFO]: Modifying Attributes of: <item:apocalypsenow:hunting_helmet>.anyDamage()
[18:25:30.483][INFO]: Modifying Attributes of: <item:apocalypsenow:hunting_helmet>.anyDamage()
[18:25:30.483][INFO]: Set the value of Max Damage on <item:apocalypsenow:hunting_helmet> to: '120'
[18:25:30.483][INFO]: Modifying Attributes of: <item:apocalypsenow:life_jacket_bullet_helmet_chestplate>.anyDamage()
[18:25:30.483][INFO]: Modifying Attributes of: <item:apocalypsenow:life_jacket_bullet_helmet_chestplate>.anyDamage()
[18:25:30.483][INFO]: Set the value of Max Damage on <item:apocalypsenow:life_jacket_bullet_helmet_chestplate> to: '180'
[18:25:30.483][INFO]: Modifying Attributes of: <item:apocalypsenow:sheriff_helmet>.anyDamage()
[18:25:30.483][INFO]: Modifying Attributes of: <item:apocalypsenow:sheriff_helmet>.anyDamage()
[18:25:30.484][INFO]: Set the value of Max Damage on <item:apocalypsenow:sheriff_helmet> to: '120'
[18:25:30.484][INFO]: Modifying Attributes of: <item:apocalypsenow:cowboy_hat_helmet>.anyDamage()
[18:25:30.484][INFO]: Modifying Attributes of: <item:apocalypsenow:cowboy_hat_helmet>.anyDamage()
[18:25:30.484][INFO]: Set the value of Max Damage on <item:apocalypsenow:cowboy_hat_helmet> to: '120'
[18:25:30.484][INFO]: Modifying Attributes of: <item:apocalypsenow:old_west_hat_helmet>.anyDamage()
[18:25:30.484][INFO]: Modifying Attributes of: <item:apocalypsenow:old_west_hat_helmet>.anyDamage()
[18:25:30.484][INFO]: Set the value of Max Damage on <item:apocalypsenow:old_west_hat_helmet> to: '120'
[18:25:30.484][INFO]: Modifying Attributes of: <item:apocalypsenow:jasonmask_helmet>.anyDamage()
[18:25:30.485][INFO]: Modifying Attributes of: <item:apocalypsenow:jasonmask_helmet>.anyDamage()
[18:25:30.485][INFO]: Set the value of Max Damage on <item:apocalypsenow:jasonmask_helmet> to: '120'
[18:25:30.485][INFO]: Modifying Attributes of: <item:apocalypsenow:welding_mask_helmet>.anyDamage()
[18:25:30.485][INFO]: Modifying Attributes of: <item:apocalypsenow:welding_mask_helmet>.anyDamage()
[18:25:30.485][INFO]: Set the value of Max Damage on <item:apocalypsenow:welding_mask_helmet> to: '430'
[18:25:30.485][INFO]: Modifying Attributes of: <item:apocalypsenow:welding_mask_helmet>.anyDamage()
[18:25:30.485][INFO]: Modifying Attributes of: <item:apocalypsenow:welding_mask_helmet>.anyDamage()
[18:25:30.485][INFO]: Modifying Attributes of: <item:apocalypsenow:balaclava_helmet>.anyDamage()
[18:25:30.486][INFO]: Modifying Attributes of: <item:apocalypsenow:balaclava_helmet>.anyDamage()
[18:25:30.486][INFO]: Set the value of Max Damage on <item:apocalypsenow:balaclava_helmet> to: '120'
[18:25:30.486][INFO]: Modifying Attributes of: <item:apocalypsenow:white_balaclava_helmet>.anyDamage()
[18:25:30.486][INFO]: Modifying Attributes of: <item:apocalypsenow:white_balaclava_helmet>.anyDamage()
[18:25:30.486][INFO]: Set the value of Max Damage on <item:apocalypsenow:white_balaclava_helmet> to: '120'
[18:25:30.486][INFO]: Modifying Attributes of: <item:apocalypsenow:red_balaclava_helmet>.anyDamage()
[18:25:30.486][INFO]: Modifying Attributes of: <item:apocalypsenow:red_balaclava_helmet>.anyDamage()
[18:25:30.486][INFO]: Set the value of Max Damage on <item:apocalypsenow:red_balaclava_helmet> to: '120'
[18:25:30.486][INFO]: Modifying Attributes of: <item:apocalypsenow:blue_balaclava_helmet>.anyDamage()
[18:25:30.486][INFO]: Modifying Attributes of: <item:apocalypsenow:blue_balaclava_helmet>.anyDamage()
[18:25:30.487][INFO]: Set the value of Max Damage on <item:apocalypsenow:blue_balaclava_helmet> to: '120'
[18:25:30.487][INFO]: Modifying Attributes of: <item:apocalypsenow:green_balaclava_helmet>.anyDamage()
[18:25:30.487][INFO]: Modifying Attributes of: <item:apocalypsenow:green_balaclava_helmet>.anyDamage()
[18:25:30.487][INFO]: Set the value of Max Damage on <item:apocalypsenow:green_balaclava_helmet> to: '120'
[18:25:30.487][INFO]: Modifying Attributes of: <item:apocalypsenow:forest_camo_balaclava_helmet>.anyDamage()
[18:25:30.487][INFO]: Modifying Attributes of: <item:apocalypsenow:forest_camo_balaclava_helmet>.anyDamage()
[18:25:30.487][INFO]: Set the value of Max Damage on <item:apocalypsenow:forest_camo_balaclava_helmet> to: '120'
[18:25:30.487][INFO]: Modifying Attributes of: <item:apocalypsenow:snow_camo_balaclava_helmet>.anyDamage()
[18:25:30.487][INFO]: Modifying Attributes of: <item:apocalypsenow:snow_camo_balaclava_helmet>.anyDamage()
[18:25:30.487][INFO]: Set the value of Max Damage on <item:apocalypsenow:snow_camo_balaclava_helmet> to: '120'
[18:25:30.488][INFO]: Modifying Attributes of: <item:apocalypsenow:urbancamobalaclava_helmet>.anyDamage()
[18:25:30.488][INFO]: Modifying Attributes of: <item:apocalypsenow:urbancamobalaclava_helmet>.anyDamage()
[18:25:30.488][INFO]: Set the value of Max Damage on <item:apocalypsenow:urbancamobalaclava_helmet> to: '120'
[18:25:30.488][INFO]: Modifying Attributes of: <item:apocalypsenow:desert_camo_balaclava_helmet>.anyDamage()
[18:25:30.488][INFO]: Modifying Attributes of: <item:apocalypsenow:desert_camo_balaclava_helmet>.anyDamage()
[18:25:30.488][INFO]: Set the value of Max Damage on <item:apocalypsenow:desert_camo_balaclava_helmet> to: '120'
[18:25:30.488][INFO]: Modifying Attributes of: <item:apocalypsenow:pink_balaclava_helmet>.anyDamage()
[18:25:30.488][INFO]: Modifying Attributes of: <item:apocalypsenow:pink_balaclava_helmet>.anyDamage()
[18:25:30.488][INFO]: Set the value of Max Damage on <item:apocalypsenow:pink_balaclava_helmet> to: '120'
[18:25:30.488][INFO]: Modifying Attributes of: <item:apocalypsenow:visor_helmet>.anyDamage()
[18:25:30.488][INFO]: Modifying Attributes of: <item:apocalypsenow:visor_helmet>.anyDamage()
[18:25:30.489][INFO]: Set the value of Max Damage on <item:apocalypsenow:visor_helmet> to: '120'
[18:25:30.489][INFO]: Modifying Attributes of: <item:alexsmobs:frontier_cap>.anyDamage()
[18:25:30.489][INFO]: Modifying Attributes of: <item:alexsmobs:frontier_cap>.anyDamage()
[18:25:30.489][INFO]: Set the value of Max Damage on <item:alexsmobs:frontier_cap> to: '135'
[18:25:30.489][INFO]: Modifying Attributes of: <item:alexsmobs:frontier_cap>.anyDamage()
[18:25:30.489][INFO]: Modifying Attributes of: <item:alexsmobs:frontier_cap>.anyDamage()
[18:25:30.489][INFO]: Modifying Attributes of: <item:alexsmobs:fedora>.anyDamage()
[18:25:30.489][INFO]: Modifying Attributes of: <item:alexsmobs:fedora>.anyDamage()
[18:25:30.489][INFO]: Set the value of Max Damage on <item:alexsmobs:fedora> to: '110'
[18:25:30.489][INFO]: Modifying Attributes of: <item:alexsmobs:fedora>.anyDamage()
[18:25:30.490][INFO]: Modifying Attributes of: <item:alexsmobs:fedora>.anyDamage()
[18:25:30.490][INFO]: Modifying Attributes of: <item:alexsmobs:froststalker_helmet>.anyDamage()
[18:25:30.490][INFO]: Modifying Attributes of: <item:alexsmobs:froststalker_helmet>.anyDamage()
[18:25:30.490][INFO]: Set the value of Max Damage on <item:alexsmobs:froststalker_helmet> to: '99'
[18:25:30.490][INFO]: Modifying Attributes of: <item:alexsmobs:froststalker_helmet>.anyDamage()
[18:25:30.490][INFO]: Modifying Attributes of: <item:alexsmobs:froststalker_helmet>.anyDamage()
[18:25:30.490][INFO]: Modifying Attributes of: <item:alexsmobs:roadrunner_boots>.anyDamage()
[18:25:30.490][INFO]: Modifying Attributes of: <item:alexsmobs:roadrunner_boots>.anyDamage()
[18:25:30.491][INFO]: Set the value of Max Damage on <item:alexsmobs:roadrunner_boots> to: '135'
[18:25:30.491][INFO]: Modifying Attributes of: <item:alexsmobs:crocodile_chestplate>.anyDamage()
[18:25:30.491][INFO]: Modifying Attributes of: <item:alexsmobs:crocodile_chestplate>.anyDamage()
[18:25:30.491][INFO]: Set the value of Max Damage on <item:alexsmobs:crocodile_chestplate> to: '253'
[18:25:30.491][INFO]: Modifying Attributes of: <item:alexsmobs:crocodile_chestplate>.anyDamage()
[18:25:30.491][INFO]: Modifying Attributes of: <item:alexsmobs:crocodile_chestplate>.anyDamage()
[18:25:30.491][INFO]: Modifying Attributes of: <item:alexsmobs:moose_headgear>.anyDamage()
[18:25:30.491][INFO]: Modifying Attributes of: <item:alexsmobs:moose_headgear>.anyDamage()
[18:25:30.491][INFO]: Set the value of Max Damage on <item:alexsmobs:moose_headgear> to: '222'
[18:25:30.491][INFO]: Modifying Attributes of: <item:alexsmobs:moose_headgear>.anyDamage()
[18:25:30.492][INFO]: Modifying Attributes of: <item:alexsmobs:moose_headgear>.anyDamage()
[18:25:30.492][INFO]: Modifying Attributes of: <item:alexsmobs:sombrero>.anyDamage()
[18:25:30.492][INFO]: Modifying Attributes of: <item:alexsmobs:sombrero>.anyDamage()
[18:25:30.492][INFO]: Set the value of Max Damage on <item:alexsmobs:sombrero> to: '135'
[18:25:30.492][INFO]: Modifying Attributes of: <item:alexsmobs:sombrero>.anyDamage()
[18:25:30.492][INFO]: Modifying Attributes of: <item:alexsmobs:sombrero>.anyDamage()
[18:25:30.492][INFO]: Modifying Attributes of: <item:minecraft:chainmail_helmet>.anyDamage()
[18:25:30.492][INFO]: Modifying Attributes of: <item:minecraft:chainmail_helmet>.anyDamage()
[18:25:30.492][INFO]: Set the value of Max Damage on <item:minecraft:chainmail_helmet> to: '165'
[18:25:30.493][INFO]: Modifying Attributes of: <item:minecraft:chainmail_chestplate>.anyDamage()
[18:25:30.493][INFO]: Modifying Attributes of: <item:minecraft:chainmail_chestplate>.anyDamage()
[18:25:30.493][INFO]: Set the value of Max Damage on <item:minecraft:chainmail_chestplate> to: '240'
[18:25:30.493][INFO]: Modifying Attributes of: <item:minecraft:chainmail_leggings>.anyDamage()
[18:25:30.493][INFO]: Modifying Attributes of: <item:minecraft:chainmail_leggings>.anyDamage()
[18:25:30.493][INFO]: Set the value of Max Damage on <item:minecraft:chainmail_leggings> to: '225'
[18:25:30.493][INFO]: Modifying Attributes of: <item:minecraft:chainmail_boots>.anyDamage()
[18:25:30.493][INFO]: Modifying Attributes of: <item:minecraft:chainmail_boots>.anyDamage()
[18:25:30.493][INFO]: Set the value of Max Damage on <item:minecraft:chainmail_boots> to: '195'
[18:25:30.493][INFO]: Modifying Attributes of: <item:minecraft:iron_helmet>.anyDamage()
[18:25:30.493][INFO]: Modifying Attributes of: <item:minecraft:iron_helmet>.anyDamage()
[18:25:30.493][INFO]: Set the value of Max Damage on <item:minecraft:iron_helmet> to: '165'
[18:25:30.494][INFO]: Modifying Attributes of: <item:minecraft:iron_chestplate>.anyDamage()
[18:25:30.494][INFO]: Modifying Attributes of: <item:minecraft:iron_chestplate>.anyDamage()
[18:25:30.494][INFO]: Set the value of Max Damage on <item:minecraft:iron_chestplate> to: '240'
[18:25:30.494][INFO]: Modifying Attributes of: <item:minecraft:iron_leggings>.anyDamage()
[18:25:30.494][INFO]: Modifying Attributes of: <item:minecraft:iron_leggings>.anyDamage()
[18:25:30.494][INFO]: Set the value of Max Damage on <item:minecraft:iron_leggings> to: '225'
[18:25:30.494][INFO]: Modifying Attributes of: <item:minecraft:iron_boots>.anyDamage()
[18:25:30.494][INFO]: Modifying Attributes of: <item:minecraft:iron_boots>.anyDamage()
[18:25:30.494][INFO]: Set the value of Max Damage on <item:minecraft:iron_boots> to: '195'
[18:25:30.494][INFO]: Modifying Attributes of: <item:apocalypsenow:construction_helmet>.anyDamage()
[18:25:30.494][INFO]: Modifying Attributes of: <item:apocalypsenow:construction_helmet>.anyDamage()
[18:25:30.495][INFO]: Set the value of Max Damage on <item:apocalypsenow:construction_helmet> to: '180'
[18:25:30.495][INFO]: Modifying Attributes of: <item:apocalypsenow:construction_chestplate>.anyDamage()
[18:25:30.495][INFO]: Modifying Attributes of: <item:apocalypsenow:construction_chestplate>.anyDamage()
[18:25:30.495][INFO]: Set the value of Max Damage on <item:apocalypsenow:construction_chestplate> to: '255'
[18:25:30.495][INFO]: Modifying Attributes of: <item:apocalypsenow:construction_leggings>.anyDamage()
[18:25:30.495][INFO]: Modifying Attributes of: <item:apocalypsenow:construction_leggings>.anyDamage()
[18:25:30.495][INFO]: Set the value of Max Damage on <item:apocalypsenow:construction_leggings> to: '240'
[18:25:30.495][INFO]: Modifying Attributes of: <item:apocalypsenow:construction_boots>.anyDamage()
[18:25:30.495][INFO]: Modifying Attributes of: <item:apocalypsenow:construction_boots>.anyDamage()
[18:25:30.495][INFO]: Set the value of Max Damage on <item:apocalypsenow:construction_boots> to: '210'
[18:25:30.496][INFO]: Modifying Attributes of: <item:apocalypsenow:yellow_football_armor_helmet>.anyDamage()
[18:25:30.496][INFO]: Modifying Attributes of: <item:apocalypsenow:yellow_football_armor_helmet>.anyDamage()
[18:25:30.496][INFO]: Set the value of Max Damage on <item:apocalypsenow:yellow_football_armor_helmet> to: '165'
[18:25:30.496][INFO]: Modifying Attributes of: <item:apocalypsenow:yellow_football_armor_chestplate>.anyDamage()
[18:25:30.496][INFO]: Modifying Attributes of: <item:apocalypsenow:yellow_football_armor_chestplate>.anyDamage()
[18:25:30.496][INFO]: Set the value of Max Damage on <item:apocalypsenow:yellow_football_armor_chestplate> to: '240'
[18:25:30.496][INFO]: Modifying Attributes of: <item:apocalypsenow:yellow_football_armor_leggings>.anyDamage()
[18:25:30.496][INFO]: Modifying Attributes of: <item:apocalypsenow:yellow_football_armor_leggings>.anyDamage()
[18:25:30.496][INFO]: Set the value of Max Damage on <item:apocalypsenow:yellow_football_armor_leggings> to: '225'
[18:25:30.497][INFO]: Modifying Attributes of: <item:apocalypsenow:yellow_football_armor_boots>.anyDamage()
[18:25:30.497][INFO]: Modifying Attributes of: <item:apocalypsenow:yellow_football_armor_boots>.anyDamage()
[18:25:30.497][INFO]: Set the value of Max Damage on <item:apocalypsenow:yellow_football_armor_boots> to: '195'
[18:25:30.497][INFO]: Modifying Attributes of: <item:apocalypsenow:red_football_armor_helmet>.anyDamage()
[18:25:30.497][INFO]: Modifying Attributes of: <item:apocalypsenow:red_football_armor_helmet>.anyDamage()
[18:25:30.497][INFO]: Set the value of Max Damage on <item:apocalypsenow:red_football_armor_helmet> to: '165'
[18:25:30.497][INFO]: Modifying Attributes of: <item:apocalypsenow:red_football_armor_chestplate>.anyDamage()
[18:25:30.497][INFO]: Modifying Attributes of: <item:apocalypsenow:red_football_armor_chestplate>.anyDamage()
[18:25:30.497][INFO]: Set the value of Max Damage on <item:apocalypsenow:red_football_armor_chestplate> to: '240'
[18:25:30.497][INFO]: Modifying Attributes of: <item:apocalypsenow:red_football_armor_leggings>.anyDamage()
[18:25:30.498][INFO]: Modifying Attributes of: <item:apocalypsenow:red_football_armor_leggings>.anyDamage()
[18:25:30.498][INFO]: Set the value of Max Damage on <item:apocalypsenow:red_football_armor_leggings> to: '225'
[18:25:30.498][INFO]: Modifying Attributes of: <item:apocalypsenow:red_football_armor_boots>.anyDamage()
[18:25:30.498][INFO]: Modifying Attributes of: <item:apocalypsenow:red_football_armor_boots>.anyDamage()
[18:25:30.498][INFO]: Set the value of Max Damage on <item:apocalypsenow:red_football_armor_boots> to: '195'
[18:25:30.498][INFO]: Modifying Attributes of: <item:apocalypsenow:black_football_armor_helmet>.anyDamage()
[18:25:30.498][INFO]: Modifying Attributes of: <item:apocalypsenow:black_football_armor_helmet>.anyDamage()
[18:25:30.498][INFO]: Set the value of Max Damage on <item:apocalypsenow:black_football_armor_helmet> to: '165'
[18:25:30.498][INFO]: Modifying Attributes of: <item:apocalypsenow:black_football_armor_chestplate>.anyDamage()
[18:25:30.498][INFO]: Modifying Attributes of: <item:apocalypsenow:black_football_armor_chestplate>.anyDamage()
[18:25:30.498][INFO]: Set the value of Max Damage on <item:apocalypsenow:black_football_armor_chestplate> to: '240'
[18:25:30.499][INFO]: Modifying Attributes of: <item:apocalypsenow:black_football_armor_leggings>.anyDamage()
[18:25:30.499][INFO]: Modifying Attributes of: <item:apocalypsenow:black_football_armor_leggings>.anyDamage()
[18:25:30.499][INFO]: Set the value of Max Damage on <item:apocalypsenow:black_football_armor_leggings> to: '225'
[18:25:30.499][INFO]: Modifying Attributes of: <item:apocalypsenow:black_football_armor_boots>.anyDamage()
[18:25:30.499][INFO]: Modifying Attributes of: <item:apocalypsenow:black_football_armor_boots>.anyDamage()
[18:25:30.499][INFO]: Set the value of Max Damage on <item:apocalypsenow:black_football_armor_boots> to: '195'
[18:25:30.499][INFO]: Modifying Attributes of: <item:apocalypsenow:blue_football_armor_helmet>.anyDamage()
[18:25:30.499][INFO]: Modifying Attributes of: <item:apocalypsenow:blue_football_armor_helmet>.anyDamage()
[18:25:30.499][INFO]: Set the value of Max Damage on <item:apocalypsenow:blue_football_armor_helmet> to: '165'
[18:25:30.499][INFO]: Modifying Attributes of: <item:apocalypsenow:blue_football_armor_chestplate>.anyDamage()
[18:25:30.499][INFO]: Modifying Attributes of: <item:apocalypsenow:blue_football_armor_chestplate>.anyDamage()
[18:25:30.499][INFO]: Set the value of Max Damage on <item:apocalypsenow:blue_football_armor_chestplate> to: '240'
[18:25:30.499][INFO]: Modifying Attributes of: <item:apocalypsenow:blue_football_armor_leggings>.anyDamage()
[18:25:30.499][INFO]: Modifying Attributes of: <item:apocalypsenow:blue_football_armor_leggings>.anyDamage()
[18:25:30.499][INFO]: Set the value of Max Damage on <item:apocalypsenow:blue_football_armor_leggings> to: '225'
[18:25:30.499][INFO]: Modifying Attributes of: <item:apocalypsenow:blue_football_armor_boots>.anyDamage()
[18:25:30.499][INFO]: Modifying Attributes of: <item:apocalypsenow:blue_football_armor_boots>.anyDamage()
[18:25:30.500][INFO]: Set the value of Max Damage on <item:apocalypsenow:blue_football_armor_boots> to: '195'
[18:25:30.500][INFO]: Modifying Attributes of: <item:apocalypsenow:red_fighting_helmet>.anyDamage()
[18:25:30.500][INFO]: Modifying Attributes of: <item:apocalypsenow:red_fighting_helmet>.anyDamage()
[18:25:30.500][INFO]: Set the value of Max Damage on <item:apocalypsenow:red_fighting_helmet> to: '165'
[18:25:30.500][INFO]: Modifying Attributes of: <item:apocalypsenow:red_fighting_helmet>.anyDamage()
[18:25:30.500][INFO]: Modifying Attributes of: <item:apocalypsenow:red_fighting_helmet>.anyDamage()
[18:25:30.500][INFO]: Modifying Attributes of: <item:apocalypsenow:red_fighting_chestplate>.anyDamage()
[18:25:30.500][INFO]: Modifying Attributes of: <item:apocalypsenow:red_fighting_chestplate>.anyDamage()
[18:25:30.500][INFO]: Set the value of Max Damage on <item:apocalypsenow:red_fighting_chestplate> to: '240'
[18:25:30.500][INFO]: Modifying Attributes of: <item:apocalypsenow:red_fighting_chestplate>.anyDamage()
[18:25:30.500][INFO]: Modifying Attributes of: <item:apocalypsenow:red_fighting_chestplate>.anyDamage()
[18:25:30.500][INFO]: Modifying Attributes of: <item:apocalypsenow:red_fighting_leggings>.anyDamage()
[18:25:30.500][INFO]: Modifying Attributes of: <item:apocalypsenow:red_fighting_leggings>.anyDamage()
[18:25:30.500][INFO]: Set the value of Max Damage on <item:apocalypsenow:red_fighting_leggings> to: '225'
[18:25:30.500][INFO]: Modifying Attributes of: <item:apocalypsenow:red_fighting_leggings>.anyDamage()
[18:25:30.500][INFO]: Modifying Attributes of: <item:apocalypsenow:red_fighting_leggings>.anyDamage()
[18:25:30.501][INFO]: Modifying Attributes of: <item:apocalypsenow:blue_fighting_helmet>.anyDamage()
[18:25:30.501][INFO]: Modifying Attributes of: <item:apocalypsenow:blue_fighting_helmet>.anyDamage()
[18:25:30.501][INFO]: Set the value of Max Damage on <item:apocalypsenow:blue_fighting_helmet> to: '165'
[18:25:30.501][INFO]: Modifying Attributes of: <item:apocalypsenow:blue_fighting_helmet>.anyDamage()
[18:25:30.501][INFO]: Modifying Attributes of: <item:apocalypsenow:blue_fighting_helmet>.anyDamage()
[18:25:30.501][INFO]: Modifying Attributes of: <item:apocalypsenow:blue_fighting_chestplate>.anyDamage()
[18:25:30.501][INFO]: Modifying Attributes of: <item:apocalypsenow:blue_fighting_chestplate>.anyDamage()
[18:25:30.501][INFO]: Set the value of Max Damage on <item:apocalypsenow:blue_fighting_chestplate> to: '240'
[18:25:30.501][INFO]: Modifying Attributes of: <item:apocalypsenow:blue_fighting_chestplate>.anyDamage()
[18:25:30.501][INFO]: Modifying Attributes of: <item:apocalypsenow:blue_fighting_chestplate>.anyDamage()
[18:25:30.502][INFO]: Modifying Attributes of: <item:apocalypsenow:blue_fighting_leggings>.anyDamage()
[18:25:30.502][INFO]: Modifying Attributes of: <item:apocalypsenow:blue_fighting_leggings>.anyDamage()
[18:25:30.502][INFO]: Set the value of Max Damage on <item:apocalypsenow:blue_fighting_leggings> to: '225'
[18:25:30.502][INFO]: Modifying Attributes of: <item:apocalypsenow:blue_fighting_leggings>.anyDamage()
[18:25:30.502][INFO]: Modifying Attributes of: <item:apocalypsenow:blue_fighting_leggings>.anyDamage()
[18:25:30.502][INFO]: Modifying Attributes of: <item:apocalypsenow:hazmat_suit_helmet>.anyDamage()
[18:25:30.502][INFO]: Modifying Attributes of: <item:apocalypsenow:hazmat_suit_helmet>.anyDamage()
[18:25:30.502][INFO]: Set the value of Max Damage on <item:apocalypsenow:hazmat_suit_helmet> to: '250'
[18:25:30.502][INFO]: Modifying Attributes of: <item:apocalypsenow:hazmat_suit_chestplate>.anyDamage()
[18:25:30.502][INFO]: Modifying Attributes of: <item:apocalypsenow:hazmat_suit_chestplate>.anyDamage()
[18:25:30.502][INFO]: Set the value of Max Damage on <item:apocalypsenow:hazmat_suit_chestplate> to: '240'
[18:25:30.502][INFO]: Modifying Attributes of: <item:apocalypsenow:hazmat_suit_leggings>.anyDamage()
[18:25:30.502][INFO]: Modifying Attributes of: <item:apocalypsenow:hazmat_suit_leggings>.anyDamage()
[18:25:30.502][INFO]: Set the value of Max Damage on <item:apocalypsenow:hazmat_suit_leggings> to: '225'
[18:25:30.503][INFO]: Modifying Attributes of: <item:apocalypsenow:hazmat_suit_boots>.anyDamage()
[18:25:30.503][INFO]: Modifying Attributes of: <item:apocalypsenow:hazmat_suit_boots>.anyDamage()
[18:25:30.503][INFO]: Set the value of Max Damage on <item:apocalypsenow:hazmat_suit_boots> to: '195'
[18:25:30.503][INFO]: Modifying Attributes of: <item:apocalypsenow:army_helmet>.anyDamage()
[18:25:30.503][INFO]: Modifying Attributes of: <item:apocalypsenow:army_helmet>.anyDamage()
[18:25:30.503][INFO]: Set the value of Max Damage on <item:apocalypsenow:army_helmet> to: '165'
[18:25:30.503][INFO]: Modifying Attributes of: <item:apocalypsenow:army_chestplate>.anyDamage()
[18:25:30.503][INFO]: Modifying Attributes of: <item:apocalypsenow:army_chestplate>.anyDamage()
[18:25:30.503][INFO]: Set the value of Max Damage on <item:apocalypsenow:army_chestplate> to: '240'
[18:25:30.503][INFO]: Modifying Attributes of: <item:apocalypsenow:army_leggings>.anyDamage()
[18:25:30.503][INFO]: Modifying Attributes of: <item:apocalypsenow:army_leggings>.anyDamage()
[18:25:30.503][INFO]: Set the value of Max Damage on <item:apocalypsenow:army_leggings> to: '225'
[18:25:30.503][INFO]: Modifying Attributes of: <item:apocalypsenow:army_boots>.anyDamage()
[18:25:30.503][INFO]: Modifying Attributes of: <item:apocalypsenow:army_boots>.anyDamage()
[18:25:30.504][INFO]: Set the value of Max Damage on <item:apocalypsenow:army_boots> to: '195'
[18:25:30.504][INFO]: Modifying Attributes of: <item:apocalypsenow:royal_canada_police_officer_helmet>.anyDamage()
[18:25:30.504][INFO]: Modifying Attributes of: <item:apocalypsenow:royal_canada_police_officer_helmet>.anyDamage()
[18:25:30.504][INFO]: Set the value of Max Damage on <item:apocalypsenow:royal_canada_police_officer_helmet> to: '165'
[18:25:30.504][INFO]: Modifying Attributes of: <item:apocalypsenow:royal_canada_police_officer_chestplate>.anyDamage()
[18:25:30.504][INFO]: Modifying Attributes of: <item:apocalypsenow:royal_canada_police_officer_chestplate>.anyDamage()
[18:25:30.504][INFO]: Set the value of Max Damage on <item:apocalypsenow:royal_canada_police_officer_chestplate> to: '240'
[18:25:30.504][INFO]: Modifying Attributes of: <item:apocalypsenow:royal_canada_police_officer_leggings>.anyDamage()
[18:25:30.504][INFO]: Modifying Attributes of: <item:apocalypsenow:royal_canada_police_officer_leggings>.anyDamage()
[18:25:30.504][INFO]: Set the value of Max Damage on <item:apocalypsenow:royal_canada_police_officer_leggings> to: '225'
[18:25:30.504][INFO]: Modifying Attributes of: <item:apocalypsenow:royal_canada_police_officer_boots>.anyDamage()
[18:25:30.504][INFO]: Modifying Attributes of: <item:apocalypsenow:royal_canada_police_officer_boots>.anyDamage()
[18:25:30.504][INFO]: Set the value of Max Damage on <item:apocalypsenow:royal_canada_police_officer_boots> to: '195'
[18:25:30.504][INFO]: Modifying Attributes of: <item:create_sa:copper_exoskeleton_chestplate>.anyDamage()
[18:25:30.505][INFO]: Modifying Attributes of: <item:create_sa:copper_exoskeleton_chestplate>.anyDamage()
[18:25:30.505][INFO]: Set the value of Max Damage on <item:create_sa:copper_exoskeleton_chestplate> to: '280'
[18:25:30.505][INFO]: Modifying Attributes of: <item:create_sa:andesite_exoskeleton_chestplate>.anyDamage()
[18:25:30.505][INFO]: Modifying Attributes of: <item:create_sa:andesite_exoskeleton_chestplate>.anyDamage()
[18:25:30.505][INFO]: Set the value of Max Damage on <item:create_sa:andesite_exoskeleton_chestplate> to: '280'
[18:25:30.505][INFO]: Modifying Attributes of: <item:apocalypsenow:red_bikers_helmet>.anyDamage()
[18:25:30.505][INFO]: Modifying Attributes of: <item:apocalypsenow:red_bikers_helmet>.anyDamage()
[18:25:30.505][INFO]: Set the value of Max Damage on <item:apocalypsenow:red_bikers_helmet> to: '195'
[18:25:30.505][INFO]: Modifying Attributes of: <item:apocalypsenow:black_bikers_helmet>.anyDamage()
[18:25:30.505][INFO]: Modifying Attributes of: <item:apocalypsenow:black_bikers_helmet>.anyDamage()
[18:25:30.505][INFO]: Set the value of Max Damage on <item:apocalypsenow:black_bikers_helmet> to: '195'
[18:25:30.505][INFO]: Modifying Attributes of: <item:apocalypsenow:green_bikers_helmet>.anyDamage()
[18:25:30.505][INFO]: Modifying Attributes of: <item:apocalypsenow:green_bikers_helmet>.anyDamage()
[18:25:30.505][INFO]: Set the value of Max Damage on <item:apocalypsenow:green_bikers_helmet> to: '195'
[18:25:30.505][INFO]: Modifying Attributes of: <item:apocalypsenow:pink_bikers_helmet>.anyDamage()
[18:25:30.506][INFO]: Modifying Attributes of: <item:apocalypsenow:pink_bikers_helmet>.anyDamage()
[18:25:30.506][INFO]: Set the value of Max Damage on <item:apocalypsenow:pink_bikers_helmet> to: '195'
[18:25:30.506][INFO]: Modifying Attributes of: <item:apocalypsenow:bikers_helmet>.anyDamage()
[18:25:30.506][INFO]: Modifying Attributes of: <item:apocalypsenow:bikers_helmet>.anyDamage()
[18:25:30.506][INFO]: Set the value of Max Damage on <item:apocalypsenow:bikers_helmet> to: '195'
[18:25:30.506][INFO]: Modifying Attributes of: <item:apocalypsenow:baseball_helmet_helmet>.anyDamage()
[18:25:30.506][INFO]: Modifying Attributes of: <item:apocalypsenow:baseball_helmet_helmet>.anyDamage()
[18:25:30.506][INFO]: Set the value of Max Damage on <item:apocalypsenow:baseball_helmet_helmet> to: '195'
[18:25:30.506][INFO]: Modifying Attributes of: <item:apocalypsenow:hockey_helmet>.anyDamage()
[18:25:30.506][INFO]: Modifying Attributes of: <item:apocalypsenow:hockey_helmet>.anyDamage()
[18:25:30.506][INFO]: Set the value of Max Damage on <item:apocalypsenow:hockey_helmet> to: '195'
[18:25:30.507][INFO]: Modifying Attributes of: <item:apocalypsenow:black_motorcycle_helmet_helmet>.anyDamage()
[18:25:30.507][INFO]: Modifying Attributes of: <item:apocalypsenow:black_motorcycle_helmet_helmet>.anyDamage()
[18:25:30.507][INFO]: Set the value of Max Damage on <item:apocalypsenow:black_motorcycle_helmet_helmet> to: '195'
[18:25:30.507][INFO]: Modifying Attributes of: <item:apocalypsenow:red_motorcycle_helmet_helmet>.anyDamage()
[18:25:30.507][INFO]: Modifying Attributes of: <item:apocalypsenow:red_motorcycle_helmet_helmet>.anyDamage()
[18:25:30.507][INFO]: Set the value of Max Damage on <item:apocalypsenow:red_motorcycle_helmet_helmet> to: '195'
[18:25:30.507][INFO]: Modifying Attributes of: <item:apocalypsenow:bluemotorcyclehelmet_helmet>.anyDamage()
[18:25:30.507][INFO]: Modifying Attributes of: <item:apocalypsenow:bluemotorcyclehelmet_helmet>.anyDamage()
[18:25:30.507][INFO]: Set the value of Max Damage on <item:apocalypsenow:bluemotorcyclehelmet_helmet> to: '195'
[18:25:30.507][INFO]: Modifying Attributes of: <item:apocalypsenow:gasmask_helmet>.anyDamage()
[18:25:30.507][INFO]: Modifying Attributes of: <item:apocalypsenow:gasmask_helmet>.anyDamage()
[18:25:30.507][INFO]: Set the value of Max Damage on <item:apocalypsenow:gasmask_helmet> to: '150'
[18:25:30.508][INFO]: Modifying Attributes of: <item:apocalypsenow:officer_helmet>.anyDamage()
[18:25:30.508][INFO]: Modifying Attributes of: <item:apocalypsenow:officer_helmet>.anyDamage()
[18:25:30.508][INFO]: Set the value of Max Damage on <item:apocalypsenow:officer_helmet> to: '231'
[18:25:30.508][INFO]: Modifying Attributes of: <item:apocalypsenow:officer_helmet>.anyDamage()
[18:25:30.508][INFO]: Modifying Attributes of: <item:apocalypsenow:officer_helmet>.anyDamage()
[18:25:30.508][INFO]: Modifying Attributes of: <item:create_sa:copper_jetpack_chestplate>.anyDamage()
[18:25:30.508][INFO]: Modifying Attributes of: <item:create_sa:copper_jetpack_chestplate>.anyDamage()
[18:25:30.508][INFO]: Set the value of Max Damage on <item:create_sa:copper_jetpack_chestplate> to: '280'
[18:25:30.508][INFO]: Modifying Attributes of: <item:create_sa:andesite_jetpack_chestplate>.anyDamage()
[18:25:30.508][INFO]: Modifying Attributes of: <item:create_sa:andesite_jetpack_chestplate>.anyDamage()
[18:25:30.508][INFO]: Set the value of Max Damage on <item:create_sa:andesite_jetpack_chestplate> to: '280'
[18:25:30.509][INFO]: Modifying Attributes of: <item:create_sa:copper_helmet>.anyDamage()
[18:25:30.509][INFO]: Modifying Attributes of: <item:create_sa:copper_helmet>.anyDamage()
[18:25:30.509][INFO]: Set the value of Max Damage on <item:create_sa:copper_helmet> to: '165'
[18:25:30.509][INFO]: Modifying Attributes of: <item:create_sa:copper_chestplate>.anyDamage()
[18:25:30.509][INFO]: Modifying Attributes of: <item:create_sa:copper_chestplate>.anyDamage()
[18:25:30.509][INFO]: Set the value of Max Damage on <item:create_sa:copper_chestplate> to: '240'
[18:25:30.509][INFO]: Modifying Attributes of: <item:create_sa:copper_leggings>.anyDamage()
[18:25:30.509][INFO]: Modifying Attributes of: <item:create_sa:copper_leggings>.anyDamage()
[18:25:30.509][INFO]: Set the value of Max Damage on <item:create_sa:copper_leggings> to: '225'
[18:25:30.509][INFO]: Modifying Attributes of: <item:create_sa:copper_boots>.anyDamage()
[18:25:30.509][INFO]: Modifying Attributes of: <item:create_sa:copper_boots>.anyDamage()
[18:25:30.509][INFO]: Set the value of Max Damage on <item:create_sa:copper_boots> to: '195'
[18:25:30.509][INFO]: Modifying Attributes of: <item:create_sa:zinc_helmet>.anyDamage()
[18:25:30.510][INFO]: Modifying Attributes of: <item:create_sa:zinc_helmet>.anyDamage()
[18:25:30.510][INFO]: Set the value of Max Damage on <item:create_sa:zinc_helmet> to: '165'
[18:25:30.510][INFO]: Modifying Attributes of: <item:create_sa:zinc_chestplate>.anyDamage()
[18:25:30.510][INFO]: Modifying Attributes of: <item:create_sa:zinc_chestplate>.anyDamage()
[18:25:30.510][INFO]: Set the value of Max Damage on <item:create_sa:zinc_chestplate> to: '240'
[18:25:30.510][INFO]: Modifying Attributes of: <item:create_sa:zinc_leggings>.anyDamage()
[18:25:30.510][INFO]: Modifying Attributes of: <item:create_sa:zinc_leggings>.anyDamage()
[18:25:30.510][INFO]: Set the value of Max Damage on <item:create_sa:zinc_leggings> to: '225'
[18:25:30.510][INFO]: Modifying Attributes of: <item:create_sa:zinc_boots>.anyDamage()
[18:25:30.510][INFO]: Modifying Attributes of: <item:create_sa:zinc_boots>.anyDamage()
[18:25:30.511][INFO]: Set the value of Max Damage on <item:create_sa:zinc_boots> to: '195'
[18:25:30.511][INFO]: Modifying Attributes of: <item:apocalypsenow:u_sarmy_helmet>.anyDamage()
[18:25:30.512][INFO]: Modifying Attributes of: <item:apocalypsenow:u_sarmy_helmet>.anyDamage()
[18:25:30.512][INFO]: Set the value of Max Damage on <item:apocalypsenow:u_sarmy_helmet> to: '363'
[18:25:30.512][INFO]: Modifying Attributes of: <item:apocalypsenow:u_sarmy_helmet>.anyDamage()
[18:25:30.512][INFO]: Modifying Attributes of: <item:apocalypsenow:u_sarmy_helmet>.anyDamage()
[18:25:30.512][INFO]: Modifying Attributes of: <item:apocalypsenow:u_sarmy_chestplate>.anyDamage()
[18:25:30.512][INFO]: Modifying Attributes of: <item:apocalypsenow:u_sarmy_chestplate>.anyDamage()
[18:25:30.512][INFO]: Set the value of Max Damage on <item:apocalypsenow:u_sarmy_chestplate> to: '528'
[18:25:30.512][INFO]: Modifying Attributes of: <item:apocalypsenow:u_sarmy_chestplate>.anyDamage()
[18:25:30.512][INFO]: Modifying Attributes of: <item:apocalypsenow:u_sarmy_chestplate>.anyDamage()
[18:25:30.512][INFO]: Modifying Attributes of: <item:apocalypsenow:u_sarmy_leggings>.anyDamage()
[18:25:30.512][INFO]: Modifying Attributes of: <item:apocalypsenow:u_sarmy_leggings>.anyDamage()
[18:25:30.512][INFO]: Set the value of Max Damage on <item:apocalypsenow:u_sarmy_leggings> to: '495'
[18:25:30.512][INFO]: Modifying Attributes of: <item:apocalypsenow:u_sarmy_leggings>.anyDamage()
[18:25:30.512][INFO]: Modifying Attributes of: <item:apocalypsenow:u_sarmy_leggings>.anyDamage()
[18:25:30.512][INFO]: Modifying Attributes of: <item:apocalypsenow:u_sarmy_boots>.anyDamage()
[18:25:30.512][INFO]: Modifying Attributes of: <item:apocalypsenow:u_sarmy_boots>.anyDamage()
[18:25:30.512][INFO]: Set the value of Max Damage on <item:apocalypsenow:u_sarmy_boots> to: '429'
[18:25:30.512][INFO]: Modifying Attributes of: <item:apocalypsenow:u_sarmy_boots>.anyDamage()
[18:25:30.512][INFO]: Modifying Attributes of: <item:apocalypsenow:u_sarmy_boots>.anyDamage()
[18:25:30.513][INFO]: Modifying Attributes of: <item:apocalypsenow:canadian_army_helmet>.anyDamage()
[18:25:30.513][INFO]: Modifying Attributes of: <item:apocalypsenow:canadian_army_helmet>.anyDamage()
[18:25:30.513][INFO]: Set the value of Max Damage on <item:apocalypsenow:canadian_army_helmet> to: '363'
[18:25:30.513][INFO]: Modifying Attributes of: <item:apocalypsenow:canadian_army_helmet>.anyDamage()
[18:25:30.513][INFO]: Modifying Attributes of: <item:apocalypsenow:canadian_army_helmet>.anyDamage()
[18:25:30.513][INFO]: Modifying Attributes of: <item:apocalypsenow:canadian_army_chestplate>.anyDamage()
[18:25:30.513][INFO]: Modifying Attributes of: <item:apocalypsenow:canadian_army_chestplate>.anyDamage()
[18:25:30.513][INFO]: Set the value of Max Damage on <item:apocalypsenow:canadian_army_chestplate> to: '528'
[18:25:30.513][INFO]: Modifying Attributes of: <item:apocalypsenow:canadian_army_chestplate>.anyDamage()
[18:25:30.513][INFO]: Modifying Attributes of: <item:apocalypsenow:canadian_army_chestplate>.anyDamage()
[18:25:30.513][INFO]: Modifying Attributes of: <item:apocalypsenow:canadian_army_leggings>.anyDamage()
[18:25:30.513][INFO]: Modifying Attributes of: <item:apocalypsenow:canadian_army_leggings>.anyDamage()
[18:25:30.513][INFO]: Set the value of Max Damage on <item:apocalypsenow:canadian_army_leggings> to: '495'
[18:25:30.513][INFO]: Modifying Attributes of: <item:apocalypsenow:canadian_army_leggings>.anyDamage()
[18:25:30.513][INFO]: Modifying Attributes of: <item:apocalypsenow:canadian_army_leggings>.anyDamage()
[18:25:30.513][INFO]: Modifying Attributes of: <item:apocalypsenow:canadian_army_boots>.anyDamage()
[18:25:30.513][INFO]: Modifying Attributes of: <item:apocalypsenow:canadian_army_boots>.anyDamage()
[18:25:30.513][INFO]: Set the value of Max Damage on <item:apocalypsenow:canadian_army_boots> to: '429'
[18:25:30.514][INFO]: Modifying Attributes of: <item:apocalypsenow:canadian_army_boots>.anyDamage()
[18:25:30.514][INFO]: Modifying Attributes of: <item:apocalypsenow:canadian_army_boots>.anyDamage()
[18:25:30.514][INFO]: Modifying Attributes of: <item:apocalypsenow:mexican_army_helmet>.anyDamage()
[18:25:30.514][INFO]: Modifying Attributes of: <item:apocalypsenow:mexican_army_helmet>.anyDamage()
[18:25:30.514][INFO]: Set the value of Max Damage on <item:apocalypsenow:mexican_army_helmet> to: '363'
[18:25:30.514][INFO]: Modifying Attributes of: <item:apocalypsenow:mexican_army_helmet>.anyDamage()
[18:25:30.514][INFO]: Modifying Attributes of: <item:apocalypsenow:mexican_army_helmet>.anyDamage()
[18:25:30.514][INFO]: Modifying Attributes of: <item:apocalypsenow:mexican_army_chestplate>.anyDamage()
[18:25:30.514][INFO]: Modifying Attributes of: <item:apocalypsenow:mexican_army_chestplate>.anyDamage()
[18:25:30.514][INFO]: Set the value of Max Damage on <item:apocalypsenow:mexican_army_chestplate> to: '528'
[18:25:30.515][INFO]: Modifying Attributes of: <item:apocalypsenow:mexican_army_chestplate>.anyDamage()
[18:25:30.515][INFO]: Modifying Attributes of: <item:apocalypsenow:mexican_army_chestplate>.anyDamage()
[18:25:30.515][INFO]: Modifying Attributes of: <item:apocalypsenow:mexican_army_leggings>.anyDamage()
[18:25:30.515][INFO]: Modifying Attributes of: <item:apocalypsenow:mexican_army_leggings>.anyDamage()
[18:25:30.515][INFO]: Set the value of Max Damage on <item:apocalypsenow:mexican_army_leggings> to: '495'
[18:25:30.515][INFO]: Modifying Attributes of: <item:apocalypsenow:mexican_army_leggings>.anyDamage()
[18:25:30.515][INFO]: Modifying Attributes of: <item:apocalypsenow:mexican_army_leggings>.anyDamage()
[18:25:30.515][INFO]: Modifying Attributes of: <item:apocalypsenow:mexican_army_boots>.anyDamage()
[18:25:30.515][INFO]: Modifying Attributes of: <item:apocalypsenow:mexican_army_boots>.anyDamage()
[18:25:30.515][INFO]: Set the value of Max Damage on <item:apocalypsenow:mexican_army_boots> to: '429'
[18:25:30.515][INFO]: Modifying Attributes of: <item:apocalypsenow:mexican_army_boots>.anyDamage()
[18:25:30.515][INFO]: Modifying Attributes of: <item:apocalypsenow:mexican_army_boots>.anyDamage()
[18:25:30.515][INFO]: Modifying Attributes of: <item:apocalypsenow:chinese_army_helmet>.anyDamage()
[18:25:30.516][INFO]: Modifying Attributes of: <item:apocalypsenow:chinese_army_helmet>.anyDamage()
[18:25:30.516][INFO]: Set the value of Max Damage on <item:apocalypsenow:chinese_army_helmet> to: '363'
[18:25:30.516][INFO]: Modifying Attributes of: <item:apocalypsenow:chinese_army_helmet>.anyDamage()
[18:25:30.516][INFO]: Modifying Attributes of: <item:apocalypsenow:chinese_army_helmet>.anyDamage()
[18:25:30.516][INFO]: Modifying Attributes of: <item:apocalypsenow:chinese_army_chestplate>.anyDamage()
[18:25:30.516][INFO]: Modifying Attributes of: <item:apocalypsenow:chinese_army_chestplate>.anyDamage()
[18:25:30.516][INFO]: Set the value of Max Damage on <item:apocalypsenow:chinese_army_chestplate> to: '528'
[18:25:30.516][INFO]: Modifying Attributes of: <item:apocalypsenow:chinese_army_chestplate>.anyDamage()
[18:25:30.516][INFO]: Modifying Attributes of: <item:apocalypsenow:chinese_army_chestplate>.anyDamage()
[18:25:30.516][INFO]: Modifying Attributes of: <item:apocalypsenow:chinese_army_leggings>.anyDamage()
[18:25:30.516][INFO]: Modifying Attributes of: <item:apocalypsenow:chinese_army_leggings>.anyDamage()
[18:25:30.516][INFO]: Set the value of Max Damage on <item:apocalypsenow:chinese_army_leggings> to: '495'
[18:25:30.517][INFO]: Modifying Attributes of: <item:apocalypsenow:chinese_army_leggings>.anyDamage()
[18:25:30.517][INFO]: Modifying Attributes of: <item:apocalypsenow:chinese_army_leggings>.anyDamage()
[18:25:30.517][INFO]: Modifying Attributes of: <item:apocalypsenow:chinese_army_boots>.anyDamage()
[18:25:30.517][INFO]: Modifying Attributes of: <item:apocalypsenow:chinese_army_boots>.anyDamage()
[18:25:30.517][INFO]: Set the value of Max Damage on <item:apocalypsenow:chinese_army_boots> to: '429'
[18:25:30.517][INFO]: Modifying Attributes of: <item:apocalypsenow:chinese_army_boots>.anyDamage()
[18:25:30.517][INFO]: Modifying Attributes of: <item:apocalypsenow:chinese_army_boots>.anyDamage()
[18:25:30.517][INFO]: Modifying Attributes of: <item:apocalypsenow:russian_army_helmet>.anyDamage()
[18:25:30.517][INFO]: Modifying Attributes of: <item:apocalypsenow:russian_army_helmet>.anyDamage()
[18:25:30.517][INFO]: Set the value of Max Damage on <item:apocalypsenow:russian_army_helmet> to: '363'
[18:25:30.517][INFO]: Modifying Attributes of: <item:apocalypsenow:russian_army_helmet>.anyDamage()
[18:25:30.518][INFO]: Modifying Attributes of: <item:apocalypsenow:russian_army_helmet>.anyDamage()
[18:25:30.518][INFO]: Modifying Attributes of: <item:apocalypsenow:russian_army_chestplate>.anyDamage()
[18:25:30.518][INFO]: Modifying Attributes of: <item:apocalypsenow:russian_army_chestplate>.anyDamage()
[18:25:30.518][INFO]: Set the value of Max Damage on <item:apocalypsenow:russian_army_chestplate> to: '528'
[18:25:30.518][INFO]: Modifying Attributes of: <item:apocalypsenow:russian_army_chestplate>.anyDamage()
[18:25:30.518][INFO]: Modifying Attributes of: <item:apocalypsenow:russian_army_chestplate>.anyDamage()
[18:25:30.518][INFO]: Modifying Attributes of: <item:apocalypsenow:russian_army_leggings>.anyDamage()
[18:25:30.518][INFO]: Modifying Attributes of: <item:apocalypsenow:russian_army_leggings>.anyDamage()
[18:25:30.518][INFO]: Set the value of Max Damage on <item:apocalypsenow:russian_army_leggings> to: '495'
[18:25:30.519][INFO]: Modifying Attributes of: <item:apocalypsenow:russian_army_leggings>.anyDamage()
[18:25:30.519][INFO]: Modifying Attributes of: <item:apocalypsenow:russian_army_leggings>.anyDamage()
[18:25:30.519][INFO]: Modifying Attributes of: <item:apocalypsenow:russian_army_boots>.anyDamage()
[18:25:30.519][INFO]: Modifying Attributes of: <item:apocalypsenow:russian_army_boots>.anyDamage()
[18:25:30.519][INFO]: Set the value of Max Damage on <item:apocalypsenow:russian_army_boots> to: '429'
[18:25:30.519][INFO]: Modifying Attributes of: <item:apocalypsenow:russian_army_boots>.anyDamage()
[18:25:30.519][INFO]: Modifying Attributes of: <item:apocalypsenow:russian_army_boots>.anyDamage()
[18:25:30.519][INFO]: Modifying Attributes of: <item:apocalypsenow:japanese_army_helmet>.anyDamage()
[18:25:30.519][INFO]: Modifying Attributes of: <item:apocalypsenow:japanese_army_helmet>.anyDamage()
[18:25:30.519][INFO]: Set the value of Max Damage on <item:apocalypsenow:japanese_army_helmet> to: '363'
[18:25:30.520][INFO]: Modifying Attributes of: <item:apocalypsenow:japanese_army_helmet>.anyDamage()
[18:25:30.520][INFO]: Modifying Attributes of: <item:apocalypsenow:japanese_army_helmet>.anyDamage()
[18:25:30.520][INFO]: Modifying Attributes of: <item:apocalypsenow:japanese_army_chestplate>.anyDamage()
[18:25:30.520][INFO]: Modifying Attributes of: <item:apocalypsenow:japanese_army_chestplate>.anyDamage()
[18:25:30.520][INFO]: Set the value of Max Damage on <item:apocalypsenow:japanese_army_chestplate> to: '528'
[18:25:30.520][INFO]: Modifying Attributes of: <item:apocalypsenow:japanese_army_chestplate>.anyDamage()
[18:25:30.520][INFO]: Modifying Attributes of: <item:apocalypsenow:japanese_army_chestplate>.anyDamage()
[18:25:30.520][INFO]: Modifying Attributes of: <item:apocalypsenow:japanese_army_leggings>.anyDamage()
[18:25:30.520][INFO]: Modifying Attributes of: <item:apocalypsenow:japanese_army_leggings>.anyDamage()
[18:25:30.520][INFO]: Set the value of Max Damage on <item:apocalypsenow:japanese_army_leggings> to: '495'
[18:25:30.520][INFO]: Modifying Attributes of: <item:apocalypsenow:japanese_army_leggings>.anyDamage()
[18:25:30.521][INFO]: Modifying Attributes of: <item:apocalypsenow:japanese_army_leggings>.anyDamage()
[18:25:30.521][INFO]: Modifying Attributes of: <item:apocalypsenow:japanese_army_boots>.anyDamage()
[18:25:30.521][INFO]: Modifying Attributes of: <item:apocalypsenow:japanese_army_boots>.anyDamage()
[18:25:30.521][INFO]: Set the value of Max Damage on <item:apocalypsenow:japanese_army_boots> to: '429'
[18:25:30.521][INFO]: Modifying Attributes of: <item:apocalypsenow:japanese_army_boots>.anyDamage()
[18:25:30.521][INFO]: Modifying Attributes of: <item:apocalypsenow:japanese_army_boots>.anyDamage()
[18:25:30.521][INFO]: Modifying Attributes of: <item:apocalypsenow:british_army_helmet>.anyDamage()
[18:25:30.521][INFO]: Modifying Attributes of: <item:apocalypsenow:british_army_helmet>.anyDamage()
[18:25:30.521][INFO]: Set the value of Max Damage on <item:apocalypsenow:british_army_helmet> to: '363'
[18:25:30.521][INFO]: Modifying Attributes of: <item:apocalypsenow:british_army_helmet>.anyDamage()
[18:25:30.521][INFO]: Modifying Attributes of: <item:apocalypsenow:british_army_helmet>.anyDamage()
[18:25:30.521][INFO]: Modifying Attributes of: <item:apocalypsenow:british_army_chestplate>.anyDamage()
[18:25:30.521][INFO]: Modifying Attributes of: <item:apocalypsenow:british_army_chestplate>.anyDamage()
[18:25:30.521][INFO]: Set the value of Max Damage on <item:apocalypsenow:british_army_chestplate> to: '528'
[18:25:30.521][INFO]: Modifying Attributes of: <item:apocalypsenow:british_army_chestplate>.anyDamage()
[18:25:30.521][INFO]: Modifying Attributes of: <item:apocalypsenow:british_army_chestplate>.anyDamage()
[18:25:30.521][INFO]: Modifying Attributes of: <item:apocalypsenow:british_army_leggings>.anyDamage()
[18:25:30.521][INFO]: Modifying Attributes of: <item:apocalypsenow:british_army_leggings>.anyDamage()
[18:25:30.521][INFO]: Set the value of Max Damage on <item:apocalypsenow:british_army_leggings> to: '495'
[18:25:30.522][INFO]: Modifying Attributes of: <item:apocalypsenow:british_army_leggings>.anyDamage()
[18:25:30.522][INFO]: Modifying Attributes of: <item:apocalypsenow:british_army_leggings>.anyDamage()
[18:25:30.522][INFO]: Modifying Attributes of: <item:apocalypsenow:british_army_boots>.anyDamage()
[18:25:30.522][INFO]: Modifying Attributes of: <item:apocalypsenow:british_army_boots>.anyDamage()
[18:25:30.522][INFO]: Set the value of Max Damage on <item:apocalypsenow:british_army_boots> to: '429'
[18:25:30.522][INFO]: Modifying Attributes of: <item:apocalypsenow:british_army_boots>.anyDamage()
[18:25:30.522][INFO]: Modifying Attributes of: <item:apocalypsenow:british_army_boots>.anyDamage()
[18:25:30.522][INFO]: Modifying Attributes of: <item:apocalypsenow:usa_armor_helmet>.anyDamage()
[18:25:30.522][INFO]: Modifying Attributes of: <item:apocalypsenow:usa_armor_helmet>.anyDamage()
[18:25:30.522][INFO]: Set the value of Max Damage on <item:apocalypsenow:usa_armor_helmet> to: '363'
[18:25:30.523][INFO]: Modifying Attributes of: <item:apocalypsenow:usa_armor_helmet>.anyDamage()
[18:25:30.523][INFO]: Modifying Attributes of: <item:apocalypsenow:usa_armor_helmet>.anyDamage()
[18:25:30.523][INFO]: Modifying Attributes of: <item:apocalypsenow:usa_armor_chestplate>.anyDamage()
[18:25:30.523][INFO]: Modifying Attributes of: <item:apocalypsenow:usa_armor_chestplate>.anyDamage()
[18:25:30.523][INFO]: Set the value of Max Damage on <item:apocalypsenow:usa_armor_chestplate> to: '528'
[18:25:30.523][INFO]: Modifying Attributes of: <item:apocalypsenow:usa_armor_chestplate>.anyDamage()
[18:25:30.523][INFO]: Modifying Attributes of: <item:apocalypsenow:usa_armor_chestplate>.anyDamage()
[18:25:30.523][INFO]: Modifying Attributes of: <item:apocalypsenow:usa_armor_leggings>.anyDamage()
[18:25:30.523][INFO]: Modifying Attributes of: <item:apocalypsenow:usa_armor_leggings>.anyDamage()
[18:25:30.523][INFO]: Set the value of Max Damage on <item:apocalypsenow:usa_armor_leggings> to: '495'
[18:25:30.523][INFO]: Modifying Attributes of: <item:apocalypsenow:usa_armor_leggings>.anyDamage()
[18:25:30.523][INFO]: Modifying Attributes of: <item:apocalypsenow:usa_armor_leggings>.anyDamage()
[18:25:30.523][INFO]: Modifying Attributes of: <item:apocalypsenow:usa_armor_boots>.anyDamage()
[18:25:30.524][INFO]: Modifying Attributes of: <item:apocalypsenow:usa_armor_boots>.anyDamage()
[18:25:30.524][INFO]: Set the value of Max Damage on <item:apocalypsenow:usa_armor_boots> to: '429'
[18:25:30.524][INFO]: Modifying Attributes of: <item:apocalypsenow:usa_armor_boots>.anyDamage()
[18:25:30.524][INFO]: Modifying Attributes of: <item:apocalypsenow:usa_armor_boots>.anyDamage()
[18:25:30.524][INFO]: Modifying Attributes of: <item:apocalypsenow:italian_bersaglieri_army_helmet>.anyDamage()
[18:25:30.524][INFO]: Modifying Attributes of: <item:apocalypsenow:italian_bersaglieri_army_helmet>.anyDamage()
[18:25:30.524][INFO]: Set the value of Max Damage on <item:apocalypsenow:italian_bersaglieri_army_helmet> to: '363'
[18:25:30.524][INFO]: Modifying Attributes of: <item:apocalypsenow:italian_bersaglieri_army_helmet>.anyDamage()
[18:25:30.524][INFO]: Modifying Attributes of: <item:apocalypsenow:italian_bersaglieri_army_helmet>.anyDamage()
[18:25:30.524][INFO]: Modifying Attributes of: <item:apocalypsenow:italian_bersaglieri_army_chestplate>.anyDamage()
[18:25:30.524][INFO]: Modifying Attributes of: <item:apocalypsenow:italian_bersaglieri_army_chestplate>.anyDamage()
[18:25:30.525][INFO]: Set the value of Max Damage on <item:apocalypsenow:italian_bersaglieri_army_chestplate> to: '528'
[18:25:30.525][INFO]: Modifying Attributes of: <item:apocalypsenow:italian_bersaglieri_army_chestplate>.anyDamage()
[18:25:30.525][INFO]: Modifying Attributes of: <item:apocalypsenow:italian_bersaglieri_army_chestplate>.anyDamage()
[18:25:30.525][INFO]: Modifying Attributes of: <item:apocalypsenow:italian_bersaglieri_army_leggings>.anyDamage()
[18:25:30.525][INFO]: Modifying Attributes of: <item:apocalypsenow:italian_bersaglieri_army_leggings>.anyDamage()
[18:25:30.525][INFO]: Set the value of Max Damage on <item:apocalypsenow:italian_bersaglieri_army_leggings> to: '495'
[18:25:30.525][INFO]: Modifying Attributes of: <item:apocalypsenow:italian_bersaglieri_army_leggings>.anyDamage()
[18:25:30.525][INFO]: Modifying Attributes of: <item:apocalypsenow:italian_bersaglieri_army_leggings>.anyDamage()
[18:25:30.525][INFO]: Modifying Attributes of: <item:apocalypsenow:italian_bersaglieri_army_boots>.anyDamage()
[18:25:30.525][INFO]: Modifying Attributes of: <item:apocalypsenow:italian_bersaglieri_army_boots>.anyDamage()
[18:25:30.525][INFO]: Set the value of Max Damage on <item:apocalypsenow:italian_bersaglieri_army_boots> to: '429'
[18:25:30.525][INFO]: Modifying Attributes of: <item:apocalypsenow:italian_bersaglieri_army_boots>.anyDamage()
[18:25:30.525][INFO]: Modifying Attributes of: <item:apocalypsenow:italian_bersaglieri_army_boots>.anyDamage()
[18:25:30.526][INFO]: Modifying Attributes of: <item:apocalypsenow:brazilian_army_helmet>.anyDamage()
[18:25:30.526][INFO]: Modifying Attributes of: <item:apocalypsenow:brazilian_army_helmet>.anyDamage()
[18:25:30.526][INFO]: Set the value of Max Damage on <item:apocalypsenow:brazilian_army_helmet> to: '363'
[18:25:30.526][INFO]: Modifying Attributes of: <item:apocalypsenow:brazilian_army_helmet>.anyDamage()
[18:25:30.526][INFO]: Modifying Attributes of: <item:apocalypsenow:brazilian_army_helmet>.anyDamage()
[18:25:30.526][INFO]: Modifying Attributes of: <item:apocalypsenow:brazilian_army_chestplate>.anyDamage()
[18:25:30.526][INFO]: Modifying Attributes of: <item:apocalypsenow:brazilian_army_chestplate>.anyDamage()
[18:25:30.526][INFO]: Set the value of Max Damage on <item:apocalypsenow:brazilian_army_chestplate> to: '528'
[18:25:30.526][INFO]: Modifying Attributes of: <item:apocalypsenow:brazilian_army_chestplate>.anyDamage()
[18:25:30.526][INFO]: Modifying Attributes of: <item:apocalypsenow:brazilian_army_chestplate>.anyDamage()
[18:25:30.526][INFO]: Modifying Attributes of: <item:apocalypsenow:brazilian_army_leggings>.anyDamage()
[18:25:30.526][INFO]: Modifying Attributes of: <item:apocalypsenow:brazilian_army_leggings>.anyDamage()
[18:25:30.527][INFO]: Set the value of Max Damage on <item:apocalypsenow:brazilian_army_leggings> to: '495'
[18:25:30.527][INFO]: Modifying Attributes of: <item:apocalypsenow:brazilian_army_leggings>.anyDamage()
[18:25:30.527][INFO]: Modifying Attributes of: <item:apocalypsenow:brazilian_army_leggings>.anyDamage()
[18:25:30.527][INFO]: Modifying Attributes of: <item:apocalypsenow:brazilian_army_boots>.anyDamage()
[18:25:30.527][INFO]: Modifying Attributes of: <item:apocalypsenow:brazilian_army_boots>.anyDamage()
[18:25:30.527][INFO]: Set the value of Max Damage on <item:apocalypsenow:brazilian_army_boots> to: '429'
[18:25:30.527][INFO]: Modifying Attributes of: <item:apocalypsenow:brazilian_army_boots>.anyDamage()
[18:25:30.527][INFO]: Modifying Attributes of: <item:apocalypsenow:brazilian_army_boots>.anyDamage()
[18:25:30.527][INFO]: Modifying Attributes of: <item:apocalypsenow:un_armor_helmet>.anyDamage()
[18:25:30.527][INFO]: Modifying Attributes of: <item:apocalypsenow:un_armor_helmet>.anyDamage()
[18:25:30.527][INFO]: Set the value of Max Damage on <item:apocalypsenow:un_armor_helmet> to: '231'
[18:25:30.527][INFO]: Modifying Attributes of: <item:apocalypsenow:un_armor_helmet>.anyDamage()
[18:25:30.527][INFO]: Modifying Attributes of: <item:apocalypsenow:un_armor_helmet>.anyDamage()
[18:25:30.527][INFO]: Modifying Attributes of: <item:apocalypsenow:un_armor_chestplate>.anyDamage()
[18:25:30.527][INFO]: Modifying Attributes of: <item:apocalypsenow:un_armor_chestplate>.anyDamage()
[18:25:30.528][INFO]: Set the value of Max Damage on <item:apocalypsenow:un_armor_chestplate> to: '336'
[18:25:30.528][INFO]: Modifying Attributes of: <item:apocalypsenow:un_armor_chestplate>.anyDamage()
[18:25:30.528][INFO]: Modifying Attributes of: <item:apocalypsenow:un_armor_chestplate>.anyDamage()
[18:25:30.528][INFO]: Modifying Attributes of: <item:apocalypsenow:un_armor_leggings>.anyDamage()
[18:25:30.528][INFO]: Modifying Attributes of: <item:apocalypsenow:un_armor_leggings>.anyDamage()
[18:25:30.528][INFO]: Set the value of Max Damage on <item:apocalypsenow:un_armor_leggings> to: '315'
[18:25:30.528][INFO]: Modifying Attributes of: <item:apocalypsenow:un_armor_leggings>.anyDamage()
[18:25:30.528][INFO]: Modifying Attributes of: <item:apocalypsenow:un_armor_leggings>.anyDamage()
[18:25:30.528][INFO]: Modifying Attributes of: <item:apocalypsenow:un_armor_boots>.anyDamage()
[18:25:30.528][INFO]: Modifying Attributes of: <item:apocalypsenow:un_armor_boots>.anyDamage()
[18:25:30.528][INFO]: Set the value of Max Damage on <item:apocalypsenow:un_armor_boots> to: '273'
[18:25:30.528][INFO]: Modifying Attributes of: <item:apocalypsenow:un_armor_boots>.anyDamage()
[18:25:30.528][INFO]: Modifying Attributes of: <item:apocalypsenow:un_armor_boots>.anyDamage()
[18:25:30.528][INFO]: Modifying Attributes of: <item:apocalypsenow:military_riot_armor_helmet>.anyDamage()
[18:25:30.528][INFO]: Modifying Attributes of: <item:apocalypsenow:military_riot_armor_helmet>.anyDamage()
[18:25:30.528][INFO]: Set the value of Max Damage on <item:apocalypsenow:military_riot_armor_helmet> to: '393'
[18:25:30.528][INFO]: Modifying Attributes of: <item:apocalypsenow:military_riot_armor_helmet>.anyDamage()
[18:25:30.528][INFO]: Modifying Attributes of: <item:apocalypsenow:military_riot_armor_helmet>.anyDamage()
[18:25:30.528][INFO]: Modifying Attributes of: <item:apocalypsenow:military_riot_armor_chestplate>.anyDamage()
[18:25:30.528][INFO]: Modifying Attributes of: <item:apocalypsenow:military_riot_armor_chestplate>.anyDamage()
[18:25:30.528][INFO]: Set the value of Max Damage on <item:apocalypsenow:military_riot_armor_chestplate> to: '558'
[18:25:30.528][INFO]: Modifying Attributes of: <item:apocalypsenow:military_riot_armor_chestplate>.anyDamage()
[18:25:30.528][INFO]: Modifying Attributes of: <item:apocalypsenow:military_riot_armor_chestplate>.anyDamage()
[18:25:30.528][INFO]: Modifying Attributes of: <item:apocalypsenow:military_riot_armor_leggings>.anyDamage()
[18:25:30.528][INFO]: Modifying Attributes of: <item:apocalypsenow:military_riot_armor_leggings>.anyDamage()
[18:25:30.529][INFO]: Set the value of Max Damage on <item:apocalypsenow:military_riot_armor_leggings> to: '515'
[18:25:30.529][INFO]: Modifying Attributes of: <item:apocalypsenow:military_riot_armor_leggings>.anyDamage()
[18:25:30.529][INFO]: Modifying Attributes of: <item:apocalypsenow:military_riot_armor_leggings>.anyDamage()
[18:25:30.529][INFO]: Modifying Attributes of: <item:apocalypsenow:military_riot_armor_boots>.anyDamage()
[18:25:30.529][INFO]: Modifying Attributes of: <item:apocalypsenow:military_riot_armor_boots>.anyDamage()
[18:25:30.529][INFO]: Set the value of Max Damage on <item:apocalypsenow:military_riot_armor_boots> to: '459'
[18:25:30.529][INFO]: Modifying Attributes of: <item:apocalypsenow:military_riot_armor_boots>.anyDamage()
[18:25:30.529][INFO]: Modifying Attributes of: <item:apocalypsenow:military_riot_armor_boots>.anyDamage()
[18:25:30.529][INFO]: Modifying Attributes of: <item:apocalypsenow:military_urban_helmet>.anyDamage()
[18:25:30.529][INFO]: Modifying Attributes of: <item:apocalypsenow:military_urban_helmet>.anyDamage()
[18:25:30.529][INFO]: Set the value of Max Damage on <item:apocalypsenow:military_urban_helmet> to: '393'
[18:25:30.529][INFO]: Modifying Attributes of: <item:apocalypsenow:military_urban_helmet>.anyDamage()
[18:25:30.529][INFO]: Modifying Attributes of: <item:apocalypsenow:military_urban_helmet>.anyDamage()
[18:25:30.529][INFO]: Modifying Attributes of: <item:apocalypsenow:military_urban_chestplate>.anyDamage()
[18:25:30.530][INFO]: Modifying Attributes of: <item:apocalypsenow:military_urban_chestplate>.anyDamage()
[18:25:30.530][INFO]: Set the value of Max Damage on <item:apocalypsenow:military_urban_chestplate> to: '558'
[18:25:30.530][INFO]: Modifying Attributes of: <item:apocalypsenow:military_urban_chestplate>.anyDamage()
[18:25:30.530][INFO]: Modifying Attributes of: <item:apocalypsenow:military_urban_chestplate>.anyDamage()
[18:25:30.530][INFO]: Modifying Attributes of: <item:apocalypsenow:military_urban_leggings>.anyDamage()
[18:25:30.530][INFO]: Modifying Attributes of: <item:apocalypsenow:military_urban_leggings>.anyDamage()
[18:25:30.530][INFO]: Set the value of Max Damage on <item:apocalypsenow:military_urban_leggings> to: '515'
[18:25:30.530][INFO]: Modifying Attributes of: <item:apocalypsenow:military_urban_leggings>.anyDamage()
[18:25:30.530][INFO]: Modifying Attributes of: <item:apocalypsenow:military_urban_leggings>.anyDamage()
[18:25:30.530][INFO]: Modifying Attributes of: <item:apocalypsenow:military_urban_boots>.anyDamage()
[18:25:30.530][INFO]: Modifying Attributes of: <item:apocalypsenow:military_urban_boots>.anyDamage()
[18:25:30.531][INFO]: Set the value of Max Damage on <item:apocalypsenow:military_urban_boots> to: '459'
[18:25:30.531][INFO]: Modifying Attributes of: <item:apocalypsenow:military_urban_boots>.anyDamage()
[18:25:30.531][INFO]: Modifying Attributes of: <item:apocalypsenow:military_urban_boots>.anyDamage()
[18:25:30.531][INFO]: Modifying Attributes of: <item:apocalypsenow:biohazard_helmet>.anyDamage()
[18:25:30.531][INFO]: Modifying Attributes of: <item:apocalypsenow:biohazard_helmet>.anyDamage()
[18:25:30.531][INFO]: Set the value of Max Damage on <item:apocalypsenow:biohazard_helmet> to: '500'
[18:25:30.531][INFO]: Modifying Attributes of: <item:apocalypsenow:biohazard_helmet>.anyDamage()
[18:25:30.531][INFO]: Modifying Attributes of: <item:apocalypsenow:biohazard_helmet>.anyDamage()
[18:25:30.531][INFO]: Modifying Attributes of: <item:apocalypsenow:biohazard_chestplate>.anyDamage()
[18:25:30.531][INFO]: Modifying Attributes of: <item:apocalypsenow:biohazard_chestplate>.anyDamage()
[18:25:30.531][INFO]: Set the value of Max Damage on <item:apocalypsenow:biohazard_chestplate> to: '336'
[18:25:30.531][INFO]: Modifying Attributes of: <item:apocalypsenow:biohazard_chestplate>.anyDamage()
[18:25:30.532][INFO]: Modifying Attributes of: <item:apocalypsenow:biohazard_chestplate>.anyDamage()
[18:25:30.532][INFO]: Modifying Attributes of: <item:apocalypsenow:biohazard_leggings>.anyDamage()
[18:25:30.532][INFO]: Modifying Attributes of: <item:apocalypsenow:biohazard_leggings>.anyDamage()
[18:25:30.532][INFO]: Set the value of Max Damage on <item:apocalypsenow:biohazard_leggings> to: '315'
[18:25:30.532][INFO]: Modifying Attributes of: <item:apocalypsenow:biohazard_leggings>.anyDamage()
[18:25:30.532][INFO]: Modifying Attributes of: <item:apocalypsenow:biohazard_leggings>.anyDamage()
[18:25:30.532][INFO]: Modifying Attributes of: <item:apocalypsenow:biohazard_boots>.anyDamage()
[18:25:30.532][INFO]: Modifying Attributes of: <item:apocalypsenow:biohazard_boots>.anyDamage()
[18:25:30.532][INFO]: Set the value of Max Damage on <item:apocalypsenow:biohazard_boots> to: '273'
[18:25:30.532][INFO]: Modifying Attributes of: <item:apocalypsenow:biohazard_boots>.anyDamage()
[18:25:30.532][INFO]: Modifying Attributes of: <item:apocalypsenow:biohazard_boots>.anyDamage()
[18:25:30.532][INFO]: Modifying Attributes of: <item:apocalypsenow:contamination_suit_white_helmet>.anyDamage()
[18:25:30.533][INFO]: Modifying Attributes of: <item:apocalypsenow:contamination_suit_white_helmet>.anyDamage()
[18:25:30.533][INFO]: Set the value of Max Damage on <item:apocalypsenow:contamination_suit_white_helmet> to: '500'
[18:25:30.533][INFO]: Modifying Attributes of: <item:apocalypsenow:contamination_suit_white_helmet>.anyDamage()
[18:25:30.533][INFO]: Modifying Attributes of: <item:apocalypsenow:contamination_suit_white_helmet>.anyDamage()
[18:25:30.533][INFO]: Modifying Attributes of: <item:apocalypsenow:contamination_suit_white_chestplate>.anyDamage()
[18:25:30.533][INFO]: Modifying Attributes of: <item:apocalypsenow:contamination_suit_white_chestplate>.anyDamage()
[18:25:30.533][INFO]: Set the value of Max Damage on <item:apocalypsenow:contamination_suit_white_chestplate> to: '336'
[18:25:30.533][INFO]: Modifying Attributes of: <item:apocalypsenow:contamination_suit_white_chestplate>.anyDamage()
[18:25:30.533][INFO]: Modifying Attributes of: <item:apocalypsenow:contamination_suit_white_chestplate>.anyDamage()
[18:25:30.533][INFO]: Modifying Attributes of: <item:apocalypsenow:contamination_suit_white_leggings>.anyDamage()
[18:25:30.533][INFO]: Modifying Attributes of: <item:apocalypsenow:contamination_suit_white_leggings>.anyDamage()
[18:25:30.534][INFO]: Set the value of Max Damage on <item:apocalypsenow:contamination_suit_white_leggings> to: '315'
[18:25:30.534][INFO]: Modifying Attributes of: <item:apocalypsenow:contamination_suit_white_leggings>.anyDamage()
[18:25:30.534][INFO]: Modifying Attributes of: <item:apocalypsenow:contamination_suit_white_leggings>.anyDamage()
[18:25:30.534][INFO]: Modifying Attributes of: <item:apocalypsenow:contamination_suit_white_boots>.anyDamage()
[18:25:30.534][INFO]: Modifying Attributes of: <item:apocalypsenow:contamination_suit_white_boots>.anyDamage()
[18:25:30.534][INFO]: Set the value of Max Damage on <item:apocalypsenow:contamination_suit_white_boots> to: '273'
[18:25:30.534][INFO]: Modifying Attributes of: <item:apocalypsenow:contamination_suit_white_boots>.anyDamage()
[18:25:30.534][INFO]: Modifying Attributes of: <item:apocalypsenow:contamination_suit_white_boots>.anyDamage()
[18:25:30.534][INFO]: Modifying Attributes of: <item:apocalypsenow:contamination_suit_blue_helmet>.anyDamage()
[18:25:30.534][INFO]: Modifying Attributes of: <item:apocalypsenow:contamination_suit_blue_helmet>.anyDamage()
[18:25:30.534][INFO]: Set the value of Max Damage on <item:apocalypsenow:contamination_suit_blue_helmet> to: '500'
[18:25:30.534][INFO]: Modifying Attributes of: <item:apocalypsenow:contamination_suit_blue_helmet>.anyDamage()
[18:25:30.534][INFO]: Modifying Attributes of: <item:apocalypsenow:contamination_suit_blue_helmet>.anyDamage()
[18:25:30.535][INFO]: Modifying Attributes of: <item:apocalypsenow:contamination_suit_blue_chestplate>.anyDamage()
[18:25:30.535][INFO]: Modifying Attributes of: <item:apocalypsenow:contamination_suit_blue_chestplate>.anyDamage()
[18:25:30.535][INFO]: Set the value of Max Damage on <item:apocalypsenow:contamination_suit_blue_chestplate> to: '336'
[18:25:30.535][INFO]: Modifying Attributes of: <item:apocalypsenow:contamination_suit_blue_chestplate>.anyDamage()
[18:25:30.535][INFO]: Modifying Attributes of: <item:apocalypsenow:contamination_suit_blue_chestplate>.anyDamage()
[18:25:30.535][INFO]: Modifying Attributes of: <item:apocalypsenow:contamination_suit_blue_leggings>.anyDamage()
[18:25:30.535][INFO]: Modifying Attributes of: <item:apocalypsenow:contamination_suit_blue_leggings>.anyDamage()
[18:25:30.535][INFO]: Set the value of Max Damage on <item:apocalypsenow:contamination_suit_blue_leggings> to: '315'
[18:25:30.535][INFO]: Modifying Attributes of: <item:apocalypsenow:contamination_suit_blue_leggings>.anyDamage()
[18:25:30.535][INFO]: Modifying Attributes of: <item:apocalypsenow:contamination_suit_blue_leggings>.anyDamage()
[18:25:30.535][INFO]: Modifying Attributes of: <item:apocalypsenow:contamination_suit_green_helmet>.anyDamage()
[18:25:30.535][INFO]: Modifying Attributes of: <item:apocalypsenow:contamination_suit_green_helmet>.anyDamage()
[18:25:30.536][INFO]: Set the value of Max Damage on <item:apocalypsenow:contamination_suit_green_helmet> to: '500'
[18:25:30.536][INFO]: Modifying Attributes of: <item:apocalypsenow:contamination_suit_green_helmet>.anyDamage()
[18:25:30.536][INFO]: Modifying Attributes of: <item:apocalypsenow:contamination_suit_green_helmet>.anyDamage()
[18:25:30.536][INFO]: Modifying Attributes of: <item:apocalypsenow:contamination_suit_green_chestplate>.anyDamage()
[18:25:30.536][INFO]: Modifying Attributes of: <item:apocalypsenow:contamination_suit_green_chestplate>.anyDamage()
[18:25:30.536][INFO]: Set the value of Max Damage on <item:apocalypsenow:contamination_suit_green_chestplate> to: '336'
[18:25:30.536][INFO]: Modifying Attributes of: <item:apocalypsenow:contamination_suit_green_chestplate>.anyDamage()
[18:25:30.536][INFO]: Modifying Attributes of: <item:apocalypsenow:contamination_suit_green_chestplate>.anyDamage()
[18:25:30.536][INFO]: Modifying Attributes of: <item:apocalypsenow:contamination_suit_green_leggings>.anyDamage()
[18:25:30.536][INFO]: Modifying Attributes of: <item:apocalypsenow:contamination_suit_green_leggings>.anyDamage()
[18:25:30.536][INFO]: Set the value of Max Damage on <item:apocalypsenow:contamination_suit_green_leggings> to: '315'
[18:25:30.536][INFO]: Modifying Attributes of: <item:apocalypsenow:contamination_suit_green_leggings>.anyDamage()
[18:25:30.537][INFO]: Modifying Attributes of: <item:apocalypsenow:contamination_suit_green_leggings>.anyDamage()
[18:25:30.537][INFO]: Modifying Attributes of: <item:create_sa:brass_exoskeleton_chestplate>.anyDamage()
[18:25:30.537][INFO]: Modifying Attributes of: <item:create_sa:brass_exoskeleton_chestplate>.anyDamage()
[18:25:30.537][INFO]: Set the value of Max Damage on <item:create_sa:brass_exoskeleton_chestplate> to: '460'
[18:25:30.537][INFO]: Modifying Attributes of: <item:create_sa:brass_exoskeleton_chestplate>.anyDamage()
[18:25:30.537][INFO]: Modifying Attributes of: <item:create_sa:brass_exoskeleton_chestplate>.anyDamage()
[18:25:30.537][INFO]: Modifying Attributes of: <item:apocalypsenow:officer_beret_chestplate>.anyDamage()
[18:25:30.537][INFO]: Modifying Attributes of: <item:apocalypsenow:officer_beret_chestplate>.anyDamage()
[18:25:30.537][INFO]: Set the value of Max Damage on <item:apocalypsenow:officer_beret_chestplate> to: '580'
[18:25:30.537][INFO]: Modifying Attributes of: <item:apocalypsenow:officer_beret_helmet>.anyDamage()
[18:25:30.537][INFO]: Modifying Attributes of: <item:apocalypsenow:officer_beret_helmet>.anyDamage()
[18:25:30.537][INFO]: Set the value of Max Damage on <item:apocalypsenow:officer_beret_helmet> to: '231'
[18:25:30.537][INFO]: Modifying Attributes of: <item:apocalypsenow:officer_beret_helmet>.anyDamage()
[18:25:30.538][INFO]: Modifying Attributes of: <item:apocalypsenow:officer_beret_helmet>.anyDamage()
[18:25:30.538][INFO]: Modifying Attributes of: <item:apocalypsenow:military_beret_chestplate>.anyDamage()
[18:25:30.538][INFO]: Modifying Attributes of: <item:apocalypsenow:military_beret_chestplate>.anyDamage()
[18:25:30.538][INFO]: Set the value of Max Damage on <item:apocalypsenow:military_beret_chestplate> to: '580'
[18:25:30.538][INFO]: Modifying Attributes of: <item:apocalypsenow:military_beret_chestplate>.anyDamage()
[18:25:30.538][INFO]: Modifying Attributes of: <item:apocalypsenow:military_beret_chestplate>.anyDamage()
[18:25:30.538][INFO]: Modifying Attributes of: <item:apocalypsenow:military_beret_helmet>.anyDamage()
[18:25:30.538][INFO]: Modifying Attributes of: <item:apocalypsenow:military_beret_helmet>.anyDamage()
[18:25:30.538][INFO]: Set the value of Max Damage on <item:apocalypsenow:military_beret_helmet> to: '231'
[18:25:30.538][INFO]: Modifying Attributes of: <item:apocalypsenow:military_beret_helmet>.anyDamage()
[18:25:30.538][INFO]: Modifying Attributes of: <item:apocalypsenow:military_beret_helmet>.anyDamage()
[18:25:30.538][INFO]: Modifying Attributes of: <item:apocalypsenow:military_pilot_headset_chestplate>.anyDamage()
[18:25:30.538][INFO]: Modifying Attributes of: <item:apocalypsenow:military_pilot_headset_chestplate>.anyDamage()
[18:25:30.539][INFO]: Set the value of Max Damage on <item:apocalypsenow:military_pilot_headset_chestplate> to: '580'
[18:25:30.539][INFO]: Modifying Attributes of: <item:apocalypsenow:military_pilot_headset_chestplate>.anyDamage()
[18:25:30.539][INFO]: Modifying Attributes of: <item:apocalypsenow:military_pilot_headset_chestplate>.anyDamage()
[18:25:30.539][INFO]: Modifying Attributes of: <item:apocalypsenow:military_pilot_headset_helmet>.anyDamage()
[18:25:30.539][INFO]: Modifying Attributes of: <item:apocalypsenow:military_pilot_headset_helmet>.anyDamage()
[18:25:30.539][INFO]: Set the value of Max Damage on <item:apocalypsenow:military_pilot_headset_helmet> to: '231'
[18:25:30.539][INFO]: Modifying Attributes of: <item:apocalypsenow:military_pilot_headset_helmet>.anyDamage()
[18:25:30.539][INFO]: Modifying Attributes of: <item:apocalypsenow:military_pilot_headset_helmet>.anyDamage()
[18:25:30.539][INFO]: Modifying Attributes of: <item:apocalypsenow:atlast_7_chestplate>.anyDamage()
[18:25:30.539][INFO]: Modifying Attributes of: <item:apocalypsenow:atlast_7_chestplate>.anyDamage()
[18:25:30.539][INFO]: Set the value of Max Damage on <item:apocalypsenow:atlast_7_chestplate> to: '580'
[18:25:30.539][INFO]: Modifying Attributes of: <item:apocalypsenow:atlast_7_chestplate>.anyDamage()
[18:25:30.539][INFO]: Modifying Attributes of: <item:apocalypsenow:atlast_7_chestplate>.anyDamage()
[18:25:30.540][INFO]: Modifying Attributes of: <item:apocalypsenow:atlast_7_helmet>.anyDamage()
[18:25:30.540][INFO]: Modifying Attributes of: <item:apocalypsenow:atlast_7_helmet>.anyDamage()
[18:25:30.540][INFO]: Set the value of Max Damage on <item:apocalypsenow:atlast_7_helmet> to: '231'
[18:25:30.540][INFO]: Modifying Attributes of: <item:apocalypsenow:atlast_7_helmet>.anyDamage()
[18:25:30.540][INFO]: Modifying Attributes of: <item:apocalypsenow:atlast_7_helmet>.anyDamage()
[18:25:30.540][INFO]: Modifying Attributes of: <item:apocalypsenow:life_jacket_bullet_helmet_helmet>.anyDamage()
[18:25:30.540][INFO]: Modifying Attributes of: <item:apocalypsenow:life_jacket_bullet_helmet_helmet>.anyDamage()
[18:25:30.540][INFO]: Set the value of Max Damage on <item:apocalypsenow:life_jacket_bullet_helmet_helmet> to: '526'
[18:25:30.540][INFO]: Modifying Attributes of: <item:apocalypsenow:life_jacket_bullet_helmet_helmet>.anyDamage()
[18:25:30.540][INFO]: Modifying Attributes of: <item:apocalypsenow:life_jacket_bullet_helmet_helmet>.anyDamage()
[18:25:30.540][INFO]: Modifying Attributes of: <item:apocalypsenow:beret_chestplate>.anyDamage()
[18:25:30.540][INFO]: Modifying Attributes of: <item:apocalypsenow:beret_chestplate>.anyDamage()
[18:25:30.541][INFO]: Set the value of Max Damage on <item:apocalypsenow:beret_chestplate> to: '580'
[18:25:30.541][INFO]: Modifying Attributes of: <item:apocalypsenow:beret_chestplate>.anyDamage()
[18:25:30.541][INFO]: Modifying Attributes of: <item:apocalypsenow:beret_chestplate>.anyDamage()
[18:25:30.541][INFO]: Modifying Attributes of: <item:apocalypsenow:beret_helmet>.anyDamage()
[18:25:30.541][INFO]: Modifying Attributes of: <item:apocalypsenow:beret_helmet>.anyDamage()
[18:25:30.541][INFO]: Set the value of Max Damage on <item:apocalypsenow:beret_helmet> to: '231'
[18:25:30.541][INFO]: Modifying Attributes of: <item:apocalypsenow:beret_helmet>.anyDamage()
[18:25:30.541][INFO]: Modifying Attributes of: <item:apocalypsenow:beret_helmet>.anyDamage()
[18:25:30.541][INFO]: Modifying Attributes of: <item:create_sa:brass_jetpack_chestplate>.anyDamage()
[18:25:30.541][INFO]: Modifying Attributes of: <item:create_sa:brass_jetpack_chestplate>.anyDamage()
[18:25:30.541][INFO]: Set the value of Max Damage on <item:create_sa:brass_jetpack_chestplate> to: '460'
[18:25:30.541][INFO]: Modifying Attributes of: <item:create_sa:brass_jetpack_chestplate>.anyDamage()
[18:25:30.541][INFO]: Modifying Attributes of: <item:create_sa:brass_jetpack_chestplate>.anyDamage()
[18:25:30.542][INFO]: Modifying Attributes of: <item:apocalypsenow:helicopter_chestplate>.anyDamage()
[18:25:30.542][INFO]: Modifying Attributes of: <item:apocalypsenow:helicopter_chestplate>.anyDamage()
[18:25:30.542][INFO]: Set the value of Max Damage on <item:apocalypsenow:helicopter_chestplate> to: '580'
[18:25:30.542][INFO]: Modifying Attributes of: <item:apocalypsenow:helicopter_chestplate>.anyDamage()
[18:25:30.542][INFO]: Modifying Attributes of: <item:apocalypsenow:helicopter_chestplate>.anyDamage()
[18:25:30.542][INFO]: Modifying Attributes of: <item:apocalypsenow:helicopter_helmet>.anyDamage()
[18:25:30.542][INFO]: Modifying Attributes of: <item:apocalypsenow:helicopter_helmet>.anyDamage()
[18:25:30.542][INFO]: Set the value of Max Damage on <item:apocalypsenow:helicopter_helmet> to: '231'
[18:25:30.542][INFO]: Modifying Attributes of: <item:apocalypsenow:helicopter_helmet>.anyDamage()
[18:25:30.542][INFO]: Modifying Attributes of: <item:apocalypsenow:helicopter_helmet>.anyDamage()
[18:25:30.542][INFO]: Modifying Attributes of: <item:minecraft:netherite_helmet>.anyDamage()
[18:25:30.542][INFO]: Modifying Attributes of: <item:minecraft:netherite_helmet>.anyDamage()
[18:25:30.542][INFO]: Set the value of Max Damage on <item:minecraft:netherite_helmet> to: '407'
[18:25:30.542][INFO]: Modifying Attributes of: <item:minecraft:netherite_helmet>.anyDamage()
[18:25:30.542][INFO]: Modifying Attributes of: <item:minecraft:netherite_helmet>.anyDamage()
[18:25:30.542][INFO]: Modifying Attributes of: <item:minecraft:netherite_chestplate>.anyDamage()
[18:25:30.542][INFO]: Modifying Attributes of: <item:minecraft:netherite_chestplate>.anyDamage()
[18:25:30.543][INFO]: Set the value of Max Damage on <item:minecraft:netherite_chestplate> to: '592'
[18:25:30.543][INFO]: Modifying Attributes of: <item:minecraft:netherite_chestplate>.anyDamage()
[18:25:30.543][INFO]: Modifying Attributes of: <item:minecraft:netherite_chestplate>.anyDamage()
[18:25:30.543][INFO]: Modifying Attributes of: <item:minecraft:netherite_leggings>.anyDamage()
[18:25:30.543][INFO]: Modifying Attributes of: <item:minecraft:netherite_leggings>.anyDamage()
[18:25:30.543][INFO]: Set the value of Max Damage on <item:minecraft:netherite_leggings> to: '555'
[18:25:30.543][INFO]: Modifying Attributes of: <item:minecraft:netherite_leggings>.anyDamage()
[18:25:30.543][INFO]: Modifying Attributes of: <item:minecraft:netherite_leggings>.anyDamage()
[18:25:30.543][INFO]: Modifying Attributes of: <item:minecraft:netherite_boots>.anyDamage()
[18:25:30.543][INFO]: Modifying Attributes of: <item:minecraft:netherite_boots>.anyDamage()
[18:25:30.543][INFO]: Set the value of Max Damage on <item:minecraft:netherite_boots> to: '481'
[18:25:30.543][INFO]: Modifying Attributes of: <item:minecraft:netherite_boots>.anyDamage()
[18:25:30.543][INFO]: Modifying Attributes of: <item:minecraft:netherite_boots>.anyDamage()
[18:25:30.543][INFO]: Modifying Attributes of: <item:apocalypsenow:swat_helmet>.anyDamage()
[18:25:30.543][INFO]: Modifying Attributes of: <item:apocalypsenow:swat_helmet>.anyDamage()
[18:25:30.543][INFO]: Set the value of Max Damage on <item:apocalypsenow:swat_helmet> to: '607'
[18:25:30.543][INFO]: Modifying Attributes of: <item:apocalypsenow:swat_helmet>.anyDamage()
[18:25:30.543][INFO]: Modifying Attributes of: <item:apocalypsenow:swat_helmet>.anyDamage()
[18:25:30.544][INFO]: Modifying Attributes of: <item:apocalypsenow:swat_chestplate>.anyDamage()
[18:25:30.544][INFO]: Modifying Attributes of: <item:apocalypsenow:swat_chestplate>.anyDamage()
[18:25:30.544][INFO]: Set the value of Max Damage on <item:apocalypsenow:swat_chestplate> to: '792'
[18:25:30.544][INFO]: Modifying Attributes of: <item:apocalypsenow:swat_chestplate>.anyDamage()
[18:25:30.544][INFO]: Modifying Attributes of: <item:apocalypsenow:swat_chestplate>.anyDamage()
[18:25:30.544][INFO]: Modifying Attributes of: <item:apocalypsenow:swat_leggings>.anyDamage()
[18:25:30.544][INFO]: Modifying Attributes of: <item:apocalypsenow:swat_leggings>.anyDamage()
[18:25:30.544][INFO]: Set the value of Max Damage on <item:apocalypsenow:swat_leggings> to: '755'
[18:25:30.544][INFO]: Modifying Attributes of: <item:apocalypsenow:swat_leggings>.anyDamage()
[18:25:30.544][INFO]: Modifying Attributes of: <item:apocalypsenow:swat_leggings>.anyDamage()
[18:25:30.544][INFO]: Modifying Attributes of: <item:apocalypsenow:swat_boots>.anyDamage()
[18:25:30.544][INFO]: Modifying Attributes of: <item:apocalypsenow:swat_boots>.anyDamage()
[18:25:30.544][INFO]: Set the value of Max Damage on <item:apocalypsenow:swat_boots> to: '681'
[18:25:30.544][INFO]: Modifying Attributes of: <item:apocalypsenow:swat_boots>.anyDamage()
[18:25:30.544][INFO]: Modifying Attributes of: <item:apocalypsenow:swat_boots>.anyDamage()
[18:25:30.545][INFO]: Modifying Attributes of: <item:apocalypsenow:juggernaut_helmet>.anyDamage()
[18:25:30.545][INFO]: Modifying Attributes of: <item:apocalypsenow:juggernaut_helmet>.anyDamage()
[18:25:30.545][INFO]: Set the value of Max Damage on <item:apocalypsenow:juggernaut_helmet> to: '607'
[18:25:30.545][INFO]: Modifying Attributes of: <item:apocalypsenow:juggernaut_helmet>.anyDamage()
[18:25:30.545][INFO]: Modifying Attributes of: <item:apocalypsenow:juggernaut_helmet>.anyDamage()
[18:25:30.545][INFO]: Modifying Attributes of: <item:apocalypsenow:juggernaut_chestplate>.anyDamage()
[18:25:30.545][INFO]: Modifying Attributes of: <item:apocalypsenow:juggernaut_chestplate>.anyDamage()
[18:25:30.545][INFO]: Set the value of Max Damage on <item:apocalypsenow:juggernaut_chestplate> to: '792'
[18:25:30.545][INFO]: Modifying Attributes of: <item:apocalypsenow:juggernaut_chestplate>.anyDamage()
[18:25:30.545][INFO]: Modifying Attributes of: <item:apocalypsenow:juggernaut_chestplate>.anyDamage()
[18:25:30.545][INFO]: Modifying Attributes of: <item:apocalypsenow:juggernaut_leggings>.anyDamage()
[18:25:30.545][INFO]: Modifying Attributes of: <item:apocalypsenow:juggernaut_leggings>.anyDamage()
[18:25:30.545][INFO]: Set the value of Max Damage on <item:apocalypsenow:juggernaut_leggings> to: '755'
[18:25:30.545][INFO]: Modifying Attributes of: <item:apocalypsenow:juggernaut_leggings>.anyDamage()
[18:25:30.545][INFO]: Modifying Attributes of: <item:apocalypsenow:juggernaut_leggings>.anyDamage()
[18:25:30.545][INFO]: Modifying Attributes of: <item:apocalypsenow:juggernaut_boots>.anyDamage()
[18:25:30.546][INFO]: Modifying Attributes of: <item:apocalypsenow:juggernaut_boots>.anyDamage()
[18:25:30.546][INFO]: Set the value of Max Damage on <item:apocalypsenow:juggernaut_boots> to: '681'
[18:25:30.546][INFO]: Modifying Attributes of: <item:apocalypsenow:juggernaut_boots>.anyDamage()
[18:25:30.546][INFO]: Modifying Attributes of: <item:apocalypsenow:juggernaut_boots>.anyDamage()
[18:25:30.546][INFO]: Modifying Attributes of: <item:apocalypsenow:swatriotcontrol_helmet>.anyDamage()
[18:25:30.546][INFO]: Modifying Attributes of: <item:apocalypsenow:swatriotcontrol_helmet>.anyDamage()
[18:25:30.546][INFO]: Set the value of Max Damage on <item:apocalypsenow:swatriotcontrol_helmet> to: '607'
[18:25:30.546][INFO]: Modifying Attributes of: <item:apocalypsenow:swatriotcontrol_helmet>.anyDamage()
[18:25:30.546][INFO]: Modifying Attributes of: <item:apocalypsenow:swatriotcontrol_helmet>.anyDamage()
[18:25:30.546][INFO]: Modifying Attributes of: <item:apocalypsenow:swatriotcontrol_chestplate>.anyDamage()
[18:25:30.546][INFO]: Modifying Attributes of: <item:apocalypsenow:swatriotcontrol_chestplate>.anyDamage()
[18:25:30.546][INFO]: Set the value of Max Damage on <item:apocalypsenow:swatriotcontrol_chestplate> to: '792'
[18:25:30.546][INFO]: Modifying Attributes of: <item:apocalypsenow:swatriotcontrol_chestplate>.anyDamage()
[18:25:30.546][INFO]: Modifying Attributes of: <item:apocalypsenow:swatriotcontrol_chestplate>.anyDamage()
[18:25:30.546][INFO]: Modifying Attributes of: <item:apocalypsenow:swatriotcontrol_leggings>.anyDamage()
[18:25:30.547][INFO]: Modifying Attributes of: <item:apocalypsenow:swatriotcontrol_leggings>.anyDamage()
[18:25:30.547][INFO]: Set the value of Max Damage on <item:apocalypsenow:swatriotcontrol_leggings> to: '755'
[18:25:30.547][INFO]: Modifying Attributes of: <item:apocalypsenow:swatriotcontrol_leggings>.anyDamage()
[18:25:30.547][INFO]: Modifying Attributes of: <item:apocalypsenow:swatriotcontrol_leggings>.anyDamage()
[18:25:30.547][INFO]: Modifying Attributes of: <item:apocalypsenow:swatriotcontrol_boots>.anyDamage()
[18:25:30.547][INFO]: Modifying Attributes of: <item:apocalypsenow:swatriotcontrol_boots>.anyDamage()
[18:25:30.547][INFO]: Set the value of Max Damage on <item:apocalypsenow:swatriotcontrol_boots> to: '681'
[18:25:30.547][INFO]: Modifying Attributes of: <item:apocalypsenow:swatriotcontrol_boots>.anyDamage()
[18:25:30.547][INFO]: Modifying Attributes of: <item:apocalypsenow:swatriotcontrol_boots>.anyDamage()
[18:25:30.547][INFO]: Modifying Attributes of: <item:apocalypsenow:spec_ops_helmet>.anyDamage()
[18:25:30.547][INFO]: Modifying Attributes of: <item:apocalypsenow:spec_ops_helmet>.anyDamage()
[18:25:30.547][INFO]: Set the value of Max Damage on <item:apocalypsenow:spec_ops_helmet> to: '607'
[18:25:30.547][INFO]: Modifying Attributes of: <item:apocalypsenow:spec_ops_helmet>.anyDamage()
[18:25:30.547][INFO]: Modifying Attributes of: <item:apocalypsenow:spec_ops_helmet>.anyDamage()
[18:25:30.547][INFO]: Modifying Attributes of: <item:apocalypsenow:spec_ops_chestplate>.anyDamage()
[18:25:30.547][INFO]: Modifying Attributes of: <item:apocalypsenow:spec_ops_chestplate>.anyDamage()
[18:25:30.547][INFO]: Set the value of Max Damage on <item:apocalypsenow:spec_ops_chestplate> to: '792'
[18:25:30.547][INFO]: Modifying Attributes of: <item:apocalypsenow:spec_ops_chestplate>.anyDamage()
[18:25:30.548][INFO]: Modifying Attributes of: <item:apocalypsenow:spec_ops_chestplate>.anyDamage()
[18:25:30.548][INFO]: Modifying Attributes of: <item:apocalypsenow:spec_ops_leggings>.anyDamage()
[18:25:30.548][INFO]: Modifying Attributes of: <item:apocalypsenow:spec_ops_leggings>.anyDamage()
[18:25:30.548][INFO]: Set the value of Max Damage on <item:apocalypsenow:spec_ops_leggings> to: '755'
[18:25:30.548][INFO]: Modifying Attributes of: <item:apocalypsenow:spec_ops_leggings>.anyDamage()
[18:25:30.548][INFO]: Modifying Attributes of: <item:apocalypsenow:spec_ops_leggings>.anyDamage()
[18:25:30.548][INFO]: Modifying Attributes of: <item:apocalypsenow:spec_ops_boots>.anyDamage()
[18:25:30.548][INFO]: Modifying Attributes of: <item:apocalypsenow:spec_ops_boots>.anyDamage()
[18:25:30.548][INFO]: Set the value of Max Damage on <item:apocalypsenow:spec_ops_boots> to: '681'
[18:25:30.548][INFO]: Modifying Attributes of: <item:apocalypsenow:spec_ops_boots>.anyDamage()
[18:25:30.548][INFO]: Modifying Attributes of: <item:apocalypsenow:spec_ops_boots>.anyDamage()
[18:25:30.548][INFO]: Modifying Attributes of: <item:apocalypsenow:jet_pilot_helmet>.anyDamage()
[18:25:30.548][INFO]: Modifying Attributes of: <item:apocalypsenow:jet_pilot_helmet>.anyDamage()
[18:25:30.548][INFO]: Set the value of Max Damage on <item:apocalypsenow:jet_pilot_helmet> to: '607'
[18:25:30.548][INFO]: Modifying Attributes of: <item:apocalypsenow:jet_pilot_helmet>.anyDamage()
[18:25:30.548][INFO]: Modifying Attributes of: <item:apocalypsenow:jet_pilot_helmet>.anyDamage()
[18:25:30.548][INFO]: Modifying Attributes of: <item:apocalypsenow:jet_pilot_chestplate>.anyDamage()
[18:25:30.548][INFO]: Modifying Attributes of: <item:apocalypsenow:jet_pilot_chestplate>.anyDamage()
[18:25:30.549][INFO]: Set the value of Max Damage on <item:apocalypsenow:jet_pilot_chestplate> to: '792'
[18:25:30.549][INFO]: Modifying Attributes of: <item:apocalypsenow:jet_pilot_chestplate>.anyDamage()
[18:25:30.549][INFO]: Modifying Attributes of: <item:apocalypsenow:jet_pilot_chestplate>.anyDamage()
[18:25:30.549][INFO]: Modifying Attributes of: <item:apocalypsenow:jet_pilot_leggings>.anyDamage()
[18:25:30.549][INFO]: Modifying Attributes of: <item:apocalypsenow:jet_pilot_leggings>.anyDamage()
[18:25:30.549][INFO]: Set the value of Max Damage on <item:apocalypsenow:jet_pilot_leggings> to: '755'
[18:25:30.549][INFO]: Modifying Attributes of: <item:apocalypsenow:jet_pilot_leggings>.anyDamage()
[18:25:30.549][INFO]: Modifying Attributes of: <item:apocalypsenow:jet_pilot_leggings>.anyDamage()
[18:25:30.549][INFO]: Modifying Attributes of: <item:apocalypsenow:jet_pilot_boots>.anyDamage()
[18:25:30.549][INFO]: Modifying Attributes of: <item:apocalypsenow:jet_pilot_boots>.anyDamage()
[18:25:30.549][INFO]: Set the value of Max Damage on <item:apocalypsenow:jet_pilot_boots> to: '681'
[18:25:30.549][INFO]: Modifying Attributes of: <item:apocalypsenow:jet_pilot_boots>.anyDamage()
[18:25:30.549][INFO]: Modifying Attributes of: <item:apocalypsenow:jet_pilot_boots>.anyDamage()
[18:25:30.549][INFO]: Modifying Attributes of: <item:apocalypsenow:bombsquad_helmet>.anyDamage()
[18:25:30.549][INFO]: Modifying Attributes of: <item:apocalypsenow:bombsquad_helmet>.anyDamage()
[18:25:30.549][INFO]: Set the value of Max Damage on <item:apocalypsenow:bombsquad_helmet> to: '607'
[18:25:30.549][INFO]: Modifying Attributes of: <item:apocalypsenow:bombsquad_helmet>.anyDamage()
[18:25:30.549][INFO]: Modifying Attributes of: <item:apocalypsenow:bombsquad_helmet>.anyDamage()
[18:25:30.550][INFO]: Modifying Attributes of: <item:apocalypsenow:bombsquad_chestplate>.anyDamage()
[18:25:30.550][INFO]: Modifying Attributes of: <item:apocalypsenow:bombsquad_chestplate>.anyDamage()
[18:25:30.550][INFO]: Set the value of Max Damage on <item:apocalypsenow:bombsquad_chestplate> to: '792'
[18:25:30.550][INFO]: Modifying Attributes of: <item:apocalypsenow:bombsquad_chestplate>.anyDamage()
[18:25:30.550][INFO]: Modifying Attributes of: <item:apocalypsenow:bombsquad_chestplate>.anyDamage()
[18:25:30.550][INFO]: Modifying Attributes of: <item:apocalypsenow:bombsquad_leggings>.anyDamage()
[18:25:30.550][INFO]: Modifying Attributes of: <item:apocalypsenow:bombsquad_leggings>.anyDamage()
[18:25:30.550][INFO]: Set the value of Max Damage on <item:apocalypsenow:bombsquad_leggings> to: '755'
[18:25:30.550][INFO]: Modifying Attributes of: <item:apocalypsenow:bombsquad_leggings>.anyDamage()
[18:25:30.550][INFO]: Modifying Attributes of: <item:apocalypsenow:bombsquad_leggings>.anyDamage()
[18:25:30.550][INFO]: Modifying Attributes of: <item:apocalypsenow:bombsquad_boots>.anyDamage()
[18:25:30.550][INFO]: Modifying Attributes of: <item:apocalypsenow:bombsquad_boots>.anyDamage()
[18:25:30.550][INFO]: Set the value of Max Damage on <item:apocalypsenow:bombsquad_boots> to: '681'
[18:25:30.550][INFO]: Modifying Attributes of: <item:apocalypsenow:bombsquad_boots>.anyDamage()
[18:25:30.550][INFO]: Modifying Attributes of: <item:apocalypsenow:bombsquad_boots>.anyDamage()
[18:25:30.550][INFO]: Modifying Attributes of: <item:apocalypsenow:soldier_helmet>.anyDamage()
[18:25:30.550][INFO]: Modifying Attributes of: <item:apocalypsenow:soldier_helmet>.anyDamage()
[18:25:30.551][INFO]: Set the value of Max Damage on <item:apocalypsenow:soldier_helmet> to: '607'
[18:25:30.551][INFO]: Modifying Attributes of: <item:apocalypsenow:soldier_helmet>.anyDamage()
[18:25:30.551][INFO]: Modifying Attributes of: <item:apocalypsenow:soldier_helmet>.anyDamage()
[18:25:30.551][INFO]: Modifying Attributes of: <item:apocalypsenow:soldier_chestplate>.anyDamage()
[18:25:30.551][INFO]: Modifying Attributes of: <item:apocalypsenow:soldier_chestplate>.anyDamage()
[18:25:30.551][INFO]: Set the value of Max Damage on <item:apocalypsenow:soldier_chestplate> to: '792'
[18:25:30.551][INFO]: Modifying Attributes of: <item:apocalypsenow:soldier_chestplate>.anyDamage()
[18:25:30.551][INFO]: Modifying Attributes of: <item:apocalypsenow:soldier_chestplate>.anyDamage()
[18:25:30.551][INFO]: Modifying Attributes of: <item:apocalypsenow:soldier_leggings>.anyDamage()
[18:25:30.551][INFO]: Modifying Attributes of: <item:apocalypsenow:soldier_leggings>.anyDamage()
[18:25:30.551][INFO]: Set the value of Max Damage on <item:apocalypsenow:soldier_leggings> to: '755'
[18:25:30.551][INFO]: Modifying Attributes of: <item:apocalypsenow:soldier_leggings>.anyDamage()
[18:25:30.551][INFO]: Modifying Attributes of: <item:apocalypsenow:soldier_leggings>.anyDamage()
[18:25:30.551][INFO]: Modifying Attributes of: <item:apocalypsenow:soldier_boots>.anyDamage()
[18:25:30.551][INFO]: Modifying Attributes of: <item:apocalypsenow:soldier_boots>.anyDamage()
[18:25:30.551][INFO]: Set the value of Max Damage on <item:apocalypsenow:soldier_boots> to: '681'
[18:25:30.551][INFO]: Modifying Attributes of: <item:apocalypsenow:soldier_boots>.anyDamage()
[18:25:30.551][INFO]: Modifying Attributes of: <item:apocalypsenow:soldier_boots>.anyDamage()
[18:25:30.552][INFO]: Modifying Attributes of: <item:apocalypsenow:pbf_hamstergasmask_helmet>.anyDamage()
[18:25:30.552][INFO]: Modifying Attributes of: <item:apocalypsenow:pbf_hamstergasmask_helmet>.anyDamage()
[18:25:30.552][INFO]: Set the value of Max Damage on <item:apocalypsenow:pbf_hamstergasmask_helmet> to: '600'
[18:25:30.552][INFO]: Modifying Attributes of: <item:apocalypsenow:pbf_hamstergasmask_helmet>.anyDamage()
[18:25:30.552][INFO]: Modifying Attributes of: <item:apocalypsenow:pbf_hamstergasmask_helmet>.anyDamage()
[18:25:30.552][INFO]: Modifying Attributes of: <item:apocalypsenow:pkm_4gasmask_helmet>.anyDamage()
[18:25:30.552][INFO]: Modifying Attributes of: <item:apocalypsenow:pkm_4gasmask_helmet>.anyDamage()
[18:25:30.552][INFO]: Set the value of Max Damage on <item:apocalypsenow:pkm_4gasmask_helmet> to: '500'
[18:25:30.552][INFO]: Modifying Attributes of: <item:apocalypsenow:pkm_4gasmask_helmet>.anyDamage()
[18:25:30.552][INFO]: Modifying Attributes of: <item:apocalypsenow:pkm_4gasmask_helmet>.anyDamage()
[18:25:30.557][INFO]: Removing 'crafting' recipes with output: 'com.blamejared.crafttweaker.api.item.MCItemStack@97ea8098'
[18:25:30.569][INFO]: Removing 'crafting' recipes with output: 'com.blamejared.crafttweaker.api.item.MCItemStack@3fb99370'
[18:25:30.573][INFO]: Removing 'crafting' recipes with output: 'com.blamejared.crafttweaker.api.item.MCItemStack@8608eea7'
[18:25:30.575][INFO]: Removing 'crafting' recipes with output: 'com.blamejared.crafttweaker.api.item.MCItemStack@8f2e517e'
[18:25:30.578][INFO]: Removing 'crafting' recipes with output: 'com.blamejared.crafttweaker.api.item.MCItemStack@6d462a2e'
[18:25:30.581][INFO]: Removing 'crafting' recipes with output: 'com.blamejared.crafttweaker.api.item.MCItemStack@8de9db61'
[18:25:30.583][INFO]: Removing 'crafting' recipes with output: 'com.blamejared.crafttweaker.api.item.MCItemStack@a59e518b'
[18:25:30.585][INFO]: Removing 'crafting' recipes with output: 'com.blamejared.crafttweaker.api.item.MCItemStack@b7d397e7'
[18:25:30.587][INFO]: Removing 'crafting' recipes with output: 'com.blamejared.crafttweaker.api.item.MCItemStack@bc3de401'
[18:25:30.588][INFO]: Removing 'crafting' recipes with output: 'com.blamejared.crafttweaker.api.item.MCItemStack@e73d94b6'
[18:25:30.590][INFO]: Removing 'crafting' recipes with output: 'com.blamejared.crafttweaker.api.item.MCItemStack@6eedbabf'
[18:25:30.591][INFO]: Removing 'crafting' recipes with output: 'com.blamejared.crafttweaker.api.item.MCItemStack@f9dc5570'
[18:25:30.592][INFO]: Removing 'crafting' recipes with output: 'com.blamejared.crafttweaker.api.item.MCItemStack@2a3a2176'
[18:25:30.594][INFO]: Removing 'crafting' recipes with output: 'com.blamejared.crafttweaker.api.item.MCItemStack@24475822'
[18:25:30.595][INFO]: Removing 'crafting' recipes with output: 'com.blamejared.crafttweaker.api.item.MCItemStack@462fc49a'
[18:25:30.600][INFO]: Adding 'create:mechanical_crafting' recipe, with name: 'crafttweaker:copper_diving_helmet' that outputs: '<item:create:copper_diving_helmet>'
[18:25:30.600][INFO]: Removing 'smithing' recipes with output: 'com.blamejared.crafttweaker.api.item.MCItemStack@87e27466'
[18:25:30.601][INFO]: Adding 'create:mechanical_crafting' recipe, with name: 'crafttweaker:netherite_diving_helmet' that outputs: '<item:create:netherite_diving_helmet>'
[18:25:30.601][INFO]: Removing 'smithing' recipes with output: 'com.blamejared.crafttweaker.api.item.MCItemStack@c0b864a2'
[18:25:30.602][INFO]: Adding 'minecraft:crafting' recipe, of type: "mirroring shaped", with name: 'crafttweaker:netherite_diving_boots' that outputs: '<item:create:netherite_diving_boots>'
[18:25:30.602][INFO]: Removing 'crafting' recipes with output: 'com.blamejared.crafttweaker.api.item.MCItemStack@4a87d8e7'
[18:25:30.604][INFO]: Removing 'crafting' recipes with output: 'com.blamejared.crafttweaker.api.item.MCItemStack@6e2d6dcf'
[18:25:30.605][INFO]: Removing 'crafting' recipes with output: 'com.blamejared.crafttweaker.api.item.MCItemStack@9f4ef9fc'
[18:25:30.607][INFO]: Removing 'crafting' recipes with output: 'com.blamejared.crafttweaker.api.item.MCItemStack@de346136'
[18:25:30.608][INFO]: Adding 'minecraft:crafting' recipe, of type: "mirroring shaped", with name: 'crafttweaker:t1_leather_helmet' that outputs: '<item:minecraft:leather_helmet>'
[18:25:30.609][INFO]: Adding 'minecraft:crafting' recipe, of type: "shaped", with name: 'crafttweaker:t1_leather_chestplate' that outputs: '<item:minecraft:leather_chestplate>'
[18:25:30.609][INFO]: Adding 'minecraft:crafting' recipe, of type: "shaped", with name: 'crafttweaker:t1_leather_leggings' that outputs: '<item:minecraft:leather_leggings>'
[18:25:30.609][INFO]: Adding 'minecraft:crafting' recipe, of type: "mirroring shaped", with name: 'crafttweaker:t1_leather_boots' that outputs: '<item:minecraft:leather_boots>'
[18:25:30.610][INFO]: Removing 'crafting' recipes with output: 'com.blamejared.crafttweaker.api.item.MCItemStack@ac53e0cf'
[18:25:30.611][INFO]: Removing 'crafting' recipes with output: 'com.blamejared.crafttweaker.api.item.MCItemStack@b06ab49b'
[18:25:30.612][INFO]: Removing 'crafting' recipes with output: 'com.blamejared.crafttweaker.api.item.MCItemStack@987d7cdf'
[18:25:30.613][INFO]: Removing 'crafting' recipes with output: 'com.blamejared.crafttweaker.api.item.MCItemStack@eb81c633'
[18:25:30.615][INFO]: Adding 'minecraft:crafting' recipe, of type: "mirroring shaped", with name: 'crafttweaker:t1_police_helmet' that outputs: '<item:apocalypsenow:police_helmet>'
[18:25:30.615][INFO]: Adding 'minecraft:crafting' recipe, of type: "shaped", with name: 'crafttweaker:t1_police_chestplate' that outputs: '<item:apocalypsenow:police_chestplate>'
[18:25:30.616][INFO]: Adding 'minecraft:crafting' recipe, of type: "shaped", with name: 'crafttweaker:t1_police_leggings' that outputs: '<item:apocalypsenow:police_leggings>'
[18:25:30.616][INFO]: Adding 'minecraft:crafting' recipe, of type: "mirroring shaped", with name: 'crafttweaker:t1_police_boots' that outputs: '<item:apocalypsenow:police_boots>'
[18:25:30.616][INFO]: Removing 'crafting' recipes with output: 'com.blamejared.crafttweaker.api.item.MCItemStack@6c8b4fc5'
[18:25:30.617][INFO]: Removing 'crafting' recipes with output: 'com.blamejared.crafttweaker.api.item.MCItemStack@4243df94'
[18:25:30.619][INFO]: Removing 'crafting' recipes with output: 'com.blamejared.crafttweaker.api.item.MCItemStack@650f5e1'
[18:25:30.620][INFO]: Removing 'crafting' recipes with output: 'com.blamejared.crafttweaker.api.item.MCItemStack@2a6f1f97'
[18:25:30.622][INFO]: Adding 'minecraft:crafting' recipe, of type: "mirroring shaped", with name: 'crafttweaker:t1_fire_figther_helmet' that outputs: '<item:apocalypsenow:fire_figther_helmet>'
[18:25:30.622][INFO]: Adding 'minecraft:crafting' recipe, of type: "shaped", with name: 'crafttweaker:t1_fire_figther_chestplate' that outputs: '<item:apocalypsenow:fire_figther_chestplate>'
[18:25:30.623][INFO]: Adding 'minecraft:crafting' recipe, of type: "shaped", with name: 'crafttweaker:t1_fire_figther_leggings' that outputs: '<item:apocalypsenow:fire_figther_leggings>'
[18:25:30.623][INFO]: Adding 'minecraft:crafting' recipe, of type: "mirroring shaped", with name: 'crafttweaker:t1_fire_figther_boots' that outputs: '<item:apocalypsenow:fire_figther_boots>'
[18:25:30.623][INFO]: Removing 'crafting' recipes with output: 'com.blamejared.crafttweaker.api.item.MCItemStack@46ab7ece'
[18:25:30.624][INFO]: Removing 'crafting' recipes with output: 'com.blamejared.crafttweaker.api.item.MCItemStack@188f09c7'
[18:25:30.626][INFO]: Removing 'crafting' recipes with output: 'com.blamejared.crafttweaker.api.item.MCItemStack@86404299'
[18:25:30.627][INFO]: Removing 'crafting' recipes with output: 'com.blamejared.crafttweaker.api.item.MCItemStack@c76304cc'
[18:25:30.629][INFO]: Adding 'minecraft:crafting' recipe, of type: "mirroring shaped", with name: 'crafttweaker:t1_nurse_helmet' that outputs: '<item:apocalypsenow:nurse_helmet>'
[18:25:30.630][INFO]: Adding 'minecraft:crafting' recipe, of type: "shaped", with name: 'crafttweaker:t1_nurse_chestplate' that outputs: '<item:apocalypsenow:nurse_chestplate>'
[18:25:30.630][INFO]: Adding 'minecraft:crafting' recipe, of type: "shaped", with name: 'crafttweaker:t1_nurse_leggings' that outputs: '<item:apocalypsenow:nurse_leggings>'
[18:25:30.631][INFO]: Adding 'minecraft:crafting' recipe, of type: "mirroring shaped", with name: 'crafttweaker:t1_nurse_boots' that outputs: '<item:apocalypsenow:nurse_boots>'
[18:25:30.631][INFO]: Removing 'crafting' recipes with output: 'com.blamejared.crafttweaker.api.item.MCItemStack@46a68946'
[18:25:30.632][INFO]: Removing 'crafting' recipes with output: 'com.blamejared.crafttweaker.api.item.MCItemStack@90a4e12a'
[18:25:30.633][INFO]: Removing 'crafting' recipes with output: 'com.blamejared.crafttweaker.api.item.MCItemStack@e46d7d1b'
[18:25:30.635][INFO]: Removing 'crafting' recipes with output: 'com.blamejared.crafttweaker.api.item.MCItemStack@b2ccc9db'
[18:25:30.637][INFO]: Adding 'minecraft:crafting' recipe, of type: "mirroring shaped", with name: 'crafttweaker:t1_desertghillie_helmet' that outputs: '<item:apocalypsenow:desertghillie_helmet>'
[18:25:30.637][INFO]: Adding 'minecraft:crafting' recipe, of type: "shaped", with name: 'crafttweaker:t1_desertghillie_chestplate' that outputs: '<item:apocalypsenow:desertghillie_chestplate>'
[18:25:30.637][INFO]: Adding 'minecraft:crafting' recipe, of type: "shaped", with name: 'crafttweaker:t1_desertghillie_leggings' that outputs: '<item:apocalypsenow:desertghillie_leggings>'
[18:25:30.638][INFO]: Adding 'minecraft:crafting' recipe, of type: "mirroring shaped", with name: 'crafttweaker:t1_desertghillie_boots' that outputs: '<item:apocalypsenow:desertghillie_boots>'
[18:25:30.639][INFO]: Registering new items tag with name <tag:items:forge:ghilliesuits>
[18:25:30.641][INFO]: Adding: [apocalypsenow:desertghillie_chestplate] to tag: <tag:items:forge:ghilliesuits>
[18:25:30.642][INFO]: Removing 'crafting' recipes with output: 'com.blamejared.crafttweaker.api.item.MCItemStack@8cc7f637'
[18:25:30.644][INFO]: Removing 'crafting' recipes with output: 'com.blamejared.crafttweaker.api.item.MCItemStack@64323f1b'
[18:25:30.646][INFO]: Removing 'crafting' recipes with output: 'com.blamejared.crafttweaker.api.item.MCItemStack@551d9628'
[18:25:30.647][INFO]: Removing 'crafting' recipes with output: 'com.blamejared.crafttweaker.api.item.MCItemStack@95a63699'
[18:25:30.649][INFO]: Adding 'minecraft:crafting' recipe, of type: "mirroring shaped", with name: 'crafttweaker:t1_snowghillie_helmet' that outputs: '<item:apocalypsenow:snowghillie_helmet>'
[18:25:30.649][INFO]: Adding 'minecraft:crafting' recipe, of type: "shaped", with name: 'crafttweaker:t1_snowghillie_chestplate' that outputs: '<item:apocalypsenow:snowghillie_chestplate>'
[18:25:30.650][INFO]: Adding 'minecraft:crafting' recipe, of type: "shaped", with name: 'crafttweaker:t1_snowghillie_leggings' that outputs: '<item:apocalypsenow:snowghillie_leggings>'
[18:25:30.650][INFO]: Adding 'minecraft:crafting' recipe, of type: "mirroring shaped", with name: 'crafttweaker:t1_snowghillie_boots' that outputs: '<item:apocalypsenow:snowghillie_boots>'
[18:25:30.650][INFO]: Adding: [apocalypsenow:snowghillie_chestplate] to tag: <tag:items:forge:ghilliesuits>
[18:25:30.650][INFO]: Removing 'crafting' recipes with output: 'com.blamejared.crafttweaker.api.item.MCItemStack@974ed0d7'
[18:25:30.652][INFO]: Removing 'crafting' recipes with output: 'com.blamejared.crafttweaker.api.item.MCItemStack@4abad73f'
[18:25:30.653][INFO]: Removing 'crafting' recipes with output: 'com.blamejared.crafttweaker.api.item.MCItemStack@2374680e'
[18:25:30.655][INFO]: Removing 'crafting' recipes with output: 'com.blamejared.crafttweaker.api.item.MCItemStack@9e0d0e9a'
[18:25:30.656][INFO]: Adding 'minecraft:crafting' recipe, of type: "mirroring shaped", with name: 'crafttweaker:t1_ghilliesuit_helmet' that outputs: '<item:apocalypsenow:ghilliesuit_helmet>'
[18:25:30.657][INFO]: Adding 'minecraft:crafting' recipe, of type: "shaped", with name: 'crafttweaker:t1_ghilliesuit_chestplate' that outputs: '<item:apocalypsenow:ghilliesuit_chestplate>'
[18:25:30.657][INFO]: Adding 'minecraft:crafting' recipe, of type: "shaped", with name: 'crafttweaker:t1_ghilliesuit_leggings' that outputs: '<item:apocalypsenow:ghilliesuit_leggings>'
[18:25:30.658][INFO]: Adding 'minecraft:crafting' recipe, of type: "mirroring shaped", with name: 'crafttweaker:t1_ghilliesuit_boots' that outputs: '<item:apocalypsenow:ghilliesuit_boots>'
[18:25:30.658][INFO]: Adding: [apocalypsenow:ghilliesuit_chestplate] to tag: <tag:items:forge:ghilliesuits>
[18:25:30.658][INFO]: Removing 'crafting' recipes with output: 'com.blamejared.crafttweaker.api.item.MCItemStack@17421a8f'
[18:25:30.660][INFO]: Removing 'crafting' recipes with output: 'com.blamejared.crafttweaker.api.item.MCItemStack@bf2cd145'
[18:25:30.661][INFO]: Removing 'crafting' recipes with output: 'com.blamejared.crafttweaker.api.item.MCItemStack@5e5192b4'
[18:25:30.662][INFO]: Removing 'crafting' recipes with output: 'com.blamejared.crafttweaker.api.item.MCItemStack@786abdda'
[18:25:30.664][INFO]: Adding 'minecraft:crafting' recipe, of type: "mirroring shaped", with name: 'crafttweaker:t1_anarchy_helmet' that outputs: '<item:apocalypsenow:anarchy_helmet>'
[18:25:30.664][INFO]: Adding 'minecraft:crafting' recipe, of type: "shaped", with name: 'crafttweaker:t1_anarchy_chestplate' that outputs: '<item:apocalypsenow:anarchy_chestplate>'
[18:25:30.665][INFO]: Adding 'minecraft:crafting' recipe, of type: "shaped", with name: 'crafttweaker:t1_anarchy_leggings' that outputs: '<item:apocalypsenow:anarchy_leggings>'
[18:25:30.665][INFO]: Adding 'minecraft:crafting' recipe, of type: "mirroring shaped", with name: 'crafttweaker:t1_anarchy_boots' that outputs: '<item:apocalypsenow:anarchy_boots>'
[18:25:30.665][INFO]: Removing 'crafting' recipes with output: 'com.blamejared.crafttweaker.api.item.MCItemStack@56195cf'
[18:25:30.666][INFO]: Removing 'crafting' recipes with output: 'com.blamejared.crafttweaker.api.item.MCItemStack@acd6188b'
[18:25:30.668][INFO]: Removing 'crafting' recipes with output: 'com.blamejared.crafttweaker.api.item.MCItemStack@e162229'
[18:25:30.670][INFO]: Removing 'crafting' recipes with output: 'com.blamejared.crafttweaker.api.item.MCItemStack@b49d3788'
[18:25:30.671][INFO]: Adding 'minecraft:crafting' recipe, of type: "mirroring shaped", with name: 'crafttweaker:t1_forestguard_helmet' that outputs: '<item:apocalypsenow:forestguard_helmet>'
[18:25:30.672][INFO]: Adding 'minecraft:crafting' recipe, of type: "shaped", with name: 'crafttweaker:t1_forestguard_chestplate' that outputs: '<item:apocalypsenow:forestguard_chestplate>'
[18:25:30.672][INFO]: Adding 'minecraft:crafting' recipe, of type: "shaped", with name: 'crafttweaker:t1_forestguard_leggings' that outputs: '<item:apocalypsenow:forestguard_leggings>'
[18:25:30.672][INFO]: Adding 'minecraft:crafting' recipe, of type: "mirroring shaped", with name: 'crafttweaker:t1_forestguard_boots' that outputs: '<item:apocalypsenow:forestguard_boots>'
[18:25:30.672][INFO]: Removing 'crafting' recipes with output: 'com.blamejared.crafttweaker.api.item.MCItemStack@e67ef3b0'
[18:25:30.673][INFO]: Removing 'crafting' recipes with output: 'com.blamejared.crafttweaker.api.item.MCItemStack@70e3a59e'
[18:25:30.675][INFO]: Adding 'minecraft:crafting' recipe, of type: "mirroring shaped", with name: 'crafttweaker:t1_hunting_helmet' that outputs: '<item:apocalypsenow:hunting_helmet>'
[18:25:30.675][INFO]: Adding 'minecraft:crafting' recipe, of type: "shaped", with name: 'crafttweaker:t1_hunting_chestplate' that outputs: '<item:apocalypsenow:hunting_chestplate>'
[18:25:30.675][INFO]: Removing 'crafting' recipes with output: 'com.blamejared.crafttweaker.api.item.MCItemStack@46e637d7'
[18:25:30.677][INFO]: Adding 'minecraft:crafting' recipe, of type: "shaped", with name: 'crafttweaker:t1_life_jacket_bullet_helmet_chestplate' that outputs: '<item:apocalypsenow:life_jacket_bullet_helmet_chestplate>'
[18:25:30.677][INFO]: Removing 'crafting' recipes with output: 'com.blamejared.crafttweaker.api.item.MCItemStack@5208ea9'
[18:25:30.678][INFO]: Adding 'minecraft:crafting' recipe, of type: "shaped", with name: 'crafttweaker:t1_high_visibility_jacket_chestplate' that outputs: '<item:apocalypsenow:high_visibility_jacket_chestplate>'
[18:25:30.678][INFO]: Removing 'crafting' recipes with output: 'com.blamejared.crafttweaker.api.item.MCItemStack@f39b2700'
[18:25:30.680][INFO]: Adding 'minecraft:crafting' recipe, of type: "mirroring shaped", with name: 'crafttweaker:t1_jasonmask_helmet' that outputs: '<item:apocalypsenow:jasonmask_helmet>'
[18:25:30.680][INFO]: Removing 'crafting' recipes with output: 'com.blamejared.crafttweaker.api.item.MCItemStack@8891bcea'
[18:25:30.681][INFO]: Adding 'minecraft:crafting' recipe, of type: "mirroring shaped", with name: 'crafttweaker:t1_balaclava_helmet' that outputs: '<item:apocalypsenow:balaclava_helmet>'
[18:25:30.681][INFO]: Removing 'crafting' recipes with output: 'com.blamejared.crafttweaker.api.item.MCItemStack@a8305646'
[18:25:30.683][INFO]: Adding 'minecraft:crafting' recipe, of type: "mirroring shaped", with name: 'crafttweaker:t1_welding_mask_helmet' that outputs: '<item:apocalypsenow:welding_mask_helmet>'
[18:25:30.683][INFO]: Removing 'crafting' recipes with output: 'com.blamejared.crafttweaker.api.item.MCItemStack@94dd30a2'
[18:25:30.684][INFO]: Removing 'crafting' recipes with output: 'com.blamejared.crafttweaker.api.item.MCItemStack@8b01f9f'
[18:25:30.685][INFO]: Removing 'crafting' recipes with output: 'com.blamejared.crafttweaker.api.item.MCItemStack@c2e76500'
[18:25:30.686][INFO]: Removing 'crafting' recipes with output: 'com.blamejared.crafttweaker.api.item.MCItemStack@5a1d775f'
[18:25:30.688][INFO]: Adding 'minecraft:crafting' recipe, of type: "mirroring shaped", with name: 'crafttweaker:t2_hoglin_helmet' that outputs: '<item:cold_sweat:hoglin_headpiece>'
[18:25:30.688][INFO]: Adding 'minecraft:crafting' recipe, of type: "shaped", with name: 'crafttweaker:t2_hoglin_chestplate' that outputs: '<item:cold_sweat:hoglin_tunic>'
[18:25:30.688][INFO]: Adding 'minecraft:crafting' recipe, of type: "shaped", with name: 'crafttweaker:t2_hoglin_leggings' that outputs: '<item:cold_sweat:hoglin_trousers>'
[18:25:30.689][INFO]: Adding 'minecraft:crafting' recipe, of type: "mirroring shaped", with name: 'crafttweaker:t2_hoglin_boots' that outputs: '<item:cold_sweat:hoglin_hooves>'
[18:25:30.689][INFO]: Removing 'crafting' recipes with output: 'com.blamejared.crafttweaker.api.item.MCItemStack@5baa7101'
[18:25:30.690][INFO]: Removing 'crafting' recipes with output: 'com.blamejared.crafttweaker.api.item.MCItemStack@43115374'
[18:25:30.691][INFO]: Removing 'crafting' recipes with output: 'com.blamejared.crafttweaker.api.item.MCItemStack@55994447'
[18:25:30.692][INFO]: Removing 'crafting' recipes with output: 'com.blamejared.crafttweaker.api.item.MCItemStack@f645337c'
[18:25:30.694][INFO]: Adding 'minecraft:crafting' recipe, of type: "mirroring shaped", with name: 'crafttweaker:t2_fur_helmet' that outputs: '<item:cold_sweat:fur_cap>'
[18:25:30.694][INFO]: Adding 'minecraft:crafting' recipe, of type: "shaped", with name: 'crafttweaker:t2_fur_chestplate' that outputs: '<item:cold_sweat:fur_parka>'
[18:25:30.694][INFO]: Adding 'minecraft:crafting' recipe, of type: "shaped", with name: 'crafttweaker:t2_fur_leggings' that outputs: '<item:cold_sweat:fur_pants>'
[18:25:30.694][INFO]: Adding 'minecraft:crafting' recipe, of type: "mirroring shaped", with name: 'crafttweaker:t2_fur_boots' that outputs: '<item:cold_sweat:fur_boots>'
[18:25:30.695][INFO]: Adding 'minecraft:crafting' recipe, of type: "mirroring shaped", with name: 'crafttweaker:t2_chain_helmet' that outputs: '<item:minecraft:chainmail_helmet>'
[18:25:30.695][INFO]: Adding 'minecraft:crafting' recipe, of type: "shaped", with name: 'crafttweaker:t2_chain_chestplate' that outputs: '<item:minecraft:chainmail_chestplate>'
[18:25:30.696][INFO]: Adding 'minecraft:crafting' recipe, of type: "shaped", with name: 'crafttweaker:t2_chain_leggings' that outputs: '<item:minecraft:chainmail_leggings>'
[18:25:30.696][INFO]: Adding 'minecraft:crafting' recipe, of type: "mirroring shaped", with name: 'crafttweaker:t2_chain_boots' that outputs: '<item:minecraft:chainmail_boots>'
[18:25:30.696][INFO]: Removing 'crafting' recipes with output: 'com.blamejared.crafttweaker.api.item.MCItemStack@2290d6e5'
[18:25:30.697][INFO]: Removing 'crafting' recipes with output: 'com.blamejared.crafttweaker.api.item.MCItemStack@f412d064'
[18:25:30.698][INFO]: Removing 'crafting' recipes with output: 'com.blamejared.crafttweaker.api.item.MCItemStack@459bfdd8'
[18:25:30.699][INFO]: Removing 'crafting' recipes with output: 'com.blamejared.crafttweaker.api.item.MCItemStack@d148fd30'
[18:25:30.701][INFO]: Adding 'minecraft:crafting' recipe, of type: "mirroring shaped", with name: 'crafttweaker:t2_iron_helmet' that outputs: '<item:minecraft:iron_helmet>'
[18:25:30.701][INFO]: Adding 'minecraft:crafting' recipe, of type: "shaped", with name: 'crafttweaker:t2_iron_chestplate' that outputs: '<item:minecraft:iron_chestplate>'
[18:25:30.702][INFO]: Adding 'minecraft:crafting' recipe, of type: "shaped", with name: 'crafttweaker:t2_iron_leggings' that outputs: '<item:minecraft:iron_leggings>'
[18:25:30.702][INFO]: Adding 'minecraft:crafting' recipe, of type: "mirroring shaped", with name: 'crafttweaker:t2_iron_boots' that outputs: '<item:minecraft:iron_boots>'
[18:25:30.702][INFO]: Registering new items tag with name <tag:items:forge:vanilla_chestplate>
[18:25:30.702][INFO]: Adding: [minecraft:iron_chestplate] to tag: <tag:items:forge:vanilla_chestplate>
[18:25:30.702][INFO]: Removing 'crafting' recipes with output: 'com.blamejared.crafttweaker.api.item.MCItemStack@c5f7b7f8'
[18:25:30.704][INFO]: Removing 'crafting' recipes with output: 'com.blamejared.crafttweaker.api.item.MCItemStack@ee01d926'
[18:25:30.705][INFO]: Removing 'crafting' recipes with output: 'com.blamejared.crafttweaker.api.item.MCItemStack@50434553'
[18:25:30.706][INFO]: Removing 'crafting' recipes with output: 'com.blamejared.crafttweaker.api.item.MCItemStack@6436eb50'
[18:25:30.707][INFO]: Adding 'minecraft:crafting' recipe, of type: "mirroring shaped", with name: 'crafttweaker:t2_copper_helmet' that outputs: '<item:create_sa:copper_helmet>'
[18:25:30.708][INFO]: Adding 'minecraft:crafting' recipe, of type: "shaped", with name: 'crafttweaker:t2_copper_chestplate' that outputs: '<item:create_sa:copper_chestplate>'
[18:25:30.708][INFO]: Adding 'minecraft:crafting' recipe, of type: "shaped", with name: 'crafttweaker:t2_copper_leggings' that outputs: '<item:create_sa:copper_leggings>'
[18:25:30.709][INFO]: Adding 'minecraft:crafting' recipe, of type: "mirroring shaped", with name: 'crafttweaker:t2_copper_boots' that outputs: '<item:create_sa:copper_boots>'
[18:25:30.709][INFO]: Adding: [create_sa:copper_chestplate] to tag: <tag:items:forge:vanilla_chestplate>
[18:25:30.709][INFO]: Removing 'crafting' recipes with output: 'com.blamejared.crafttweaker.api.item.MCItemStack@7d56dc70'
[18:25:30.710][INFO]: Removing 'crafting' recipes with output: 'com.blamejared.crafttweaker.api.item.MCItemStack@79b37b17'
[18:25:30.711][INFO]: Removing 'crafting' recipes with output: 'com.blamejared.crafttweaker.api.item.MCItemStack@8e68ef5e'
[18:25:30.713][INFO]: Removing 'crafting' recipes with output: 'com.blamejared.crafttweaker.api.item.MCItemStack@fcfd7946'
[18:25:30.714][INFO]: Adding 'minecraft:crafting' recipe, of type: "mirroring shaped", with name: 'crafttweaker:t2_zinc_helmet' that outputs: '<item:create_sa:zinc_helmet>'
[18:25:30.715][INFO]: Adding 'minecraft:crafting' recipe, of type: "shaped", with name: 'crafttweaker:t2_zinc_chestplate' that outputs: '<item:create_sa:zinc_chestplate>'
[18:25:30.715][INFO]: Adding 'minecraft:crafting' recipe, of type: "shaped", with name: 'crafttweaker:t2_zinc_leggings' that outputs: '<item:create_sa:zinc_leggings>'
[18:25:30.716][INFO]: Adding 'minecraft:crafting' recipe, of type: "mirroring shaped", with name: 'crafttweaker:t2_zinc_boots' that outputs: '<item:create_sa:zinc_boots>'
[18:25:30.716][INFO]: Adding: [create_sa:zinc_chestplate] to tag: <tag:items:forge:vanilla_chestplate>
[18:25:30.716][INFO]: Removing 'crafting' recipes with output: 'com.blamejared.crafttweaker.api.item.MCItemStack@b1465d6f'
[18:25:30.718][INFO]: Removing 'crafting' recipes with output: 'com.blamejared.crafttweaker.api.item.MCItemStack@1fb04d59'
[18:25:30.721][INFO]: Removing 'crafting' recipes with output: 'com.blamejared.crafttweaker.api.item.MCItemStack@1c1333d5'
[18:25:30.723][INFO]: Removing 'crafting' recipes with output: 'com.blamejared.crafttweaker.api.item.MCItemStack@be097737'
[18:25:30.725][INFO]: Adding 'minecraft:crafting' recipe, of type: "mirroring shaped", with name: 'crafttweaker:t2_construction_helmet' that outputs: '<item:apocalypsenow:construction_helmet>'
[18:25:30.726][INFO]: Adding 'minecraft:crafting' recipe, of type: "shaped", with name: 'crafttweaker:t2_construction_chestplate' that outputs: '<item:apocalypsenow:construction_chestplate>'
[18:25:30.726][INFO]: Adding 'minecraft:crafting' recipe, of type: "shaped", with name: 'crafttweaker:t2_construction_leggings' that outputs: '<item:apocalypsenow:construction_leggings>'
[18:25:30.727][INFO]: Adding 'minecraft:crafting' recipe, of type: "mirroring shaped", with name: 'crafttweaker:t2_construction_boots' that outputs: '<item:apocalypsenow:construction_boots>'
[18:25:30.727][INFO]: Removing 'crafting' recipes with output: 'com.blamejared.crafttweaker.api.item.MCItemStack@1bc94028'
[18:25:30.729][INFO]: Removing 'crafting' recipes with output: 'com.blamejared.crafttweaker.api.item.MCItemStack@150949dc'
[18:25:30.731][INFO]: Removing 'crafting' recipes with output: 'com.blamejared.crafttweaker.api.item.MCItemStack@88538da8'
[18:25:30.733][INFO]: Removing 'crafting' recipes with output: 'com.blamejared.crafttweaker.api.item.MCItemStack@966c7e16'
[18:25:30.736][INFO]: Adding 'minecraft:crafting' recipe, of type: "mirroring shaped", with name: 'crafttweaker:t2_yellow_football_armor_helmet' that outputs: '<item:apocalypsenow:yellow_football_armor_helmet>'
[18:25:30.736][INFO]: Adding 'minecraft:crafting' recipe, of type: "shaped", with name: 'crafttweaker:t2_yellow_football_armor_chestplate' that outputs: '<item:apocalypsenow:yellow_football_armor_chestplate>'
[18:25:30.737][INFO]: Adding 'minecraft:crafting' recipe, of type: "shaped", with name: 'crafttweaker:t2_yellow_football_armor_leggings' that outputs: '<item:apocalypsenow:yellow_football_armor_leggings>'
[18:25:30.738][INFO]: Adding 'minecraft:crafting' recipe, of type: "mirroring shaped", with name: 'crafttweaker:t2_yellow_football_armor_boots' that outputs: '<item:apocalypsenow:yellow_football_armor_boots>'
[18:25:30.738][INFO]: Registering new items tag with name <tag:items:forge:football_chestplate>
[18:25:30.738][INFO]: Adding: [apocalypsenow:yellow_football_armor_chestplate] to tag: <tag:items:forge:football_chestplate>
[18:25:30.738][INFO]: Removing 'crafting' recipes with output: 'com.blamejared.crafttweaker.api.item.MCItemStack@2e95e40c'
[18:25:30.741][INFO]: Removing 'crafting' recipes with output: 'com.blamejared.crafttweaker.api.item.MCItemStack@fc2c22a4'
[18:25:30.743][INFO]: Removing 'crafting' recipes with output: 'com.blamejared.crafttweaker.api.item.MCItemStack@ca6037'
[18:25:30.745][INFO]: Removing 'crafting' recipes with output: 'com.blamejared.crafttweaker.api.item.MCItemStack@536a7e4b'
[18:25:30.746][INFO]: Adding 'minecraft:crafting' recipe, of type: "mirroring shaped", with name: 'crafttweaker:t2_red_football_armor_helmet' that outputs: '<item:apocalypsenow:red_football_armor_helmet>'
[18:25:30.747][INFO]: Adding 'minecraft:crafting' recipe, of type: "shaped", with name: 'crafttweaker:t2_red_football_armor_chestplate' that outputs: '<item:apocalypsenow:red_football_armor_chestplate>'
[18:25:30.747][INFO]: Adding 'minecraft:crafting' recipe, of type: "shaped", with name: 'crafttweaker:t2_red_football_armor_leggings' that outputs: '<item:apocalypsenow:red_football_armor_leggings>'
[18:25:30.748][INFO]: Adding 'minecraft:crafting' recipe, of type: "mirroring shaped", with name: 'crafttweaker:t2_red_football_armor_boots' that outputs: '<item:apocalypsenow:red_football_armor_boots>'
[18:25:30.748][INFO]: Adding: [apocalypsenow:red_football_armor_chestplate] to tag: <tag:items:forge:football_chestplate>
[18:25:30.748][INFO]: Removing 'crafting' recipes with output: 'com.blamejared.crafttweaker.api.item.MCItemStack@98c7e287'
[18:25:30.750][INFO]: Removing 'crafting' recipes with output: 'com.blamejared.crafttweaker.api.item.MCItemStack@526a5294'
[18:25:30.752][INFO]: Removing 'crafting' recipes with output: 'com.blamejared.crafttweaker.api.item.MCItemStack@d9669825'
[18:25:30.753][INFO]: Removing 'crafting' recipes with output: 'com.blamejared.crafttweaker.api.item.MCItemStack@ee681d02'
[18:25:30.756][INFO]: Adding 'minecraft:crafting' recipe, of type: "mirroring shaped", with name: 'crafttweaker:t2_blue_football_armor_helmet' that outputs: '<item:apocalypsenow:blue_football_armor_helmet>'
[18:25:30.756][INFO]: Adding 'minecraft:crafting' recipe, of type: "shaped", with name: 'crafttweaker:t2_blue_football_armor_chestplate' that outputs: '<item:apocalypsenow:blue_football_armor_chestplate>'
[18:25:30.757][INFO]: Adding 'minecraft:crafting' recipe, of type: "shaped", with name: 'crafttweaker:t2_blue_football_armor_leggings' that outputs: '<item:apocalypsenow:blue_football_armor_leggings>'
[18:25:30.757][INFO]: Adding 'minecraft:crafting' recipe, of type: "mirroring shaped", with name: 'crafttweaker:t2_blue_football_armor_boots' that outputs: '<item:apocalypsenow:blue_football_armor_boots>'
[18:25:30.757][INFO]: Adding: [apocalypsenow:blue_football_armor_chestplate] to tag: <tag:items:forge:football_chestplate>
[18:25:30.757][INFO]: Removing 'crafting' recipes with output: 'com.blamejared.crafttweaker.api.item.MCItemStack@a68d9fd7'
[18:25:30.759][INFO]: Removing 'crafting' recipes with output: 'com.blamejared.crafttweaker.api.item.MCItemStack@d5f337f2'
[18:25:30.761][INFO]: Removing 'crafting' recipes with output: 'com.blamejared.crafttweaker.api.item.MCItemStack@d0978ca7'
[18:25:30.763][INFO]: Removing 'crafting' recipes with output: 'com.blamejared.crafttweaker.api.item.MCItemStack@6175eaff'
[18:25:30.765][INFO]: Adding 'minecraft:crafting' recipe, of type: "mirroring shaped", with name: 'crafttweaker:t2_black_football_armor_helmet' that outputs: '<item:apocalypsenow:black_football_armor_helmet>'
[18:25:30.765][INFO]: Adding 'minecraft:crafting' recipe, of type: "shaped", with name: 'crafttweaker:t2_black_football_armor_chestplate' that outputs: '<item:apocalypsenow:black_football_armor_chestplate>'
[18:25:30.766][INFO]: Adding 'minecraft:crafting' recipe, of type: "shaped", with name: 'crafttweaker:t2_black_football_armor_leggings' that outputs: '<item:apocalypsenow:black_football_armor_leggings>'
[18:25:30.766][INFO]: Adding 'minecraft:crafting' recipe, of type: "mirroring shaped", with name: 'crafttweaker:t2_black_football_armor_boots' that outputs: '<item:apocalypsenow:black_football_armor_boots>'
[18:25:30.766][INFO]: Adding: [apocalypsenow:black_football_armor_chestplate] to tag: <tag:items:forge:football_chestplate>
[18:25:30.766][INFO]: Removing 'crafting' recipes with output: 'com.blamejared.crafttweaker.api.item.MCItemStack@239b4829'
[18:25:30.768][INFO]: Removing 'crafting' recipes with output: 'com.blamejared.crafttweaker.api.item.MCItemStack@2d972f18'
[18:25:30.770][INFO]: Removing 'crafting' recipes with output: 'com.blamejared.crafttweaker.api.item.MCItemStack@e649ca6f'
[18:25:30.772][INFO]: Adding 'minecraft:crafting' recipe, of type: "mirroring shaped", with name: 'crafttweaker:t2_red_fighting_helmet' that outputs: '<item:apocalypsenow:red_fighting_helmet>'
[18:25:30.773][INFO]: Adding 'minecraft:crafting' recipe, of type: "shaped", with name: 'crafttweaker:t2_red_fighting_chestplate' that outputs: '<item:apocalypsenow:red_fighting_chestplate>'
[18:25:30.773][INFO]: Adding 'minecraft:crafting' recipe, of type: "shaped", with name: 'crafttweaker:t2_red_fighting_leggings' that outputs: '<item:apocalypsenow:red_fighting_leggings>'
[18:25:30.773][INFO]: Registering new items tag with name <tag:items:forge:fighting_chestplate>
[18:25:30.773][INFO]: Adding: [apocalypsenow:red_fighting_chestplate] to tag: <tag:items:forge:fighting_chestplate>
[18:25:30.774][INFO]: Removing 'crafting' recipes with output: 'com.blamejared.crafttweaker.api.item.MCItemStack@c5141e97'
[18:25:30.775][INFO]: Removing 'crafting' recipes with output: 'com.blamejared.crafttweaker.api.item.MCItemStack@2a197f5f'
[18:25:30.777][INFO]: Removing 'crafting' recipes with output: 'com.blamejared.crafttweaker.api.item.MCItemStack@3cf95cee'
[18:25:30.780][INFO]: Adding 'minecraft:crafting' recipe, of type: "mirroring shaped", with name: 'crafttweaker:t2_blue_fighting_helmet' that outputs: '<item:apocalypsenow:blue_fighting_helmet>'
[18:25:30.780][INFO]: Adding 'minecraft:crafting' recipe, of type: "shaped", with name: 'crafttweaker:t2_blue_fighting_chestplate' that outputs: '<item:apocalypsenow:blue_fighting_chestplate>'
[18:25:30.781][INFO]: Adding 'minecraft:crafting' recipe, of type: "shaped", with name: 'crafttweaker:t2_blue_fighting_leggings' that outputs: '<item:apocalypsenow:blue_fighting_leggings>'
[18:25:30.781][INFO]: Adding: [apocalypsenow:blue_fighting_chestplate] to tag: <tag:items:forge:fighting_chestplate>
[18:25:30.781][INFO]: Removing 'crafting' recipes with output: 'com.blamejared.crafttweaker.api.item.MCItemStack@4ae91691'
[18:25:30.782][INFO]: Removing 'crafting' recipes with output: 'com.blamejared.crafttweaker.api.item.MCItemStack@91234a57'
[18:25:30.784][INFO]: Removing 'crafting' recipes with output: 'com.blamejared.crafttweaker.api.item.MCItemStack@f03fb30b'
[18:25:30.785][INFO]: Removing 'crafting' recipes with output: 'com.blamejared.crafttweaker.api.item.MCItemStack@6336f5b'
[18:25:30.787][INFO]: Adding 'minecraft:crafting' recipe, of type: "mirroring shaped", with name: 'crafttweaker:t2_army_helmet' that outputs: '<item:apocalypsenow:army_helmet>'
[18:25:30.787][INFO]: Adding 'minecraft:crafting' recipe, of type: "shaped", with name: 'crafttweaker:t2_army_chestplate' that outputs: '<item:apocalypsenow:army_chestplate>'
[18:25:30.788][INFO]: Adding 'minecraft:crafting' recipe, of type: "shaped", with name: 'crafttweaker:t2_army_leggings' that outputs: '<item:apocalypsenow:army_leggings>'
[18:25:30.788][INFO]: Adding 'minecraft:crafting' recipe, of type: "mirroring shaped", with name: 'crafttweaker:t2_army_boots' that outputs: '<item:apocalypsenow:army_boots>'
[18:25:30.788][INFO]: Removing 'crafting' recipes with output: 'com.blamejared.crafttweaker.api.item.MCItemStack@24bec962'
[18:25:30.790][INFO]: Removing 'crafting' recipes with output: 'com.blamejared.crafttweaker.api.item.MCItemStack@4f0944e0'
[18:25:30.791][INFO]: Removing 'crafting' recipes with output: 'com.blamejared.crafttweaker.api.item.MCItemStack@274a5f0e'
[18:25:30.792][INFO]: Removing 'crafting' recipes with output: 'com.blamejared.crafttweaker.api.item.MCItemStack@b9458822'
[18:25:30.794][INFO]: Adding 'minecraft:crafting' recipe, of type: "mirroring shaped", with name: 'crafttweaker:t2_royal_canada_police_officer_helmet' that outputs: '<item:apocalypsenow:royal_canada_police_officer_helmet>'
[18:25:30.794][INFO]: Adding 'minecraft:crafting' recipe, of type: "shaped", with name: 'crafttweaker:t2_royal_canada_police_officer_chestplate' that outputs: '<item:apocalypsenow:royal_canada_police_officer_chestplate>'
[18:25:30.795][INFO]: Adding 'minecraft:crafting' recipe, of type: "shaped", with name: 'crafttweaker:t2_royal_canada_police_officer_leggings' that outputs: '<item:apocalypsenow:royal_canada_police_officer_leggings>'
[18:25:30.795][INFO]: Adding 'minecraft:crafting' recipe, of type: "mirroring shaped", with name: 'crafttweaker:t2_royal_canada_police_officer_boots' that outputs: '<item:apocalypsenow:royal_canada_police_officer_boots>'
[18:25:30.795][INFO]: Removing 'crafting' recipes with output: 'com.blamejared.crafttweaker.api.item.MCItemStack@1221d51e'
[18:25:30.797][INFO]: Adding 'create:mechanical_crafting' recipe, with name: 'crafttweaker:t2_hazmat_helmet' that outputs: '<item:apocalypsenow:hazmat_suit_helmet>'
[18:25:30.797][INFO]: Removing 'crafting' recipes with output: 'com.blamejared.crafttweaker.api.item.MCItemStack@f157987f'
[18:25:30.799][INFO]: Adding 'create:mechanical_crafting' recipe, with name: 'crafttweaker:t2_hazmat_chestplate' that outputs: '<item:apocalypsenow:hazmat_suit_chestplate>'
[18:25:30.799][INFO]: Removing 'crafting' recipes with output: 'com.blamejared.crafttweaker.api.item.MCItemStack@4b7e0e46'
[18:25:30.801][INFO]: Adding 'create:mechanical_crafting' recipe, with name: 'crafttweaker:t2_hazmat_leggings' that outputs: '<item:apocalypsenow:hazmat_suit_leggings>'
[18:25:30.801][INFO]: Removing 'crafting' recipes with output: 'com.blamejared.crafttweaker.api.item.MCItemStack@b7a152e3'
[18:25:30.802][INFO]: Adding 'create:mechanical_crafting' recipe, with name: 'crafttweaker:t2_hazmat_boots' that outputs: '<item:apocalypsenow:hazmat_suit_boots>'
[18:25:30.803][INFO]: Removing 'create:mechanical_crafting' recipes with output: 'com.blamejared.crafttweaker.api.item.MCItemStack@ae4fb61b'
[18:25:30.803][INFO]: Removing 'create:mechanical_crafting' recipes with output: 'com.blamejared.crafttweaker.api.item.MCItemStack@2f22a6d3'
[18:25:30.804][INFO]: Adding 'create:mechanical_crafting' recipe, with name: 'crafttweaker:t2_andesite_jetpack_chestplate' that outputs: '<item:create_sa:andesite_jetpack_chestplate>'
[18:25:30.805][INFO]: Adding 'create:mechanical_crafting' recipe, with name: 'crafttweaker:t2_copper_jetpack_chestplate' that outputs: '<item:create_sa:copper_jetpack_chestplate>'
[18:25:30.805][INFO]: Removing 'create:mechanical_crafting' recipes with output: 'com.blamejared.crafttweaker.api.item.MCItemStack@fd935b0a'
[18:25:30.805][INFO]: Removing 'crafting' recipes with output: 'com.blamejared.crafttweaker.api.item.MCItemStack@411c84df'
[18:25:30.807][INFO]: Adding 'create:mechanical_crafting' recipe, with name: 'crafttweaker:t2_andesite_exoskeleton_chestplate' that outputs: '<item:create_sa:andesite_exoskeleton_chestplate>'
[18:25:30.807][INFO]: Adding 'create:mechanical_crafting' recipe, with name: 'crafttweaker:t2_copper_exoskeleton_chestplate' that outputs: '<item:create_sa:copper_exoskeleton_chestplate>'
[18:25:30.807][INFO]: Registering new items tag with name <tag:items:forge:t1_exoskeleton>
[18:25:30.807][INFO]: Adding: [create_sa:andesite_exoskeleton_chestplate] to tag: <tag:items:forge:t1_exoskeleton>
[18:25:30.808][INFO]: Adding: [create_sa:copper_exoskeleton_chestplate] to tag: <tag:items:forge:t1_exoskeleton>
[18:25:30.808][INFO]: Removing 'crafting' recipes with output: 'com.blamejared.crafttweaker.api.item.MCItemStack@9afdf3b1'
[18:25:30.810][INFO]: Adding 'minecraft:crafting' recipe, of type: "mirroring shaped", with name: 'crafttweaker:gasmask_helmet' that outputs: '<item:apocalypsenow:gasmask_helmet>'
[18:25:30.810][INFO]: Removing 'crafting' recipes with output: 'com.blamejared.crafttweaker.api.item.MCItemStack@f0445b54'
[18:25:30.811][INFO]: Removing 'crafting' recipes with output: 'com.blamejared.crafttweaker.api.item.MCItemStack@da691c54'
[18:25:30.813][INFO]: Removing 'crafting' recipes with output: 'com.blamejared.crafttweaker.api.item.MCItemStack@3b2e2c07'
[18:25:30.814][INFO]: Removing 'crafting' recipes with output: 'com.blamejared.crafttweaker.api.item.MCItemStack@7f6c3728'
[18:25:30.816][INFO]: Removing 'crafting' recipes with output: 'com.blamejared.crafttweaker.api.item.MCItemStack@f358a675'
[18:25:30.817][INFO]: Removing 'crafting' recipes with output: 'com.blamejared.crafttweaker.api.item.MCItemStack@175c795'
[18:25:30.818][INFO]: Removing 'crafting' recipes with output: 'com.blamejared.crafttweaker.api.item.MCItemStack@d6670574'
[18:25:30.820][INFO]: Removing 'crafting' recipes with output: 'com.blamejared.crafttweaker.api.item.MCItemStack@b7865393'
[18:25:30.822][INFO]: Adding 'minecraft:crafting' recipe, of type: "mirroring shaped", with name: 'crafttweaker:t2_red_biker_helmet' that outputs: '<item:apocalypsenow:red_bikers_helmet>'
[18:25:30.822][INFO]: Adding 'minecraft:crafting' recipe, of type: "mirroring shaped", with name: 'crafttweaker:t2_green_biker_helmet' that outputs: '<item:apocalypsenow:green_bikers_helmet>'
[18:25:30.822][INFO]: Adding 'minecraft:crafting' recipe, of type: "mirroring shaped", with name: 'crafttweaker:t2_blue_biker_helmet' that outputs: '<item:apocalypsenow:black_bikers_helmet>'
[18:25:30.823][INFO]: Adding 'minecraft:crafting' recipe, of type: "mirroring shaped", with name: 'crafttweaker:t2_pink_biker_helmet' that outputs: '<item:apocalypsenow:pink_bikers_helmet>'
[18:25:30.823][INFO]: Adding 'minecraft:crafting' recipe, of type: "mirroring shaped", with name: 'crafttweaker:t2_biker_helmet' that outputs: '<item:apocalypsenow:bikers_helmet>'
[18:25:30.824][INFO]: Adding 'minecraft:crafting' recipe, of type: "mirroring shaped", with name: 'crafttweaker:t2_black_motorcycle_helmet' that outputs: '<item:apocalypsenow:black_motorcycle_helmet_helmet>'
[18:25:30.824][INFO]: Adding 'minecraft:crafting' recipe, of type: "mirroring shaped", with name: 'crafttweaker:t2_red_motorcycle_helmet' that outputs: '<item:apocalypsenow:red_motorcycle_helmet_helmet>'
[18:25:30.825][INFO]: Adding 'minecraft:crafting' recipe, of type: "mirroring shaped", with name: 'crafttweaker:t2_blue_motorcycle_helmet' that outputs: '<item:apocalypsenow:bluemotorcyclehelmet_helmet>'
[18:25:30.825][INFO]: Adding 'minecraft:crafting' recipe, of type: "mirroring shaped", with name: 'crafttweaker:t2_officer_helmet' that outputs: '<item:apocalypsenow:officer_helmet>'
[18:25:30.825][INFO]: Removing 'crafting' recipes with output: 'com.blamejared.crafttweaker.api.item.MCItemStack@7bfc2489'
[18:25:30.828][INFO]: Adding 'minecraft:crafting' recipe, of type: "mirroring shaped", with name: 'crafttweaker:t2_baseball_helmet_helmet' that outputs: '<item:apocalypsenow:baseball_helmet_helmet>'
[18:25:30.828][INFO]: Removing 'crafting' recipes with output: 'com.blamejared.crafttweaker.api.item.MCItemStack@f8eaeaba'
[18:25:30.831][INFO]: Adding 'minecraft:crafting' recipe, of type: "mirroring shaped", with name: 'crafttweaker:t2_hockey_helmet' that outputs: '<item:apocalypsenow:hockey_helmet>'
[18:25:30.831][INFO]: Removing 'crafting' recipes with output: 'com.blamejared.crafttweaker.api.item.MCItemStack@f091fdf6'
[18:25:30.833][INFO]: Removing 'crafting' recipes with output: 'com.blamejared.crafttweaker.api.item.MCItemStack@c19d7602'
[18:25:30.834][INFO]: Removing 'crafting' recipes with output: 'com.blamejared.crafttweaker.api.item.MCItemStack@5c1dbf6b'
[18:25:30.836][INFO]: Removing 'crafting' recipes with output: 'com.blamejared.crafttweaker.api.item.MCItemStack@9341cec2'
[18:25:30.839][INFO]: Removing 'crafting' recipes with output: 'com.blamejared.crafttweaker.api.item.MCItemStack@2d67067a'
[18:25:30.840][INFO]: Removing 'crafting' recipes with output: 'com.blamejared.crafttweaker.api.item.MCItemStack@fd25cf2a'
[18:25:30.842][INFO]: Removing 'crafting' recipes with output: 'com.blamejared.crafttweaker.api.item.MCItemStack@818756f3'
[18:25:30.843][INFO]: Removing 'crafting' recipes with output: 'com.blamejared.crafttweaker.api.item.MCItemStack@2f0f0862'
[18:25:30.845][INFO]: Adding 'minecraft:crafting' recipe, of type: "mirroring shaped", with name: 'crafttweaker:t3_u_sarmy_helmet' that outputs: '<item:apocalypsenow:u_sarmy_helmet>'
[18:25:30.845][INFO]: Adding 'minecraft:crafting' recipe, of type: "shaped", with name: 'crafttweaker:t3_u_sarmy_chestplate' that outputs: '<item:apocalypsenow:u_sarmy_chestplate>'
[18:25:30.846][INFO]: Adding 'minecraft:crafting' recipe, of type: "shaped", with name: 'crafttweaker:t3_u_sarmy_leggings' that outputs: '<item:apocalypsenow:u_sarmy_leggings>'
[18:25:30.846][INFO]: Adding 'minecraft:crafting' recipe, of type: "mirroring shaped", with name: 'crafttweaker:t3_u_sarmy_boots' that outputs: '<item:apocalypsenow:u_sarmy_boots>'
[18:25:30.846][INFO]: Registering new items tag with name <tag:items:forge:army_chestplate>
[18:25:30.846][INFO]: Adding: [apocalypsenow:u_sarmy_chestplate] to tag: <tag:items:forge:army_chestplate>
[18:25:30.846][INFO]: Removing 'crafting' recipes with output: 'com.blamejared.crafttweaker.api.item.MCItemStack@8041707f'
[18:25:30.848][INFO]: Removing 'crafting' recipes with output: 'com.blamejared.crafttweaker.api.item.MCItemStack@dbda7ade'
[18:25:30.849][INFO]: Removing 'crafting' recipes with output: 'com.blamejared.crafttweaker.api.item.MCItemStack@701d88f6'
[18:25:30.851][INFO]: Removing 'crafting' recipes with output: 'com.blamejared.crafttweaker.api.item.MCItemStack@e02fd470'
[18:25:30.853][INFO]: Adding 'minecraft:crafting' recipe, of type: "mirroring shaped", with name: 'crafttweaker:t3_canadian_army_helmet' that outputs: '<item:apocalypsenow:canadian_army_helmet>'
[18:25:30.853][INFO]: Adding 'minecraft:crafting' recipe, of type: "shaped", with name: 'crafttweaker:t3_canadian_army_chestplate' that outputs: '<item:apocalypsenow:canadian_army_chestplate>'
[18:25:30.853][INFO]: Adding 'minecraft:crafting' recipe, of type: "shaped", with name: 'crafttweaker:t3_canadian_army_leggings' that outputs: '<item:apocalypsenow:canadian_army_leggings>'
[18:25:30.854][INFO]: Adding 'minecraft:crafting' recipe, of type: "mirroring shaped", with name: 'crafttweaker:t3_canadian_army_boots' that outputs: '<item:apocalypsenow:canadian_army_boots>'
[18:25:30.854][INFO]: Adding: [apocalypsenow:canadian_army_chestplate] to tag: <tag:items:forge:army_chestplate>
[18:25:30.854][INFO]: Removing 'crafting' recipes with output: 'com.blamejared.crafttweaker.api.item.MCItemStack@1d9e37b9'
[18:25:30.856][INFO]: Removing 'crafting' recipes with output: 'com.blamejared.crafttweaker.api.item.MCItemStack@bff379ed'
[18:25:30.857][INFO]: Removing 'crafting' recipes with output: 'com.blamejared.crafttweaker.api.item.MCItemStack@9fbdd3c7'
[18:25:30.859][INFO]: Removing 'crafting' recipes with output: 'com.blamejared.crafttweaker.api.item.MCItemStack@e79c05a8'
[18:25:30.861][INFO]: Adding 'minecraft:crafting' recipe, of type: "mirroring shaped", with name: 'crafttweaker:t3_mexican_army_helmet' that outputs: '<item:apocalypsenow:mexican_army_helmet>'
[18:25:30.861][INFO]: Adding 'minecraft:crafting' recipe, of type: "shaped", with name: 'crafttweaker:t3_mexican_army_chestplate' that outputs: '<item:apocalypsenow:mexican_army_chestplate>'
[18:25:30.861][INFO]: Adding 'minecraft:crafting' recipe, of type: "shaped", with name: 'crafttweaker:t3_mexican_army_leggings' that outputs: '<item:apocalypsenow:mexican_army_leggings>'
[18:25:30.862][INFO]: Adding 'minecraft:crafting' recipe, of type: "mirroring shaped", with name: 'crafttweaker:t3_mexican_army_boots' that outputs: '<item:apocalypsenow:mexican_army_boots>'
[18:25:30.862][INFO]: Adding: [apocalypsenow:mexican_army_chestplate] to tag: <tag:items:forge:army_chestplate>
[18:25:30.862][INFO]: Removing 'crafting' recipes with output: 'com.blamejared.crafttweaker.api.item.MCItemStack@137c144d'
[18:25:30.864][INFO]: Removing 'crafting' recipes with output: 'com.blamejared.crafttweaker.api.item.MCItemStack@7aeee3e3'
[18:25:30.865][INFO]: Removing 'crafting' recipes with output: 'com.blamejared.crafttweaker.api.item.MCItemStack@56d25872'
[18:25:30.866][INFO]: Removing 'crafting' recipes with output: 'com.blamejared.crafttweaker.api.item.MCItemStack@a1fba930'
[18:25:30.868][INFO]: Adding 'minecraft:crafting' recipe, of type: "mirroring shaped", with name: 'crafttweaker:t3_russian_army_helmet' that outputs: '<item:apocalypsenow:russian_army_helmet>'
[18:25:30.869][INFO]: Adding 'minecraft:crafting' recipe, of type: "shaped", with name: 'crafttweaker:t3_russian_army_chestplate' that outputs: '<item:apocalypsenow:russian_army_chestplate>'
[18:25:30.869][INFO]: Adding 'minecraft:crafting' recipe, of type: "shaped", with name: 'crafttweaker:t3_russian_army_leggings' that outputs: '<item:apocalypsenow:russian_army_leggings>'
[18:25:30.869][INFO]: Adding 'minecraft:crafting' recipe, of type: "mirroring shaped", with name: 'crafttweaker:t3_russian_army_boots' that outputs: '<item:apocalypsenow:russian_army_boots>'
[18:25:30.869][INFO]: Adding: [apocalypsenow:russian_army_chestplate] to tag: <tag:items:forge:army_chestplate>
[18:25:30.870][INFO]: Removing 'crafting' recipes with output: 'com.blamejared.crafttweaker.api.item.MCItemStack@f453d449'
[18:25:30.871][INFO]: Removing 'crafting' recipes with output: 'com.blamejared.crafttweaker.api.item.MCItemStack@ba8f8edd'
[18:25:30.873][INFO]: Removing 'crafting' recipes with output: 'com.blamejared.crafttweaker.api.item.MCItemStack@36ed7623'
[18:25:30.874][INFO]: Removing 'crafting' recipes with output: 'com.blamejared.crafttweaker.api.item.MCItemStack@de2a496f'
[18:25:30.876][INFO]: Adding 'minecraft:crafting' recipe, of type: "mirroring shaped", with name: 'crafttweaker:t3_chinese_army_helmet' that outputs: '<item:apocalypsenow:chinese_army_helmet>'
[18:25:30.876][INFO]: Adding 'minecraft:crafting' recipe, of type: "shaped", with name: 'crafttweaker:t3_chinese_army_chestplate' that outputs: '<item:apocalypsenow:chinese_army_chestplate>'
[18:25:30.877][INFO]: Adding 'minecraft:crafting' recipe, of type: "shaped", with name: 'crafttweaker:t3_chinese_army_leggings' that outputs: '<item:apocalypsenow:chinese_army_leggings>'
[18:25:30.877][INFO]: Adding 'minecraft:crafting' recipe, of type: "mirroring shaped", with name: 'crafttweaker:t3_chinese_army_boots' that outputs: '<item:apocalypsenow:chinese_army_boots>'
[18:25:30.877][INFO]: Adding: [apocalypsenow:chinese_army_chestplate] to tag: <tag:items:forge:army_chestplate>
[18:25:30.877][INFO]: Removing 'crafting' recipes with output: 'com.blamejared.crafttweaker.api.item.MCItemStack@8aa9c07'
[18:25:30.879][INFO]: Removing 'crafting' recipes with output: 'com.blamejared.crafttweaker.api.item.MCItemStack@750ca468'
[18:25:30.880][INFO]: Removing 'crafting' recipes with output: 'com.blamejared.crafttweaker.api.item.MCItemStack@a9cafe98'
[18:25:30.882][INFO]: Removing 'crafting' recipes with output: 'com.blamejared.crafttweaker.api.item.MCItemStack@59909064'
[18:25:30.883][INFO]: Adding 'minecraft:crafting' recipe, of type: "mirroring shaped", with name: 'crafttweaker:t3_japanese_army_helmet' that outputs: '<item:apocalypsenow:japanese_army_helmet>'
[18:25:30.884][INFO]: Adding 'minecraft:crafting' recipe, of type: "shaped", with name: 'crafttweaker:t3_japanese_army_chestplate' that outputs: '<item:apocalypsenow:japanese_army_chestplate>'
[18:25:30.884][INFO]: Adding 'minecraft:crafting' recipe, of type: "shaped", with name: 'crafttweaker:t3_japanese_army_leggings' that outputs: '<item:apocalypsenow:japanese_army_leggings>'
[18:25:30.884][INFO]: Adding 'minecraft:crafting' recipe, of type: "mirroring shaped", with name: 'crafttweaker:t3_japanese_army_boots' that outputs: '<item:apocalypsenow:japanese_army_boots>'
[18:25:30.884][INFO]: Adding: [apocalypsenow:japanese_army_chestplate] to tag: <tag:items:forge:army_chestplate>
[18:25:30.885][INFO]: Removing 'crafting' recipes with output: 'com.blamejared.crafttweaker.api.item.MCItemStack@440ea26e'
[18:25:30.886][INFO]: Removing 'crafting' recipes with output: 'com.blamejared.crafttweaker.api.item.MCItemStack@fe391dc8'
[18:25:30.888][INFO]: Removing 'crafting' recipes with output: 'com.blamejared.crafttweaker.api.item.MCItemStack@f284ece5'
[18:25:30.889][INFO]: Removing 'crafting' recipes with output: 'com.blamejared.crafttweaker.api.item.MCItemStack@13a9f4a0'
[18:25:30.891][INFO]: Adding 'minecraft:crafting' recipe, of type: "mirroring shaped", with name: 'crafttweaker:t3_british_army_helmet' that outputs: '<item:apocalypsenow:british_army_helmet>'
[18:25:30.891][INFO]: Adding 'minecraft:crafting' recipe, of type: "shaped", with name: 'crafttweaker:t3_british_army_chestplate' that outputs: '<item:apocalypsenow:british_army_chestplate>'
[18:25:30.892][INFO]: Adding 'minecraft:crafting' recipe, of type: "shaped", with name: 'crafttweaker:t3_british_army_leggings' that outputs: '<item:apocalypsenow:british_army_leggings>'
[18:25:30.892][INFO]: Adding 'minecraft:crafting' recipe, of type: "mirroring shaped", with name: 'crafttweaker:t3_british_army_boots' that outputs: '<item:apocalypsenow:british_army_boots>'
[18:25:30.892][INFO]: Adding: [apocalypsenow:british_army_chestplate] to tag: <tag:items:forge:army_chestplate>
[18:25:30.892][INFO]: Removing 'crafting' recipes with output: 'com.blamejared.crafttweaker.api.item.MCItemStack@ebd76424'
[18:25:30.893][INFO]: Removing 'crafting' recipes with output: 'com.blamejared.crafttweaker.api.item.MCItemStack@4eb604ee'
[18:25:30.895][INFO]: Removing 'crafting' recipes with output: 'com.blamejared.crafttweaker.api.item.MCItemStack@29027460'
[18:25:30.896][INFO]: Removing 'crafting' recipes with output: 'com.blamejared.crafttweaker.api.item.MCItemStack@a81f3160'
[18:25:30.898][INFO]: Adding 'minecraft:crafting' recipe, of type: "mirroring shaped", with name: 'crafttweaker:t3_usa_armor_helmet' that outputs: '<item:apocalypsenow:usa_armor_helmet>'
[18:25:30.898][INFO]: Adding 'minecraft:crafting' recipe, of type: "shaped", with name: 'crafttweaker:t3_usa_armor_chestplate' that outputs: '<item:apocalypsenow:usa_armor_chestplate>'
[18:25:30.898][INFO]: Adding 'minecraft:crafting' recipe, of type: "shaped", with name: 'crafttweaker:t3_usa_armor_leggings' that outputs: '<item:apocalypsenow:usa_armor_leggings>'
[18:25:30.899][INFO]: Adding 'minecraft:crafting' recipe, of type: "mirroring shaped", with name: 'crafttweaker:t3_usa_armor_boots' that outputs: '<item:apocalypsenow:usa_armor_boots>'
[18:25:30.899][INFO]: Adding: [apocalypsenow:usa_armor_chestplate] to tag: <tag:items:forge:army_chestplate>
[18:25:30.899][INFO]: Removing 'crafting' recipes with output: 'com.blamejared.crafttweaker.api.item.MCItemStack@73e7701'
[18:25:30.900][INFO]: Removing 'crafting' recipes with output: 'com.blamejared.crafttweaker.api.item.MCItemStack@622c5d95'
[18:25:30.902][INFO]: Removing 'crafting' recipes with output: 'com.blamejared.crafttweaker.api.item.MCItemStack@45a2922b'
[18:25:30.903][INFO]: Removing 'crafting' recipes with output: 'com.blamejared.crafttweaker.api.item.MCItemStack@42f7aaa6'
[18:25:30.904][INFO]: Adding 'minecraft:crafting' recipe, of type: "mirroring shaped", with name: 'crafttweaker:t3_italian_bersaglieri_army_helmet' that outputs: '<item:apocalypsenow:italian_bersaglieri_army_helmet>'
[18:25:30.905][INFO]: Adding 'minecraft:crafting' recipe, of type: "shaped", with name: 'crafttweaker:t3_italian_bersaglieri_army_chestplate' that outputs: '<item:apocalypsenow:italian_bersaglieri_army_chestplate>'
[18:25:30.905][INFO]: Adding 'minecraft:crafting' recipe, of type: "shaped", with name: 'crafttweaker:t3_italian_bersaglieri_army_leggings' that outputs: '<item:apocalypsenow:italian_bersaglieri_army_leggings>'
[18:25:30.906][INFO]: Adding 'minecraft:crafting' recipe, of type: "mirroring shaped", with name: 'crafttweaker:t3_italian_bersaglieri_army_boots' that outputs: '<item:apocalypsenow:italian_bersaglieri_army_boots>'
[18:25:30.906][INFO]: Adding: [apocalypsenow:italian_bersaglieri_army_chestplate] to tag: <tag:items:forge:army_chestplate>
[18:25:30.906][INFO]: Removing 'crafting' recipes with output: 'com.blamejared.crafttweaker.api.item.MCItemStack@5626510'
[18:25:30.907][INFO]: Removing 'crafting' recipes with output: 'com.blamejared.crafttweaker.api.item.MCItemStack@e35e44a2'
[18:25:30.909][INFO]: Removing 'crafting' recipes with output: 'com.blamejared.crafttweaker.api.item.MCItemStack@2855f732'
[18:25:30.910][INFO]: Removing 'crafting' recipes with output: 'com.blamejared.crafttweaker.api.item.MCItemStack@7e4ba221'
[18:25:30.912][INFO]: Adding 'minecraft:crafting' recipe, of type: "mirroring shaped", with name: 'crafttweaker:t3_brazilian_army_helmet' that outputs: '<item:apocalypsenow:brazilian_army_helmet>'
[18:25:30.912][INFO]: Adding 'minecraft:crafting' recipe, of type: "shaped", with name: 'crafttweaker:t3_brazilian_army_chestplate' that outputs: '<item:apocalypsenow:brazilian_army_chestplate>'
[18:25:30.913][INFO]: Adding 'minecraft:crafting' recipe, of type: "shaped", with name: 'crafttweaker:t3_brazilian_army_leggings' that outputs: '<item:apocalypsenow:brazilian_army_leggings>'
[18:25:30.913][INFO]: Adding 'minecraft:crafting' recipe, of type: "mirroring shaped", with name: 'crafttweaker:t3_brazilian_army_boots' that outputs: '<item:apocalypsenow:brazilian_army_boots>'
[18:25:30.913][INFO]: Adding: [apocalypsenow:brazilian_army_chestplate] to tag: <tag:items:forge:army_chestplate>
[18:25:30.913][INFO]: Removing 'crafting' recipes with output: 'com.blamejared.crafttweaker.api.item.MCItemStack@ae5d80be'
[18:25:30.915][INFO]: Removing 'crafting' recipes with output: 'com.blamejared.crafttweaker.api.item.MCItemStack@8f21c7fe'
[18:25:30.916][INFO]: Removing 'crafting' recipes with output: 'com.blamejared.crafttweaker.api.item.MCItemStack@126e1385'
[18:25:30.918][INFO]: Removing 'crafting' recipes with output: 'com.blamejared.crafttweaker.api.item.MCItemStack@73aa98b'
[18:25:30.919][INFO]: Adding 'minecraft:crafting' recipe, of type: "mirroring shaped", with name: 'crafttweaker:t3_un_armor_helmet' that outputs: '<item:apocalypsenow:un_armor_helmet>'
[18:25:30.920][INFO]: Adding 'minecraft:crafting' recipe, of type: "shaped", with name: 'crafttweaker:t3_un_armor_chestplate' that outputs: '<item:apocalypsenow:un_armor_chestplate>'
[18:25:30.920][INFO]: Adding 'minecraft:crafting' recipe, of type: "shaped", with name: 'crafttweaker:t3_un_armor_leggings' that outputs: '<item:apocalypsenow:un_armor_leggings>'
[18:25:30.920][INFO]: Adding 'minecraft:crafting' recipe, of type: "mirroring shaped", with name: 'crafttweaker:t3_un_armor_boots' that outputs: '<item:apocalypsenow:un_armor_boots>'
[18:25:30.921][INFO]: Removing 'crafting' recipes with output: 'com.blamejared.crafttweaker.api.item.MCItemStack@6cd20f7b'
[18:25:30.922][INFO]: Removing 'crafting' recipes with output: 'com.blamejared.crafttweaker.api.item.MCItemStack@d8b73f18'
[18:25:30.923][INFO]: Removing 'crafting' recipes with output: 'com.blamejared.crafttweaker.api.item.MCItemStack@893bfcb'
[18:25:30.924][INFO]: Removing 'crafting' recipes with output: 'com.blamejared.crafttweaker.api.item.MCItemStack@bb092fb3'
[18:25:30.926][INFO]: Adding 'create:mechanical_crafting' recipe, with name: 'crafttweaker:t3_military_riot_helmet' that outputs: '<item:apocalypsenow:military_riot_armor_helmet>'
[18:25:30.926][INFO]: Adding 'create:mechanical_crafting' recipe, with name: 'crafttweaker:t3_military_riot_chestplate' that outputs: '<item:apocalypsenow:military_riot_armor_chestplate>'
[18:25:30.926][INFO]: Adding 'create:mechanical_crafting' recipe, with name: 'crafttweaker:t3_military_riot_leggings' that outputs: '<item:apocalypsenow:military_riot_armor_leggings>'
[18:25:30.927][INFO]: Adding 'create:mechanical_crafting' recipe, with name: 'crafttweaker:t3_military_riot_boots' that outputs: '<item:apocalypsenow:military_riot_armor_boots>'
[18:25:30.927][INFO]: Removing 'crafting' recipes with output: 'com.blamejared.crafttweaker.api.item.MCItemStack@5981cb35'
[18:25:30.928][INFO]: Removing 'crafting' recipes with output: 'com.blamejared.crafttweaker.api.item.MCItemStack@e81149ac'
[18:25:30.930][INFO]: Removing 'crafting' recipes with output: 'com.blamejared.crafttweaker.api.item.MCItemStack@56ac639d'
[18:25:30.932][INFO]: Removing 'crafting' recipes with output: 'com.blamejared.crafttweaker.api.item.MCItemStack@558d7d7f'
[18:25:30.933][INFO]: Adding 'create:mechanical_crafting' recipe, with name: 'crafttweaker:t3_military_urban_helmet' that outputs: '<item:apocalypsenow:military_urban_helmet>'
[18:25:30.933][INFO]: Adding 'create:mechanical_crafting' recipe, with name: 'crafttweaker:t3_military_urban_chestplate' that outputs: '<item:apocalypsenow:military_urban_chestplate>'
[18:25:30.934][INFO]: Adding 'create:mechanical_crafting' recipe, with name: 'crafttweaker:t3_military_urban_leggings' that outputs: '<item:apocalypsenow:military_urban_leggings>'
[18:25:30.934][INFO]: Adding 'create:mechanical_crafting' recipe, with name: 'crafttweaker:t3_military_urban_boots' that outputs: '<item:apocalypsenow:military_urban_boots>'
[18:25:30.934][INFO]: Removing 'crafting' recipes with output: 'com.blamejared.crafttweaker.api.item.MCItemStack@f190ef52'
[18:25:30.936][INFO]: Removing 'crafting' recipes with output: 'com.blamejared.crafttweaker.api.item.MCItemStack@ba83701'
[18:25:30.937][INFO]: Removing 'crafting' recipes with output: 'com.blamejared.crafttweaker.api.item.MCItemStack@860a51e'
[18:25:30.939][INFO]: Removing 'crafting' recipes with output: 'com.blamejared.crafttweaker.api.item.MCItemStack@313b086f'
[18:25:30.941][INFO]: Adding 'create:mechanical_crafting' recipe, with name: 'crafttweaker:t3_biohazard_helmet' that outputs: '<item:apocalypsenow:biohazard_helmet>'
[18:25:30.941][INFO]: Adding 'create:mechanical_crafting' recipe, with name: 'crafttweaker:t3_biohazard_chestplate' that outputs: '<item:apocalypsenow:biohazard_chestplate>'
[18:25:30.941][INFO]: Adding 'create:mechanical_crafting' recipe, with name: 'crafttweaker:t3_biohazard_leggings' that outputs: '<item:apocalypsenow:biohazard_leggings>'
[18:25:30.942][INFO]: Adding 'create:mechanical_crafting' recipe, with name: 'crafttweaker:t3_biohazard_boots' that outputs: '<item:apocalypsenow:biohazard_boots>'
[18:25:30.942][INFO]: Removing 'crafting' recipes with output: 'com.blamejared.crafttweaker.api.item.MCItemStack@f32c8369'
[18:25:30.943][INFO]: Removing 'crafting' recipes with output: 'com.blamejared.crafttweaker.api.item.MCItemStack@32df259e'
[18:25:30.945][INFO]: Removing 'crafting' recipes with output: 'com.blamejared.crafttweaker.api.item.MCItemStack@a5246e46'
[18:25:30.946][INFO]: Removing 'crafting' recipes with output: 'com.blamejared.crafttweaker.api.item.MCItemStack@1060c5f9'
[18:25:30.948][INFO]: Adding 'minecraft:crafting' recipe, of type: "mirroring shaped", with name: 'crafttweaker:t3_contamination_suit_white_helmet' that outputs: '<item:apocalypsenow:contamination_suit_white_helmet>'
[18:25:30.948][INFO]: Adding 'minecraft:crafting' recipe, of type: "mirroring shaped", with name: 'crafttweaker:t3_contamination_suit_white_chestplate' that outputs: '<item:apocalypsenow:contamination_suit_white_chestplate>'
[18:25:30.949][INFO]: Adding 'minecraft:crafting' recipe, of type: "mirroring shaped", with name: 'crafttweaker:t3_contamination_suit_white_leggings' that outputs: '<item:apocalypsenow:contamination_suit_white_leggings>'
[18:25:30.949][INFO]: Adding 'minecraft:crafting' recipe, of type: "mirroring shaped", with name: 'crafttweaker:t3_contamination_suit_white_boots' that outputs: '<item:apocalypsenow:contamination_suit_white_boots>'
[18:25:30.949][INFO]: Removing 'crafting' recipes with output: 'com.blamejared.crafttweaker.api.item.MCItemStack@9ac6794'
[18:25:30.951][INFO]: Removing 'crafting' recipes with output: 'com.blamejared.crafttweaker.api.item.MCItemStack@d8783763'
[18:25:30.952][INFO]: Removing 'crafting' recipes with output: 'com.blamejared.crafttweaker.api.item.MCItemStack@8a72b57d'
[18:25:30.954][INFO]: Adding 'minecraft:crafting' recipe, of type: "mirroring shaped", with name: 'crafttweaker:t3_contamination_suit_blue_helmet' that outputs: '<item:apocalypsenow:contamination_suit_blue_helmet>'
[18:25:30.954][INFO]: Adding 'minecraft:crafting' recipe, of type: "mirroring shaped", with name: 'crafttweaker:t3_contamination_suit_blue_chestplate' that outputs: '<item:apocalypsenow:contamination_suit_blue_chestplate>'
[18:25:30.955][INFO]: Adding 'minecraft:crafting' recipe, of type: "mirroring shaped", with name: 'crafttweaker:t3_contamination_suit_blue_leggings' that outputs: '<item:apocalypsenow:contamination_suit_blue_leggings>'
[18:25:30.955][INFO]: Removing 'crafting' recipes with output: 'com.blamejared.crafttweaker.api.item.MCItemStack@95769ec7'
[18:25:30.956][INFO]: Removing 'crafting' recipes with output: 'com.blamejared.crafttweaker.api.item.MCItemStack@b27666b3'
[18:25:30.958][INFO]: Removing 'crafting' recipes with output: 'com.blamejared.crafttweaker.api.item.MCItemStack@52ea7792'
[18:25:30.960][INFO]: Adding 'minecraft:crafting' recipe, of type: "mirroring shaped", with name: 'crafttweaker:t3_contamination_suit_green_helmet' that outputs: '<item:apocalypsenow:contamination_suit_green_helmet>'
[18:25:30.960][INFO]: Adding 'minecraft:crafting' recipe, of type: "mirroring shaped", with name: 'crafttweaker:t3_contamination_suit_green_chestplate' that outputs: '<item:apocalypsenow:contamination_suit_green_chestplate>'
[18:25:30.960][INFO]: Adding 'minecraft:crafting' recipe, of type: "mirroring shaped", with name: 'crafttweaker:t3_contamination_suit_green_leggings' that outputs: '<item:apocalypsenow:contamination_suit_green_leggings>'
[18:25:30.960][INFO]: Removing 'crafting' recipes with output: 'com.blamejared.crafttweaker.api.item.MCItemStack@eb973479'
[18:25:30.962][INFO]: Removing 'crafting' recipes with output: 'com.blamejared.crafttweaker.api.item.MCItemStack@27be60a8'
[18:25:30.964][INFO]: Adding 'minecraft:crafting' recipe, of type: "mirroring shaped", with name: 'crafttweaker:t3_officer_beret_helmet' that outputs: '<item:apocalypsenow:officer_beret_helmet>'
[18:25:30.964][INFO]: Adding 'minecraft:crafting' recipe, of type: "shaped", with name: 'crafttweaker:t3_officer_beret_chestplate' that outputs: '<item:apocalypsenow:officer_beret_chestplate>'
[18:25:30.964][INFO]: Removing 'crafting' recipes with output: 'com.blamejared.crafttweaker.api.item.MCItemStack@9795fca'
[18:25:30.966][INFO]: Removing 'crafting' recipes with output: 'com.blamejared.crafttweaker.api.item.MCItemStack@d4f53831'
[18:25:30.967][INFO]: Adding 'minecraft:crafting' recipe, of type: "mirroring shaped", with name: 'crafttweaker:t3_beret_helmet' that outputs: '<item:apocalypsenow:beret_helmet>'
[18:25:30.968][INFO]: Adding 'minecraft:crafting' recipe, of type: "shaped", with name: 'crafttweaker:t3_beret_chestplate' that outputs: '<item:apocalypsenow:beret_chestplate>'
[18:25:30.968][INFO]: Removing 'crafting' recipes with output: 'com.blamejared.crafttweaker.api.item.MCItemStack@3d2a142e'
[18:25:30.969][INFO]: Removing 'crafting' recipes with output: 'com.blamejared.crafttweaker.api.item.MCItemStack@8884a75a'
[18:25:30.971][INFO]: Adding 'minecraft:crafting' recipe, of type: "mirroring shaped", with name: 'crafttweaker:t3_military_beret_helmet' that outputs: '<item:apocalypsenow:military_beret_helmet>'
[18:25:30.971][INFO]: Adding 'minecraft:crafting' recipe, of type: "shaped", with name: 'crafttweaker:t3_military_beret_chestplate' that outputs: '<item:apocalypsenow:military_beret_chestplate>'
[18:25:30.971][INFO]: Removing 'crafting' recipes with output: 'com.blamejared.crafttweaker.api.item.MCItemStack@da972373'
[18:25:30.973][INFO]: Removing 'crafting' recipes with output: 'com.blamejared.crafttweaker.api.item.MCItemStack@b1d08d8e'
[18:25:30.974][INFO]: Adding 'minecraft:crafting' recipe, of type: "mirroring shaped", with name: 'crafttweaker:t3_atlast_7_helmet' that outputs: '<item:apocalypsenow:atlast_7_helmet>'
[18:25:30.975][INFO]: Adding 'minecraft:crafting' recipe, of type: "shaped", with name: 'crafttweaker:t3_atlast_7_chestplate' that outputs: '<item:apocalypsenow:atlast_7_chestplate>'
[18:25:30.975][INFO]: Removing 'crafting' recipes with output: 'com.blamejared.crafttweaker.api.item.MCItemStack@5b548be4'
[18:25:30.976][INFO]: Removing 'crafting' recipes with output: 'com.blamejared.crafttweaker.api.item.MCItemStack@9644a3b5'
[18:25:30.978][INFO]: Adding 'minecraft:crafting' recipe, of type: "mirroring shaped", with name: 'crafttweaker:t3_military_pilot_headset_helmet' that outputs: '<item:apocalypsenow:military_pilot_headset_helmet>'
[18:25:30.978][INFO]: Adding 'minecraft:crafting' recipe, of type: "shaped", with name: 'crafttweaker:t3_military_pilot_headset_chestplate' that outputs: '<item:apocalypsenow:military_pilot_headset_chestplate>'
[18:25:30.978][INFO]: Removing 'crafting' recipes with output: 'com.blamejared.crafttweaker.api.item.MCItemStack@8590a7d0'
[18:25:30.980][INFO]: Adding 'minecraft:crafting' recipe, of type: "mirroring shaped", with name: 'crafttweaker:t3_ballistic_helmet' that outputs: '<item:apocalypsenow:life_jacket_bullet_helmet_helmet>'
[18:25:30.980][INFO]: Removing 'create:mechanical_crafting' recipes with output: 'com.blamejared.crafttweaker.api.item.MCItemStack@d32f92c5'
[18:25:30.981][INFO]: Adding 'create:mechanical_crafting' recipe, with name: 'crafttweaker:t3_brass_jetpack_chestplate' that outputs: '<item:create_sa:brass_jetpack_chestplate>'
[18:25:30.981][INFO]: Removing 'create:mechanical_crafting' recipes with output: 'com.blamejared.crafttweaker.api.item.MCItemStack@b1897222'
[18:25:30.982][INFO]: Adding 'create:mechanical_crafting' recipe, with name: 'crafttweaker:t3_brass_exoskeleton_chestplate' that outputs: '<item:create_sa:brass_exoskeleton_chestplate>'
[18:25:30.982][INFO]: Removing 'crafting' recipes with output: 'com.blamejared.crafttweaker.api.item.MCItemStack@856284f3'
[18:25:30.984][INFO]: Adding 'create:mechanical_crafting' recipe, with name: 'crafttweaker:t3_pkm_4gasmask_helmet' that outputs: '<item:apocalypsenow:pkm_4gasmask_helmet>'
[18:25:30.984][INFO]: Removing 'crafting' recipes with output: 'com.blamejared.crafttweaker.api.item.MCItemStack@e85b316f'
[18:25:30.986][INFO]: Removing 'crafting' recipes with output: 'com.blamejared.crafttweaker.api.item.MCItemStack@c3a3c9d'
[18:25:30.987][INFO]: Removing 'crafting' recipes with output: 'com.blamejared.crafttweaker.api.item.MCItemStack@dfce1936'
[18:25:30.989][INFO]: Removing 'crafting' recipes with output: 'com.blamejared.crafttweaker.api.item.MCItemStack@4baa9e6e'
[18:25:30.990][INFO]: Removing 'smithing' recipes with output: 'com.blamejared.crafttweaker.api.item.MCItemStack@287db33c'
[18:25:30.990][INFO]: Removing 'smithing' recipes with output: 'com.blamejared.crafttweaker.api.item.MCItemStack@d2ae0989'
[18:25:30.990][INFO]: Removing 'smithing' recipes with output: 'com.blamejared.crafttweaker.api.item.MCItemStack@3756868a'
[18:25:30.990][INFO]: Removing 'smithing' recipes with output: 'com.blamejared.crafttweaker.api.item.MCItemStack@933a338a'
[18:25:30.991][INFO]: Adding 'create:mechanical_crafting' recipe, with name: 'crafttweaker:t4_netherite_helmet' that outputs: '<item:minecraft:netherite_helmet>'
[18:25:30.991][INFO]: Adding 'create:mechanical_crafting' recipe, with name: 'crafttweaker:t4_netherite_chestplate' that outputs: '<item:minecraft:netherite_chestplate>'
[18:25:30.991][INFO]: Adding 'create:mechanical_crafting' recipe, with name: 'crafttweaker:t4_netherite_leggings' that outputs: '<item:minecraft:netherite_leggings>'
[18:25:30.992][INFO]: Adding 'create:mechanical_crafting' recipe, with name: 'crafttweaker:t4_netherite_boots' that outputs: '<item:minecraft:netherite_boots>'
[18:25:30.992][INFO]: Removing 'crafting' recipes with output: 'com.blamejared.crafttweaker.api.item.MCItemStack@1b931c63'
[18:25:30.993][INFO]: Removing 'crafting' recipes with output: 'com.blamejared.crafttweaker.api.item.MCItemStack@6239b198'
[18:25:30.995][INFO]: Removing 'crafting' recipes with output: 'com.blamejared.crafttweaker.api.item.MCItemStack@cc88d5d0'
[18:25:30.996][INFO]: Removing 'crafting' recipes with output: 'com.blamejared.crafttweaker.api.item.MCItemStack@a47beba2'
[18:25:30.998][INFO]: Adding 'create:mechanical_crafting' recipe, with name: 'crafttweaker:t4_swat_helmet' that outputs: '<item:apocalypsenow:swat_helmet>'
[18:25:30.998][INFO]: Adding 'create:mechanical_crafting' recipe, with name: 'crafttweaker:t4_swat_chestplate' that outputs: '<item:apocalypsenow:swat_chestplate>'
[18:25:30.999][INFO]: Adding 'create:mechanical_crafting' recipe, with name: 'crafttweaker:t4_swat_leggings' that outputs: '<item:apocalypsenow:swat_leggings>'
[18:25:30.999][INFO]: Adding 'create:mechanical_crafting' recipe, with name: 'crafttweaker:t4_swat_boots' that outputs: '<item:apocalypsenow:swat_boots>'
[18:25:30.999][INFO]: Removing 'crafting' recipes with output: 'com.blamejared.crafttweaker.api.item.MCItemStack@c4888db0'
[18:25:31.001][INFO]: Removing 'crafting' recipes with output: 'com.blamejared.crafttweaker.api.item.MCItemStack@ae5e429e'
[18:25:31.002][INFO]: Removing 'crafting' recipes with output: 'com.blamejared.crafttweaker.api.item.MCItemStack@ea17d597'
[18:25:31.004][INFO]: Removing 'crafting' recipes with output: 'com.blamejared.crafttweaker.api.item.MCItemStack@236b4549'
[18:25:31.005][INFO]: Adding 'create:mechanical_crafting' recipe, with name: 'crafttweaker:t4_swatriot_helmet' that outputs: '<item:apocalypsenow:swatriotcontrol_helmet>'
[18:25:31.005][INFO]: Removing 'create:mechanical_crafting' recipes with output: 'com.blamejared.crafttweaker.api.item.MCItemStack@ae5e429e'
[18:25:31.006][INFO]: Adding 'create:mechanical_crafting' recipe, with name: 'crafttweaker:t4_swatriot_chestplate' that outputs: '<item:apocalypsenow:swatriotcontrol_chestplate>'
[18:25:31.006][INFO]: Removing 'create:mechanical_crafting' recipes with output: 'com.blamejared.crafttweaker.api.item.MCItemStack@ea17d597'
[18:25:31.006][INFO]: Adding 'create:mechanical_crafting' recipe, with name: 'crafttweaker:t4_swatriot_leggings' that outputs: '<item:apocalypsenow:swatriotcontrol_leggings>'
[18:25:31.006][INFO]: Removing 'create:mechanical_crafting' recipes with output: 'com.blamejared.crafttweaker.api.item.MCItemStack@236b4549'
[18:25:31.007][INFO]: Adding 'create:mechanical_crafting' recipe, with name: 'crafttweaker:t4_swatriot_boots' that outputs: '<item:apocalypsenow:swatriotcontrol_boots>'
[18:25:31.007][INFO]: Removing 'crafting' recipes with output: 'com.blamejared.crafttweaker.api.item.MCItemStack@e0dda04'
[18:25:31.008][INFO]: Removing 'crafting' recipes with output: 'com.blamejared.crafttweaker.api.item.MCItemStack@47db614'
[18:25:31.010][INFO]: Removing 'crafting' recipes with output: 'com.blamejared.crafttweaker.api.item.MCItemStack@a02e4ef5'
[18:25:31.011][INFO]: Removing 'crafting' recipes with output: 'com.blamejared.crafttweaker.api.item.MCItemStack@c2faad73'
[18:25:31.013][INFO]: Adding 'create:mechanical_crafting' recipe, with name: 'crafttweaker:t4_juggernaut_helmet' that outputs: '<item:apocalypsenow:juggernaut_helmet>'
[18:25:31.013][INFO]: Removing 'create:mechanical_crafting' recipes with output: 'com.blamejared.crafttweaker.api.item.MCItemStack@47db614'
[18:25:31.014][INFO]: Adding 'create:mechanical_crafting' recipe, with name: 'crafttweaker:t4_juggernaut_chestplate' that outputs: '<item:apocalypsenow:juggernaut_chestplate>'
[18:25:31.014][INFO]: Removing 'create:mechanical_crafting' recipes with output: 'com.blamejared.crafttweaker.api.item.MCItemStack@a02e4ef5'
[18:25:31.014][INFO]: Adding 'create:mechanical_crafting' recipe, with name: 'crafttweaker:t4_juggernaut_leggings' that outputs: '<item:apocalypsenow:juggernaut_leggings>'
[18:25:31.014][INFO]: Removing 'create:mechanical_crafting' recipes with output: 'com.blamejared.crafttweaker.api.item.MCItemStack@c2faad73'
[18:25:31.015][INFO]: Adding 'create:mechanical_crafting' recipe, with name: 'crafttweaker:t4_juggernaut_boots' that outputs: '<item:apocalypsenow:juggernaut_boots>'
[18:25:31.015][INFO]: Removing 'crafting' recipes with output: 'com.blamejared.crafttweaker.api.item.MCItemStack@c16a9e5'
[18:25:31.016][INFO]: Removing 'crafting' recipes with output: 'com.blamejared.crafttweaker.api.item.MCItemStack@31e49e26'
[18:25:31.018][INFO]: Removing 'crafting' recipes with output: 'com.blamejared.crafttweaker.api.item.MCItemStack@caec4748'
[18:25:31.019][INFO]: Removing 'crafting' recipes with output: 'com.blamejared.crafttweaker.api.item.MCItemStack@d38a566c'
[18:25:31.021][INFO]: Adding 'create:mechanical_crafting' recipe, with name: 'crafttweaker:t4_bombsquad_helmet' that outputs: '<item:apocalypsenow:bombsquad_helmet>'
[18:25:31.021][INFO]: Removing 'create:mechanical_crafting' recipes with output: 'com.blamejared.crafttweaker.api.item.MCItemStack@31e49e26'
[18:25:31.022][INFO]: Adding 'create:mechanical_crafting' recipe, with name: 'crafttweaker:t4_bombsquad_chestplate' that outputs: '<item:apocalypsenow:bombsquad_chestplate>'
[18:25:31.022][INFO]: Removing 'create:mechanical_crafting' recipes with output: 'com.blamejared.crafttweaker.api.item.MCItemStack@caec4748'
[18:25:31.022][INFO]: Adding 'create:mechanical_crafting' recipe, with name: 'crafttweaker:t4_bombsquad_leggings' that outputs: '<item:apocalypsenow:bombsquad_leggings>'
[18:25:31.022][INFO]: Removing 'create:mechanical_crafting' recipes with output: 'com.blamejared.crafttweaker.api.item.MCItemStack@d38a566c'
[18:25:31.023][INFO]: Adding 'create:mechanical_crafting' recipe, with name: 'crafttweaker:t4_bombsquad_boots' that outputs: '<item:apocalypsenow:bombsquad_boots>'
[18:25:31.023][INFO]: Removing 'crafting' recipes with output: 'com.blamejared.crafttweaker.api.item.MCItemStack@48eec36d'
[18:25:31.024][INFO]: Removing 'crafting' recipes with output: 'com.blamejared.crafttweaker.api.item.MCItemStack@f19abae5'
[18:25:31.026][INFO]: Removing 'crafting' recipes with output: 'com.blamejared.crafttweaker.api.item.MCItemStack@ed74705'
[18:25:31.027][INFO]: Removing 'crafting' recipes with output: 'com.blamejared.crafttweaker.api.item.MCItemStack@b8d132d1'
[18:25:31.029][INFO]: Adding 'create:mechanical_crafting' recipe, with name: 'crafttweaker:t4_spec_ops_helmet' that outputs: '<item:apocalypsenow:spec_ops_helmet>'
[18:25:31.029][INFO]: Removing 'create:mechanical_crafting' recipes with output: 'com.blamejared.crafttweaker.api.item.MCItemStack@f19abae5'
[18:25:31.030][INFO]: Adding 'create:mechanical_crafting' recipe, with name: 'crafttweaker:t4_spec_ops_chestplate' that outputs: '<item:apocalypsenow:spec_ops_chestplate>'
[18:25:31.030][INFO]: Removing 'create:mechanical_crafting' recipes with output: 'com.blamejared.crafttweaker.api.item.MCItemStack@ed74705'
[18:25:31.030][INFO]: Adding 'create:mechanical_crafting' recipe, with name: 'crafttweaker:t4_spec_ops_leggings' that outputs: '<item:apocalypsenow:spec_ops_leggings>'
[18:25:31.030][INFO]: Removing 'create:mechanical_crafting' recipes with output: 'com.blamejared.crafttweaker.api.item.MCItemStack@b8d132d1'
[18:25:31.031][INFO]: Adding 'create:mechanical_crafting' recipe, with name: 'crafttweaker:t4_spec_ops_boots' that outputs: '<item:apocalypsenow:spec_ops_boots>'
[18:25:31.031][INFO]: Removing 'crafting' recipes with output: 'com.blamejared.crafttweaker.api.item.MCItemStack@958494fb'
[18:25:31.032][INFO]: Removing 'crafting' recipes with output: 'com.blamejared.crafttweaker.api.item.MCItemStack@4dbbbe9c'
[18:25:31.034][INFO]: Removing 'crafting' recipes with output: 'com.blamejared.crafttweaker.api.item.MCItemStack@cec27c8b'
[18:25:31.035][INFO]: Removing 'crafting' recipes with output: 'com.blamejared.crafttweaker.api.item.MCItemStack@4fa66fc9'
[18:25:31.037][INFO]: Adding 'create:mechanical_crafting' recipe, with name: 'crafttweaker:t4_soldier_helmet' that outputs: '<item:apocalypsenow:soldier_helmet>'
[18:25:31.037][INFO]: Removing 'create:mechanical_crafting' recipes with output: 'com.blamejared.crafttweaker.api.item.MCItemStack@4dbbbe9c'
[18:25:31.038][INFO]: Adding 'create:mechanical_crafting' recipe, with name: 'crafttweaker:t4_soldier_chestplate' that outputs: '<item:apocalypsenow:soldier_chestplate>'
[18:25:31.038][INFO]: Removing 'create:mechanical_crafting' recipes with output: 'com.blamejared.crafttweaker.api.item.MCItemStack@cec27c8b'
[18:25:31.039][INFO]: Adding 'create:mechanical_crafting' recipe, with name: 'crafttweaker:t4_soldier_leggings' that outputs: '<item:apocalypsenow:soldier_leggings>'
[18:25:31.039][INFO]: Removing 'create:mechanical_crafting' recipes with output: 'com.blamejared.crafttweaker.api.item.MCItemStack@4fa66fc9'
[18:25:31.039][INFO]: Adding 'create:mechanical_crafting' recipe, with name: 'crafttweaker:t4_soldier_boots' that outputs: '<item:apocalypsenow:soldier_boots>'
[18:25:31.039][INFO]: Removing 'crafting' recipes with output: 'com.blamejared.crafttweaker.api.item.MCItemStack@5e1e40af'
[18:25:31.042][INFO]: Adding 'create:mechanical_crafting' recipe, with name: 'crafttweaker:t4_pbf_hamstergasmask_helmet' that outputs: '<item:apocalypsenow:pbf_hamstergasmask_helmet>'
[18:25:31.042][INFO]: Set the value of Max Damage on <item:contenttweaker:x_factor> to: '1024'
[18:25:31.042][INFO]: Set the value of Max Damage on <item:contenttweaker:research_book> to: '1024'
[18:25:31.043][INFO]: Removing 'crafting' recipes with output: 'com.blamejared.crafttweaker.api.item.MCItemStack@36836cc6'
[18:25:31.045][INFO]: Adding 'minecraft:crafting' recipe, of type: "shaped", with name: 'crafttweaker:research_book' that outputs: '<item:contenttweaker:research_book>'
[18:25:31.052][INFO]: Adding 'create:sequenced_assembly' recipe, with name: 'crafttweaker:sequenced_assembly/formula_x' that outputs: '<item:contenttweaker:formula_x>'
[18:25:31.053][INFO]: Removing 'minecraft:crafting' recipe(s) with name(s): '[minecraft:golden_apple]'
[18:25:31.054][INFO]: Adding 'minecraft:crafting' recipe, of type: "shapeless", with name: 'crafttweaker:golden_apple' that outputs: '<item:minecraft:golden_apple>'
[18:25:31.054][INFO]: Removing 'crafting' recipes with output: 'com.blamejared.crafttweaker.api.item.MCItemStack@c8bdc69a'
[18:25:31.057][INFO]: Adding 'minecraft:crafting' recipe, of type: "shapeless", with name: 'crafttweaker:necroptor_membrance' that outputs: '<item:mutationcraft:necroptor_membrane> * 3'
[18:25:31.057][INFO]: Removing 'crafting' recipes with output: 'com.blamejared.crafttweaker.api.item.MCItemStack@ca6eb315'
[18:25:31.060][INFO]: Adding 'minecraft:crafting' recipe, of type: "shapeless", with name: 'crafttweaker:mutagen_serum' that outputs: '<item:mutationcraft:mutagen_serum>'
[18:25:31.063][INFO]: Removing 'crafting' recipes with output: 'com.blamejared.crafttweaker.api.item.MCItemStack@7b5efece'
[18:25:31.066][INFO]: Adding: [apocalypsenow:porpsi] to tag: <tag:items:diet:sugars>
[18:25:31.066][INFO]: Adding: [apocalypsenow:coke] to tag: <tag:items:diet:sugars>
[18:25:31.066][INFO]: Adding: [apocalypsenow:orange_juice] to tag: <tag:items:diet:sugars>
[18:25:31.066][INFO]: Adding: [apocalypsenow:grape_juice] to tag: <tag:items:diet:sugars>
[18:25:31.067][INFO]: Adding: [apocalypsenow:apple_juice] to tag: <tag:items:diet:sugars>
[18:25:31.067][INFO]: Adding: [apocalypsenow:peach_juice] to tag: <tag:items:diet:sugars>
[18:25:31.067][INFO]: Adding: [apocalypsenow:large_soda] to tag: <tag:items:diet:sugars>
[18:25:31.067][INFO]: Adding: [apocalypsenow:energy_drink] to tag: <tag:items:diet:sugars>
[18:25:31.067][INFO]: Adding: [apocalypsenow:beer] to tag: <tag:items:diet:sugars>
[18:25:31.068][INFO]: Adding: [apocalypsenow:nonalcoholic_beer] to tag: <tag:items:diet:sugars>
[18:25:31.068][INFO]: Adding: [apocalypsenow:vodka] to tag: <tag:items:diet:sugars>
[18:25:31.068][INFO]: Adding: [apocalypsenow:cereal] to tag: <tag:items:diet:grains>
[18:25:31.068][INFO]: Adding: [apocalypsenow:beer] to tag: <tag:items:diet:grains>
[18:25:31.069][INFO]: Adding: [apocalypsenow:nonalcoholic_beer] to tag: <tag:items:diet:grains>
[18:25:31.069][INFO]: Adding: [apocalypsenow:vodka] to tag: <tag:items:diet:grains>
[18:25:31.069][INFO]: Adding: [apocalypsenow:open_canned_melon] to tag: <tag:items:diet:fruits>
[18:25:31.069][INFO]: Adding: [apocalypsenow:orange_juice] to tag: <tag:items:diet:fruits>
[18:25:31.069][INFO]: Adding: [apocalypsenow:grape_juice] to tag: <tag:items:diet:fruits>
[18:25:31.070][INFO]: Adding: [apocalypsenow:apple_juice] to tag: <tag:items:diet:fruits>
[18:25:31.070][INFO]: Adding: [apocalypsenow:peach_juice] to tag: <tag:items:diet:fruits>
[18:25:31.070][INFO]: Adding: [apocalypsenow:chips] to tag: <tag:items:diet:proteins>
[18:25:31.070][INFO]: Adding: [apocalypsenow:open_canned_fish] to tag: <tag:items:diet:proteins>
[18:25:31.070][INFO]: Adding: [apocalypsenow:open_canned_pork] to tag: <tag:items:diet:proteins>
[18:25:31.071][INFO]: Adding: [apocalypsenow:open_canned_rabbit_soup] to tag: <tag:items:diet:proteins>
[18:25:31.071][INFO]: Adding: [apocalypsenow:cooked_canned_pork] to tag: <tag:items:diet:proteins>
[18:25:31.071][INFO]: Adding: [apocalypsenow:cooked_caned_fish] to tag: <tag:items:diet:proteins>
[18:25:31.071][INFO]: Adding: [apocalypsenow:cooked_canned_rabit_soup] to tag: <tag:items:diet:proteins>
[18:25:31.072][INFO]: Adding: [apocalypsenow:open_canned_carrot] to tag: <tag:items:diet:vegetables>
[18:25:31.072][INFO]: Adding: [apocalypsenow:open_canned_beetroot] to tag: <tag:items:diet:vegetables>
[18:25:31.072][INFO]: Adding: [apocalypsenow:open_canned_tomatos] to tag: <tag:items:diet:vegetables>
[18:25:31.074][INFO]: Setting food of: <item:apocalypsenow:apple_juice> to food with stats: nutrition: 2, saturation: 0.4, isMeat: false, isFastFood: false, canAlwaysEat: true, effects: []
[18:25:31.074][INFO]: Setting food of: <item:apocalypsenow:orange_juice> to food with stats: nutrition: 2, saturation: 0.3, isMeat: false, isFastFood: false, canAlwaysEat: true, effects: []
[18:25:31.074][INFO]: Setting food of: <item:apocalypsenow:grape_juice> to food with stats: nutrition: 2, saturation: 0.3, isMeat: false, isFastFood: false, canAlwaysEat: true, effects: []
[18:25:31.074][INFO]: Setting food of: <item:apocalypsenow:peach_juice> to food with stats: nutrition: 2, saturation: 0.3, isMeat: false, isFastFood: false, canAlwaysEat: true, effects: []
[18:25:31.074][INFO]: Setting food of: <item:apocalypsenow:large_soda> to food with stats: nutrition: 1, saturation: 0.5, isMeat: false, isFastFood: false, canAlwaysEat: true, effects: []
[18:25:31.074][INFO]: Setting food of: <item:apocalypsenow:porpsi> to food with stats: nutrition: 1, saturation: 0.5, isMeat: false, isFastFood: false, canAlwaysEat: true, effects: []
[18:25:31.074][INFO]: Setting food of: <item:apocalypsenow:coke> to food with stats: nutrition: 1, saturation: 0.5, isMeat: false, isFastFood: false, canAlwaysEat: true, effects: []
[18:25:31.074][INFO]: Setting food of: <item:apocalypsenow:coffee> to food with stats: nutrition: 1, saturation: 0.3, isMeat: false, isFastFood: false, canAlwaysEat: true, effects: []
[18:25:31.074][INFO]: Setting food of: <item:apocalypsenow:whisky> to food with stats: nutrition: 1, saturation: 0.2, isMeat: false, isFastFood: false, canAlwaysEat: true, effects: []
[18:25:31.074][INFO]: Setting food of: <item:apocalypsenow:vodka> to food with stats: nutrition: 1, saturation: 0.3, isMeat: false, isFastFood: false, canAlwaysEat: true, effects: []
[18:25:31.074][INFO]: Setting food of: <item:apocalypsenow:energy_drink> to food with stats: nutrition: 1, saturation: 0.2, isMeat: false, isFastFood: false, canAlwaysEat: true, effects: []
[18:25:31.074][INFO]: Setting food of: <item:apocalypsenow:beer> to food with stats: nutrition: 1, saturation: 0.3, isMeat: false, isFastFood: false, canAlwaysEat: true, effects: []
[18:25:31.074][INFO]: Setting food of: <item:apocalypsenow:nonalcoholic_beer> to food with stats: nutrition: 1, saturation: 0.3, isMeat: false, isFastFood: false, canAlwaysEat: true, effects: []
[18:25:31.074][INFO]: Setting food of: <item:apocalypsenow:open_canned_carrot> to food with stats: nutrition: 3, saturation: 0.5, isMeat: true, isFastFood: false, canAlwaysEat: false, effects: []
[18:25:31.074][INFO]: Setting food of: <item:apocalypsenow:open_canned_fish> to food with stats: nutrition: 2, saturation: 0.4, isMeat: true, isFastFood: false, canAlwaysEat: false, effects: []
[18:25:31.074][INFO]: Setting food of: <item:apocalypsenow:cooked_caned_fish> to food with stats: nutrition: 5, saturation: 0.4, isMeat: true, isFastFood: false, canAlwaysEat: false, effects: []
[18:25:31.075][INFO]: Setting food of: <item:apocalypsenow:open_canned_beetroot> to food with stats: nutrition: 4, saturation: 0.4, isMeat: false, isFastFood: false, canAlwaysEat: false, effects: []
[18:25:31.075][INFO]: Setting food of: <item:apocalypsenow:open_canned_melon> to food with stats: nutrition: 2, saturation: 0.2, isMeat: true, isFastFood: false, canAlwaysEat: false, effects: []
[18:25:31.075][INFO]: Setting food of: <item:apocalypsenow:open_canned_tomatos> to food with stats: nutrition: 1, saturation: 0.4, isMeat: false, isFastFood: false, canAlwaysEat: false, effects: []
[18:25:31.075][INFO]: Setting food of: <item:apocalypsenow:open_canned_pork> to food with stats: nutrition: 3, saturation: 0.3, isMeat: true, isFastFood: false, canAlwaysEat: false, effects: []
[18:25:31.075][INFO]: Setting food of: <item:apocalypsenow:cooked_canned_pork> to food with stats: nutrition: 8, saturation: 0.5, isMeat: true, isFastFood: false, canAlwaysEat: false, effects: []
[18:25:31.075][INFO]: Setting food of: <item:apocalypsenow:open_canned_rabbit_soup> to food with stats: nutrition: 3, saturation: 0.5, isMeat: true, isFastFood: false, canAlwaysEat: false, effects: []
[18:25:31.075][INFO]: Setting food of: <item:apocalypsenow:cooked_canned_rabit_soup> to food with stats: nutrition: 5, saturation: 0.6, isMeat: true, isFastFood: false, canAlwaysEat: false, effects: []
[18:25:31.076][INFO]: Adding 'create:sequenced_assembly' recipe, with name: 'crafttweaker:sequenced_assembly/porpsi' that outputs: '<item:apocalypsenow:porpsi>'
[18:25:31.077][INFO]: Removing all recipes that output <item:apocalypsenow:can>
[18:25:31.088][INFO]: Removed 1 recipes registered in these 1 recipe managers: [<recipetype:minecraft:crafting>: 1]
[18:25:31.089][INFO]: Adding 'create:sequenced_assembly' recipe, with name: 'crafttweaker:sequenced_assembly/coke' that outputs: '<item:apocalypsenow:coke>'
[18:25:31.090][INFO]: Adding 'create:sequenced_assembly' recipe, with name: 'crafttweaker:sequenced_assembly/chips' that outputs: '<item:apocalypsenow:chips>'
[18:25:31.091][INFO]: Registering new items tag with name <tag:items:forge:material/cereal>
[18:25:31.092][INFO]: Adding: [minecraft:wheat] to tag: <tag:items:forge:material/cereal>
[18:25:31.092][INFO]: Adding: [farmersdelight:rice] to tag: <tag:items:forge:material/cereal>
[18:25:31.093][INFO]: Adding 'create:sequenced_assembly' recipe, with name: 'crafttweaker:sequenced_assembly/cereal' that outputs: '<item:apocalypsenow:cereal>'
[18:25:31.094][INFO]: Adding 'create:pressing' recipe, with name: 'crafttweaker:can_press' that outputs: '<item:apocalypsenow:can>'
[18:25:31.095][INFO]: Adding 'minecraft:crafting' recipe, of type: "shapeless", with name: 'crafttweaker:unpack_gunpowder_can' that outputs: '<item:minecraft:gunpowder> * 4'
[18:25:31.095][INFO]: Adding 'create:sequenced_assembly' recipe, with name: 'crafttweaker:sequenced_assembly/canned_beetroot' that outputs: '<item:apocalypsenow:canned_beet_root>'
[18:25:31.096][INFO]: Adding 'create:sequenced_assembly' recipe, with name: 'crafttweaker:sequenced_assembly/canned_carrot' that outputs: '<item:apocalypsenow:canned_carrot>'
[18:25:31.096][INFO]: Adding 'create:sequenced_assembly' recipe, with name: 'crafttweaker:sequenced_assembly/canned_fish' that outputs: '<item:apocalypsenow:canned_fish>'
[18:25:31.096][INFO]: Adding 'create:sequenced_assembly' recipe, with name: 'crafttweaker:sequenced_assembly/canned_melon' that outputs: '<item:apocalypsenow:canned_melon>'
[18:25:31.097][INFO]: Adding 'create:sequenced_assembly' recipe, with name: 'crafttweaker:sequenced_assembly/canned_tomato' that outputs: '<item:apocalypsenow:canned_tomatos>'
[18:25:31.097][INFO]: Adding 'create:sequenced_assembly' recipe, with name: 'crafttweaker:sequenced_assembly/canned_pork' that outputs: '<item:apocalypsenow:canned_pork>'
[18:25:31.097][INFO]: Adding 'create:sequenced_assembly' recipe, with name: 'crafttweaker:sequenced_assembly/canned_rabbit_soup' that outputs: '<item:apocalypsenow:canned_rabit_soup>'
[18:25:31.098][INFO]: Registering new items tag with name <tag:items:forge:lowxpfood>
[18:25:31.099][INFO]: Adding: [alexsmobs:banana] to tag: <tag:items:forge:lowxpfood>
[18:25:31.099][INFO]: Adding: [alexsmobs:boiled_emu_egg] to tag: <tag:items:forge:lowxpfood>
[18:25:31.099][INFO]: Adding: [alexsmobs:cooked_catfish] to tag: <tag:items:forge:lowxpfood>
[18:25:31.099][INFO]: Adding: [alexsmobs:cooked_kangaroo_meat] to tag: <tag:items:forge:lowxpfood>
[18:25:31.100][INFO]: Adding: [alexsmobs:cooked_lobster_tail] to tag: <tag:items:forge:lowxpfood>
[18:25:31.100][INFO]: Adding: [alexsmobs:cooked_moose_ribs] to tag: <tag:items:forge:lowxpfood>
[18:25:31.100][INFO]: Adding: [alexsmobs:flying_fish] to tag: <tag:items:forge:lowxpfood>
[18:25:31.100][INFO]: Adding: [alexsmobs:gongylidia] to tag: <tag:items:forge:lowxpfood>
[18:25:31.101][INFO]: Adding: [alexsmobs:kangaroo_meat] to tag: <tag:items:forge:lowxpfood>
[18:25:31.101][INFO]: Adding: [alexsmobs:lobster_tail] to tag: <tag:items:forge:lowxpfood>
[18:25:31.101][INFO]: Adding: [alexsmobs:maggot] to tag: <tag:items:forge:lowxpfood>
[18:25:31.101][INFO]: Adding: [alexsmobs:moose_ribs] to tag: <tag:items:forge:lowxpfood>
[18:25:31.102][INFO]: Adding: [alexsmobs:rainbow_jelly] to tag: <tag:items:forge:lowxpfood>
[18:25:31.102][INFO]: Adding: [alexsmobs:raw_catfish] to tag: <tag:items:forge:lowxpfood>
[18:25:31.102][INFO]: Adding: [alexsmobs:sopa_de_macaco] to tag: <tag:items:forge:lowxpfood>
[18:25:31.102][INFO]: Adding: [apocalypsenow:apple_juice] to tag: <tag:items:forge:lowxpfood>
[18:25:31.102][INFO]: Adding: [apocalypsenow:chips] to tag: <tag:items:forge:lowxpfood>
[18:25:31.103][INFO]: Adding: [apocalypsenow:cooked_caned_fish] to tag: <tag:items:forge:lowxpfood>
[18:25:31.103][INFO]: Adding: [apocalypsenow:cooked_canned_pork] to tag: <tag:items:forge:lowxpfood>
[18:25:31.103][INFO]: Adding: [apocalypsenow:cooked_canned_rabit_soup] to tag: <tag:items:forge:lowxpfood>
[18:25:31.103][INFO]: Adding: [apocalypsenow:grape_juice] to tag: <tag:items:forge:lowxpfood>
[18:25:31.104][INFO]: Adding: [apocalypsenow:large_soda] to tag: <tag:items:forge:lowxpfood>
[18:25:31.104][INFO]: Adding: [apocalypsenow:open_canned_beetroot] to tag: <tag:items:forge:lowxpfood>
[18:25:31.104][INFO]: Adding: [apocalypsenow:open_canned_carrot] to tag: <tag:items:forge:lowxpfood>
[18:25:31.104][INFO]: Adding: [apocalypsenow:open_canned_fish] to tag: <tag:items:forge:lowxpfood>
[18:25:31.105][INFO]: Adding: [apocalypsenow:open_canned_melon] to tag: <tag:items:forge:lowxpfood>
[18:25:31.105][INFO]: Adding: [apocalypsenow:open_canned_pork] to tag: <tag:items:forge:lowxpfood>
[18:25:31.105][INFO]: Adding: [apocalypsenow:open_canned_rabbit_soup] to tag: <tag:items:forge:lowxpfood>
[18:25:31.105][INFO]: Adding: [apocalypsenow:open_canned_tomatos] to tag: <tag:items:forge:lowxpfood>
[18:25:31.105][INFO]: Adding: [apocalypsenow:orange_juice] to tag: <tag:items:forge:lowxpfood>
[18:25:31.106][INFO]: Adding: [apocalypsenow:peach_juice] to tag: <tag:items:forge:lowxpfood>
[18:25:31.106][INFO]: Adding: [cold_sweat:soul_sprout] to tag: <tag:items:forge:lowxpfood>
[18:25:31.106][INFO]: Adding: [create_central_kitchen:aloe_cake_slice] to tag: <tag:items:forge:lowxpfood>
[18:25:31.106][INFO]: Adding: [create_central_kitchen:cherry_pie_slice] to tag: <tag:items:forge:lowxpfood>
[18:25:31.107][INFO]: Adding: [create_central_kitchen:chocolate_cake_slice] to tag: <tag:items:forge:lowxpfood>
[18:25:31.107][INFO]: Adding: [create_central_kitchen:honey_cake_slice] to tag: <tag:items:forge:lowxpfood>
[18:25:31.107][INFO]: Adding: [create_central_kitchen:incomplete_apple_pie] to tag: <tag:items:forge:lowxpfood>
[18:25:31.107][INFO]: Adding: [create_central_kitchen:incomplete_bacon_sandwich] to tag: <tag:items:forge:lowxpfood>
[18:25:31.107][INFO]: Adding: [create_central_kitchen:incomplete_cherry_pie] to tag: <tag:items:forge:lowxpfood>
[18:25:31.108][INFO]: Adding: [create_central_kitchen:incomplete_chicken_sandwich] to tag: <tag:items:forge:lowxpfood>
[18:25:31.108][INFO]: Adding: [create_central_kitchen:incomplete_egg_sandwich] to tag: <tag:items:forge:lowxpfood>
[18:25:31.108][INFO]: Adding: [create_central_kitchen:incomplete_hamburger] to tag: <tag:items:forge:lowxpfood>
[18:25:31.108][INFO]: Adding: [create_central_kitchen:incomplete_mulberry_pie] to tag: <tag:items:forge:lowxpfood>
[18:25:31.109][INFO]: Adding: [create_central_kitchen:incomplete_mutton_wrap] to tag: <tag:items:forge:lowxpfood>
[18:25:31.109][INFO]: Adding: [create_central_kitchen:incomplete_pumpkin_pie] to tag: <tag:items:forge:lowxpfood>
[18:25:31.109][INFO]: Adding: [create_central_kitchen:incomplete_sweet_berry_cheesecake] to tag: <tag:items:forge:lowxpfood>
[18:25:31.109][INFO]: Adding: [create_central_kitchen:incomplete_truffle_pie] to tag: <tag:items:forge:lowxpfood>
[18:25:31.109][INFO]: Adding: [create_central_kitchen:mulberry_pie_slice] to tag: <tag:items:forge:lowxpfood>
[18:25:31.110][INFO]: Adding: [create_central_kitchen:passionfruit_cake_slice] to tag: <tag:items:forge:lowxpfood>
[18:25:31.110][INFO]: Adding: [create_central_kitchen:pumpkin_cake_slice] to tag: <tag:items:forge:lowxpfood>
[18:25:31.110][INFO]: Adding: [create_central_kitchen:pumpkin_pie_slice] to tag: <tag:items:forge:lowxpfood>
[18:25:31.110][INFO]: Adding: [create_central_kitchen:sweet_berry_cake_slice] to tag: <tag:items:forge:lowxpfood>
[18:25:31.111][INFO]: Adding: [create_central_kitchen:truffle_pie_slice] to tag: <tag:items:forge:lowxpfood>
[18:25:31.111][INFO]: Adding: [create_central_kitchen:yucca_cake_slice] to tag: <tag:items:forge:lowxpfood>
[18:25:31.111][INFO]: Adding: [crittersandcompanions:koi_fish] to tag: <tag:items:forge:lowxpfood>
[18:25:31.111][INFO]: Adding: [farmersdelight:apple_pie_slice] to tag: <tag:items:forge:lowxpfood>
[18:25:31.111][INFO]: Adding: [farmersdelight:bacon] to tag: <tag:items:forge:lowxpfood>
[18:25:31.112][INFO]: Adding: [farmersdelight:beef_patty] to tag: <tag:items:forge:lowxpfood>
[18:25:31.112][INFO]: Adding: [farmersdelight:cabbage] to tag: <tag:items:forge:lowxpfood>
[18:25:31.112][INFO]: Adding: [farmersdelight:cabbage_leaf] to tag: <tag:items:forge:lowxpfood>
[18:25:31.112][INFO]: Adding: [farmersdelight:cake_slice] to tag: <tag:items:forge:lowxpfood>
[18:25:31.113][INFO]: Adding: [farmersdelight:chicken_cuts] to tag: <tag:items:forge:lowxpfood>
[18:25:31.113][INFO]: Adding: [farmersdelight:cabbage_leaf] to tag: <tag:items:forge:lowxpfood>
[18:25:31.113][INFO]: Adding: [farmersdelight:chocolate_pie_slice] to tag: <tag:items:forge:lowxpfood>
[18:25:31.113][INFO]: Adding: [farmersdelight:cod_slice] to tag: <tag:items:forge:lowxpfood>
[18:25:31.113][INFO]: Adding: [farmersdelight:cooked_bacon] to tag: <tag:items:forge:lowxpfood>
[18:25:31.114][INFO]: Adding: [farmersdelight:cooked_chicken_cuts] to tag: <tag:items:forge:lowxpfood>
[18:25:31.114][INFO]: Adding: [farmersdelight:cooked_cod_slice] to tag: <tag:items:forge:lowxpfood>
[18:25:31.114][INFO]: Adding: [farmersdelight:cooked_mutton_chops] to tag: <tag:items:forge:lowxpfood>
[18:25:31.114][INFO]: Adding: [farmersdelight:cooked_salmon_slice] to tag: <tag:items:forge:lowxpfood>
[18:25:31.115][INFO]: Adding: [farmersdelight:fried_egg] to tag: <tag:items:forge:lowxpfood>
[18:25:31.115][INFO]: Adding: [farmersdelight:fruit_salad] to tag: <tag:items:forge:lowxpfood>
[18:25:31.115][INFO]: Adding: [farmersdelight:ham] to tag: <tag:items:forge:lowxpfood>
[18:25:31.115][INFO]: Adding: [farmersdelight:honey_cookie] to tag: <tag:items:forge:lowxpfood>
[18:25:31.115][INFO]: Adding: [farmersdelight:kelp_roll_slice] to tag: <tag:items:forge:lowxpfood>
[18:25:31.116][INFO]: Adding: [farmersdelight:melon_popsicle] to tag: <tag:items:forge:lowxpfood>
[18:25:31.116][INFO]: Adding: [farmersdelight:minced_beef] to tag: <tag:items:forge:lowxpfood>
[18:25:31.116][INFO]: Adding: [farmersdelight:mixed_salad] to tag: <tag:items:forge:lowxpfood>
[18:25:31.116][INFO]: Adding: [farmersdelight:mutton_chops] to tag: <tag:items:forge:lowxpfood>
[18:25:31.117][INFO]: Adding: [farmersdelight:onion] to tag: <tag:items:forge:lowxpfood>
[18:25:31.117][INFO]: Adding: [farmersdelight:pie_crust] to tag: <tag:items:forge:lowxpfood>
[18:25:31.117][INFO]: Adding: [farmersdelight:pumpkin_slice] to tag: <tag:items:forge:lowxpfood>
[18:25:31.117][INFO]: Adding: [farmersdelight:raw_pasta] to tag: <tag:items:forge:lowxpfood>
[18:25:31.117][INFO]: Adding: [farmersdelight:salmon_slice] to tag: <tag:items:forge:lowxpfood>
[18:25:31.118][INFO]: Adding: [farmersdelight:sweet_berry_cheesecake_slice] to tag: <tag:items:forge:lowxpfood>
[18:25:31.118][INFO]: Adding: [farmersdelight:sweet_berry_cookie] to tag: <tag:items:forge:lowxpfood>
[18:25:31.118][INFO]: Adding: [farmersdelight:tomato] to tag: <tag:items:forge:lowxpfood>
[18:25:31.118][INFO]: Adding: [farmersdelight:tomato_sauce] to tag: <tag:items:forge:lowxpfood>
[18:25:31.119][INFO]: Adding: [farmersdelight:wheat_dough] to tag: <tag:items:forge:lowxpfood>
[18:25:31.119][INFO]: Adding: [minecraft:apple] to tag: <tag:items:forge:lowxpfood>
[18:25:31.119][INFO]: Adding: [minecraft:baked_potato] to tag: <tag:items:forge:lowxpfood>
[18:25:31.119][INFO]: Adding: [minecraft:beetroot] to tag: <tag:items:forge:lowxpfood>
[18:25:31.119][INFO]: Adding: [minecraft:beetroot_soup] to tag: <tag:items:forge:lowxpfood>
[18:25:31.120][INFO]: Adding: [minecraft:bread] to tag: <tag:items:forge:lowxpfood>
[18:25:31.120][INFO]: Adding: [minecraft:carrot] to tag: <tag:items:forge:lowxpfood>
[18:25:31.120][INFO]: Adding: [minecraft:chicken] to tag: <tag:items:forge:lowxpfood>
[18:25:31.120][INFO]: Adding: [minecraft:chorus_fruit] to tag: <tag:items:forge:lowxpfood>
[18:25:31.121][INFO]: Adding: [minecraft:cod] to tag: <tag:items:forge:lowxpfood>
[18:25:31.121][INFO]: Adding: [minecraft:cooked_beef] to tag: <tag:items:forge:lowxpfood>
[18:25:31.121][INFO]: Adding: [minecraft:cooked_chicken] to tag: <tag:items:forge:lowxpfood>
[18:25:31.121][INFO]: Adding: [minecraft:cooked_cod] to tag: <tag:items:forge:lowxpfood>
[18:25:31.121][INFO]: Adding: [minecraft:cooked_mutton] to tag: <tag:items:forge:lowxpfood>
[18:25:31.122][INFO]: Adding: [minecraft:cooked_rabbit] to tag: <tag:items:forge:lowxpfood>
[18:25:31.122][INFO]: Adding: [minecraft:cooked_salmon] to tag: <tag:items:forge:lowxpfood>
[18:25:31.122][INFO]: Adding: [minecraft:cooked_porkchop] to tag: <tag:items:forge:lowxpfood>
[18:25:31.122][INFO]: Adding: [minecraft:cookie] to tag: <tag:items:forge:lowxpfood>
[18:25:31.123][INFO]: Adding: [minecraft:dried_kelp] to tag: <tag:items:forge:lowxpfood>
[18:25:31.123][INFO]: Adding: [minecraft:enchanted_golden_apple] to tag: <tag:items:forge:lowxpfood>
[18:25:31.123][INFO]: Adding: [minecraft:glow_berries] to tag: <tag:items:forge:lowxpfood>
[18:25:31.123][INFO]: Adding: [minecraft:golden_apple] to tag: <tag:items:forge:lowxpfood>
[18:25:31.123][INFO]: Adding: [minecraft:golden_carrot] to tag: <tag:items:forge:lowxpfood>
[18:25:31.124][INFO]: Adding: [minecraft:honey_bottle] to tag: <tag:items:forge:lowxpfood>
[18:25:31.124][INFO]: Adding: [minecraft:melon_slice] to tag: <tag:items:forge:lowxpfood>
[18:25:31.124][INFO]: Adding: [minecraft:mushroom_stew] to tag: <tag:items:forge:lowxpfood>
[18:25:31.124][INFO]: Adding: [minecraft:mutton] to tag: <tag:items:forge:lowxpfood>
[18:25:31.124][INFO]: Adding: [minecraft:porkchop] to tag: <tag:items:forge:lowxpfood>
[18:25:31.125][INFO]: Adding: [minecraft:potato] to tag: <tag:items:forge:lowxpfood>
[18:25:31.125][INFO]: Adding: [minecraft:rabbit] to tag: <tag:items:forge:lowxpfood>
[18:25:31.125][INFO]: Adding: [minecraft:salmon] to tag: <tag:items:forge:lowxpfood>
[18:25:31.125][INFO]: Adding: [minecraft:suspicious_stew] to tag: <tag:items:forge:lowxpfood>
[18:25:31.126][INFO]: Adding: [minecraft:sweet_berries] to tag: <tag:items:forge:lowxpfood>
[18:25:31.126][INFO]: Adding: [minecraft:tropical_fish] to tag: <tag:items:forge:lowxpfood>
[18:25:31.126][INFO]: Adding: [minecraft:beef] to tag: <tag:items:forge:lowxpfood>
[18:25:31.127][INFO]: Registering new items tag with name <tag:items:forge:mediumxpfood>
[18:25:31.127][INFO]: Adding: [alexsmobs:kangaroo_burger] to tag: <tag:items:forge:mediumxpfood>
[18:25:31.127][INFO]: Adding: [alexsmobs:shrimp_fried_rice] to tag: <tag:items:forge:mediumxpfood>
[18:25:31.128][INFO]: Adding: [apocalypsenow:cereal] to tag: <tag:items:forge:mediumxpfood>
[18:25:31.128][INFO]: Adding: [create:bar_of_chocolate] to tag: <tag:items:forge:mediumxpfood>
[18:25:31.128][INFO]: Adding: [create:chocolate_glazed_berries] to tag: <tag:items:forge:mediumxpfood>
[18:25:31.128][INFO]: Adding: [create:honeyed_apple] to tag: <tag:items:forge:mediumxpfood>
[18:25:31.128][INFO]: Adding: [create:sweet_roll] to tag: <tag:items:forge:mediumxpfood>
[18:25:31.129][INFO]: Adding: [farmersdelight:barbecue_stick] to tag: <tag:items:forge:mediumxpfood>
[18:25:31.129][INFO]: Adding: [farmersdelight:bone_broth] to tag: <tag:items:forge:mediumxpfood>
[18:25:31.129][INFO]: Adding: [farmersdelight:cabbage_rolls] to tag: <tag:items:forge:mediumxpfood>
[18:25:31.129][INFO]: Adding: [farmersdelight:cod_roll] to tag: <tag:items:forge:mediumxpfood>
[18:25:31.130][INFO]: Adding: [farmersdelight:cooked_rice] to tag: <tag:items:forge:mediumxpfood>
[18:25:31.130][INFO]: Adding: [farmersdelight:dog_food] to tag: <tag:items:forge:mediumxpfood>
[18:25:31.130][INFO]: Adding: [farmersdelight:dumplings] to tag: <tag:items:forge:mediumxpfood>
[18:25:31.130][INFO]: Adding: [farmersdelight:egg_sandwich] to tag: <tag:items:forge:mediumxpfood>
[18:25:31.130][INFO]: Adding: [farmersdelight:glow_berry_custard] to tag: <tag:items:forge:mediumxpfood>
[18:25:31.131][INFO]: Adding: [farmersdelight:mutton_wrap] to tag: <tag:items:forge:mediumxpfood>
[18:25:31.131][INFO]: Adding: [farmersdelight:nether_salad] to tag: <tag:items:forge:mediumxpfood>
[18:25:31.131][INFO]: Adding: [farmersdelight:salmon_roll] to tag: <tag:items:forge:mediumxpfood>
[18:25:31.131][INFO]: Adding: [farmersdelight:smoked_ham] to tag: <tag:items:forge:mediumxpfood>
[18:25:31.132][INFO]: Adding: [farmersdelight:stuffed_potato] to tag: <tag:items:forge:mediumxpfood>
[18:25:31.132][INFO]: Adding: [minecraft:rabbit_stew] to tag: <tag:items:forge:mediumxpfood>
[18:25:31.132][INFO]: Registering new items tag with name <tag:items:forge:largexpfood>
[18:25:31.132][INFO]: Adding: [apocalypsenow:mre] to tag: <tag:items:forge:largexpfood>
[18:25:31.132][INFO]: Adding: [farmersdelight:bacon_and_eggs] to tag: <tag:items:forge:largexpfood>
[18:25:31.133][INFO]: Adding: [farmersdelight:bacon_sandwich] to tag: <tag:items:forge:largexpfood>
[18:25:31.133][INFO]: Adding: [farmersdelight:baked_cod_stew] to tag: <tag:items:forge:largexpfood>
[18:25:31.133][INFO]: Adding: [farmersdelight:beef_stew] to tag: <tag:items:forge:largexpfood>
[18:25:31.133][INFO]: Adding: [farmersdelight:bacon_and_eggs] to tag: <tag:items:forge:largexpfood>
[18:25:31.134][INFO]: Adding: [farmersdelight:chicken_sandwich] to tag: <tag:items:forge:largexpfood>
[18:25:31.134][INFO]: Adding: [farmersdelight:chicken_soup] to tag: <tag:items:forge:largexpfood>
[18:25:31.134][INFO]: Adding: [farmersdelight:fish_stew] to tag: <tag:items:forge:largexpfood>
[18:25:31.134][INFO]: Adding: [farmersdelight:fried_rice] to tag: <tag:items:forge:largexpfood>
[18:25:31.134][INFO]: Adding: [farmersdelight:grilled_salmon] to tag: <tag:items:forge:largexpfood>
[18:25:31.135][INFO]: Adding: [farmersdelight:hamburger] to tag: <tag:items:forge:largexpfood>
[18:25:31.135][INFO]: Adding: [farmersdelight:honey_glazed_ham] to tag: <tag:items:forge:largexpfood>
[18:25:31.135][INFO]: Adding: [farmersdelight:kelp_roll] to tag: <tag:items:forge:largexpfood>
[18:25:31.135][INFO]: Adding: [farmersdelight:mushroom_rice] to tag: <tag:items:forge:largexpfood>
[18:25:31.136][INFO]: Adding: [farmersdelight:noodle_soup] to tag: <tag:items:forge:largexpfood>
[18:25:31.136][INFO]: Adding: [farmersdelight:pasta_with_meatballs] to tag: <tag:items:forge:largexpfood>
[18:25:31.136][INFO]: Adding: [farmersdelight:pasta_with_mutton_chop] to tag: <tag:items:forge:largexpfood>
[18:25:31.136][INFO]: Adding: [farmersdelight:pumpkin_soup] to tag: <tag:items:forge:largexpfood>
[18:25:31.136][INFO]: Adding: [farmersdelight:ratatouille] to tag: <tag:items:forge:largexpfood>
[18:25:31.137][INFO]: Adding: [farmersdelight:roast_chicken] to tag: <tag:items:forge:largexpfood>
[18:25:31.137][INFO]: Adding: [farmersdelight:roasted_mutton_chops] to tag: <tag:items:forge:largexpfood>
[18:25:31.137][INFO]: Adding: [farmersdelight:shepherds_pie] to tag: <tag:items:forge:largexpfood>
[18:25:31.137][INFO]: Adding: [farmersdelight:squid_ink_pasta] to tag: <tag:items:forge:largexpfood>
[18:25:31.138][INFO]: Adding: [farmersdelight:steak_and_potatoes] to tag: <tag:items:forge:largexpfood>
[18:25:31.138][INFO]: Adding: [farmersdelight:stuffed_pumpkin] to tag: <tag:items:forge:largexpfood>
[18:25:31.138][INFO]: Adding: [farmersdelight:vegetable_noodles] to tag: <tag:items:forge:largexpfood>
[18:25:31.138][INFO]: Adding: [farmersdelight:vegetable_soup] to tag: <tag:items:forge:largexpfood>
[18:25:31.139][INFO]: Removing 'crafting' recipes with output: 'com.blamejared.crafttweaker.api.item.MCItemStack@669cfa17'
[18:25:31.143][INFO]: Adding 'minecraft:crafting' recipe, of type: "shaped", with name: 'crafttweaker:horde_beacon' that outputs: '<item:contenttweaker:horde_beacon>'
[18:25:31.144][INFO]: Removing 'crafting' recipes with output: 'com.blamejared.crafttweaker.api.item.MCItemStack@a9f8133d'
[18:25:31.146][INFO]: Adding 'minecraft:crafting' recipe, of type: "shaped", with name: 'crafttweaker:xp_tome' that outputs: '<item:xpbook:xp_tome>'
[18:25:31.146][INFO]: Removing 'crafting' recipes with output: 'com.blamejared.crafttweaker.api.item.MCItemStack@62676d80'
[18:25:31.148][INFO]: Adding 'minecraft:crafting' recipe, of type: "mirroring shaped", with name: 'crafttweaker:morphine' that outputs: '<item:firstaid:morphine>'
[18:25:31.148][INFO]: Adding 'create:sequenced_assembly' recipe, with name: 'crafttweaker:sequenced_assembly/ender_pearl' that outputs: '<item:minecraft:ender_pearl>'
[18:25:31.149][INFO]: Removing 'minecraft:crafting' recipe(s) with name(s): '[cfm:fridge_light]'
[18:25:31.149][INFO]: Removing 'minecraft:crafting' recipe(s) with name(s): '[cfm:fridge_dark]'
[18:25:31.149][INFO]: Adding 'create:sequenced_assembly' recipe, with name: 'crafttweaker:sequenced_assembly/everlasting_torches' that outputs: '<item:minecraft:torch> * 4'
[18:25:31.149][INFO]: Set the value of Max Damage on <item:minecraft:flint_and_steel> to: '256'
[18:25:31.150][INFO]: Adding 'minecraft:crafting' recipe, of type: "shaped", with name: 'crafttweaker:wool_torch' that outputs: '<item:minecraft:torch> * 6'
[18:25:31.150][INFO]: Removing 'minecraft:crafting' recipe(s) with name(s): '[minecraft:torch]'
[18:25:31.150][INFO]: Adding 'minecraft:crafting' recipe, of type: "shaped", with name: 'crafttweaker:glow_torches' that outputs: '<item:minecraft:torch> * 4'
[18:25:31.150][INFO]: Adding 'minecraft:crafting' recipe, of type: "mirroring shaped", with name: 'crafttweaker:creosote_oil_everlasting_torch' that outputs: '<item:minecraft:torch> * 32'
[18:25:31.151][INFO]: Adding 'minecraft:crafting' recipe, of type: "shaped", with name: 'crafttweaker:biomes_o_plenty_chest' that outputs: '<item:minecraft:chest>'
[18:25:31.155][INFO]: Adding 'minecraft:crafting' recipe, of type: "shapeless", with name: 'crafttweaker:netherite_scrap_uncraft' that outputs: '<item:minecraft:netherite_scrap> * 2'
[18:25:31.155][INFO]: Adding 'create:crushing' recipe, with name: 'crafttweaker:netherite_scrap_uncraft_crusher_create' that outputs: '<item:minecraft:netherite_scrap> * 3'
[18:25:31.156][INFO]: Adding 'minecraft:crafting' recipe, of type: "shapeless", with name: 'crafttweaker:resistant_fabric' that outputs: '<item:contenttweaker:resistant_fabric>'
[18:25:31.156][INFO]: Adding 'minecraft:crafting' recipe, of type: "shapeless", with name: 'crafttweaker:resistant_fiber_cutter' that outputs: '<item:contenttweaker:resistant_fiber> * 4'
[18:25:31.157][INFO]: Adding 'create:mixing' recipe, with name: 'crafttweaker:poison_potato_healing' that outputs: '<item:minecraft:air>'
[18:25:31.159][INFO]: Setting Composter value of: <item:minecraft:rotten_flesh>, to: 0.5, from: -1.0
[18:25:31.160][INFO]: Adding 'minecraft:crafting' recipe, of type: "shapeless", with name: 'crafttweaker:string' that outputs: '<item:minecraft:string> * 2'
[18:25:31.160][INFO]: Adding 'minecraft:smelting' recipe, with name: 'crafttweaker:leather' that outputs: '<item:minecraft:leather>'
[18:25:31.160][INFO]: Removing 'crafting' recipes with output: 'com.blamejared.crafttweaker.api.item.MCItemStack@b6488b4a'
[18:25:31.164][INFO]: Adding 'minecraft:crafting' recipe, of type: "mirroring shaped", with name: 'crafttweaker:cloth' that outputs: '<item:apocalypsenow:cloth>'
[18:25:31.164][INFO]: Removing 'crafting' recipes with output: 'com.blamejared.crafttweaker.api.item.MCItemStack@4ff9aef7'
[18:25:31.166][INFO]: Adding 'minecraft:crafting' recipe, of type: "mirroring shaped", with name: 'crafttweaker:needle' that outputs: '<item:apocalypsenow:needle>'
[18:25:31.167][INFO]: Removing 'crafting' recipes with output: 'com.blamejared.crafttweaker.api.item.MCItemStack@8a0f24b'
[18:25:31.168][INFO]: Adding 'minecraft:crafting' recipe, of type: "mirroring shaped", with name: 'crafttweaker:nightvisionmodule' that outputs: '<item:apocalypsenow:nightvisionmodule>'
[18:25:31.169][INFO]: Removing 'crafting' recipes with output: 'com.blamejared.crafttweaker.api.item.MCItemStack@8c6d6023'
[18:25:31.170][INFO]: Adding 'minecraft:crafting' recipe, of type: "mirroring shaped", with name: 'crafttweaker:breathingfiltermodule' that outputs: '<item:apocalypsenow:breathingfiltermodule>'
[18:25:31.170][INFO]: Removing 'create:compacting' recipe(s) with name(s): '[createaddition:compacting/seed_oil]'
[18:25:31.171][INFO]: Adding 'create:compacting' recipe, with name: 'crafttweaker:seed_oil' that outputs: '<item:minecraft:air>'
[18:25:31.171][INFO]: Removing 'create:mixing' recipe(s) with name(s): '[createaddition:mixing/bioethanol]'
[18:25:31.172][INFO]: Adding 'create:mixing' recipe, with name: 'crafttweaker:bioethanol' that outputs: '<item:minecraft:air>'
[18:25:31.172][INFO]: Adding 'minecraft:crafting' recipe, of type: "shapeless", with name: 'crafttweaker:ie_gold_wire' that outputs: '<item:createaddition:gold_wire>'
[18:25:31.172][INFO]: Adding 'minecraft:crafting' recipe, of type: "shapeless", with name: 'crafttweaker:ie_iron_wire' that outputs: '<item:createaddition:iron_wire>'
[18:25:31.173][INFO]: Adding 'minecraft:crafting' recipe, of type: "shapeless", with name: 'crafttweaker:create_iron_sheet' that outputs: '<item:create:iron_sheet>'
[18:25:31.173][INFO]: Adding 'minecraft:crafting' recipe, of type: "shapeless", with name: 'crafttweaker:create_copper_sheet' that outputs: '<item:create:copper_sheet>'
[18:25:31.174][INFO]: Adding 'minecraft:crafting' recipe, of type: "shapeless", with name: 'crafttweaker:create_brass_sheet' that outputs: '<item:create:brass_sheet>'
[18:25:31.174][INFO]: Adding 'minecraft:crafting' recipe, of type: "shapeless", with name: 'crafttweaker:create_golden_sheet' that outputs: '<item:create:golden_sheet>'
[18:25:31.174][INFO]: Adding 'minecraft:crafting' recipe, of type: "shapeless", with name: 'crafttweaker:create_zinc_sheet' that outputs: '<item:createaddition:zinc_sheet>'
[18:25:31.175][INFO]: Adding 'minecraft:crafting' recipe, of type: "shapeless", with name: 'crafttweaker:create_electrum_sheet' that outputs: '<item:createaddition:electrum_sheet>'
[18:25:31.176][INFO]: Removing 'minecraft:crafting' recipe(s) with name(s): '[create:crafting/materials/electron_tube]'
[18:25:31.220][INFO]: - Replacing "minecraft:crafting" recipe with name "create:crafting/logistics/brass_tunnel", renaming it to "crafttweaker:autogenerated/create.crafting/logistics/brass_tunnel"
[18:25:31.220][INFO]: - Replacing "minecraft:crafting" recipe with name "create:crafting/kinetics/mechanical_roller", renaming it to "crafttweaker:autogenerated/create.crafting/kinetics/mechanical_roller"
[18:25:31.221][INFO]: - Replacing "minecraft:crafting" recipe with name "create:crafting/kinetics/deployer", renaming it to "crafttweaker:autogenerated/create.crafting/kinetics/deployer"
[18:25:31.224][INFO]: - Replacing "minecraft:crafting" recipe with name "create:crafting/logistics/brass_funnel", renaming it to "crafttweaker:autogenerated/create.crafting/logistics/brass_funnel"
[18:25:31.225][INFO]: - Replacing "minecraft:crafting" recipe with name "create:crafting/kinetics/controller_rail", renaming it to "crafttweaker:autogenerated/create.crafting/kinetics/controller_rail"
[18:25:31.225][INFO]: - Replacing "minecraft:crafting" recipe with name "create:crafting/kinetics/clockwork_bearing", renaming it to "crafttweaker:autogenerated/create.crafting/kinetics/clockwork_bearing"
[18:25:31.226][INFO]: - Replacing "minecraft:crafting" recipe with name "create:crafting/kinetics/nixie_tube", renaming it to "crafttweaker:autogenerated/create.crafting/kinetics/nixie_tube"
[18:25:31.227][INFO]: - Replacing "minecraft:crafting" recipe with name "create:crafting/kinetics/contraption_controls", renaming it to "crafttweaker:autogenerated/create.crafting/kinetics/contraption_controls"
[18:25:31.227][INFO]: - Replacing "minecraft:crafting" recipe with name "create:crafting/kinetics/adjustable_chain_gearshift", renaming it to "crafttweaker:autogenerated/create.crafting/kinetics/adjustable_chain_gearshift"
[18:25:31.228][INFO]: - Replacing "minecraft:crafting" recipe with name "create:crafting/kinetics/smart_fluid_pipe", renaming it to "crafttweaker:autogenerated/create.crafting/kinetics/smart_fluid_pipe"
[18:25:31.231][INFO]: - Replacing "minecraft:crafting" recipe with name "create:crafting/logistics/content_observer", renaming it to "crafttweaker:autogenerated/create.crafting/logistics/content_observer"
[18:25:31.236][INFO]: - Replacing "minecraft:crafting" recipe with name "createaddition:crafting/redstone_relay", renaming it to "crafttweaker:autogenerated/createaddition.crafting/redstone_relay"
[18:25:31.237][INFO]: - Replacing "minecraft:crafting" recipe with name "create:crafting/kinetics/mechanical_crafter", renaming it to "crafttweaker:autogenerated/create.crafting/kinetics/mechanical_crafter"
[18:25:31.238][INFO]: - Replacing "minecraft:crafting" recipe with name "create:crafting/kinetics/sequenced_gearshift", renaming it to "crafttweaker:autogenerated/create.crafting/kinetics/sequenced_gearshift"
[18:25:31.238][INFO]: - Replacing "minecraft:crafting" recipe with name "create:crafting/logistics/stockpile_switch", renaming it to "crafttweaker:autogenerated/create.crafting/logistics/stockpile_switch"
[18:25:31.241][INFO]: - Replacing "minecraft:crafting" recipe with name "create:crafting/kinetics/smart_chute", renaming it to "crafttweaker:autogenerated/create.crafting/kinetics/smart_chute"
[18:25:31.242][INFO]: - Replacing "minecraft:crafting" recipe with name "create:crafting/kinetics/track_signal", renaming it to "crafttweaker:autogenerated/create.crafting/kinetics/track_signal"
[18:25:31.248][INFO]: - Replacing "minecraft:crafting" recipe with name "create:crafting/kinetics/display_board", renaming it to "crafttweaker:autogenerated/create.crafting/kinetics/display_board"
[18:25:31.251][INFO]: - Replacing "create:mechanical_crafting" recipe with name "createaddition:mechanical_crafting/tesla_coil", renaming it to "crafttweaker:autogenerated/createaddition.mechanical_crafting/tesla_coil"
[18:25:31.261][INFO]: Batch replacement completed
[18:25:31.261][INFO]: Removing 'minecraft:crafting' recipe(s) with name(s): '[create:crafting/kinetics/mechanical_arm]'
[18:25:31.262][INFO]: Adding 'minecraft:crafting' recipe, of type: "shaped", with name: 'crafttweaker:mechanical_arm' that outputs: '<item:create:mechanical_arm>'
[18:25:31.262][INFO]: Removing 'minecraft:crafting' recipe(s) with name(s): '[create:crafting/kinetics/rotation_speed_controller]'
[18:25:31.262][INFO]: Adding 'minecraft:crafting' recipe, of type: "shaped", with name: 'crafttweaker:rotation_speed_controller' that outputs: '<item:create:rotation_speed_controller>'
[18:25:31.262][INFO]: Removing 'minecraft:crafting' recipe(s) with name(s): '[create:crafting/kinetics/track_station]'
[18:25:31.262][INFO]: Adding 'minecraft:crafting' recipe, of type: "shaped", with name: 'crafttweaker:track_station' that outputs: '<item:create:track_station>'
[18:25:31.262][INFO]: Adding: [immersivepetroleum:gasoline] to tag: <tag:fluids:car:gas_station>
[18:25:31.263][INFO]: Adding: [immersivepetroleum:diesel] to tag: <tag:fluids:car:gas_station>
[18:25:31.264][INFO]: Registering new items tag with name <tag:items:forge:corundum/block>
[18:25:31.265][INFO]: Registering new items tag with name <tag:items:forge:corundum/cluster>
[18:25:31.272][INFO]: Removing 'create:crushing' recipes with output: 'com.blamejared.crafttweaker.api.item.MCItemStack@2a655a38'
[18:25:31.273][INFO]: Adding 'create:crushing' recipe, with name: 'crafttweaker:veridium' that outputs: '<item:create:crushed_raw_copper>'
[18:25:31.273][INFO]: Adding 'create:crushing' recipe, with name: 'crafttweaker:veridium_recycle' that outputs: '<item:create:crushed_raw_copper>'
[18:25:31.273][INFO]: Adding 'create:crushing' recipe, with name: 'crafttweaker:raw_copper' that outputs: '<item:create:crushed_raw_copper>'
[18:25:31.273][INFO]: Adding 'create:crushing' recipe, with name: 'crafttweaker:raw_copper_block' that outputs: '<item:create:crushed_raw_copper> * 9'
[18:25:31.274][INFO]: Adding 'create:crushing' recipe, with name: 'crafttweaker:copper_ore_block' that outputs: '<item:create:crushed_raw_copper>'
[18:25:31.274][INFO]: Adding 'create:crushing' recipe, with name: 'crafttweaker:deepslate_copper_ore_block' that outputs: '<item:create:crushed_raw_copper>'
[18:25:31.274][INFO]: Removing 'create:crushing' recipe(s) with name(s): '[create:crushing/raw_iron]'
[18:25:31.274][INFO]: Removing 'create:crushing' recipe(s) with name(s): '[create:crushing/deepslate_iron_ore]'
[18:25:31.274][INFO]: Removing 'create:crushing' recipe(s) with name(s): '[create:crushing/iron_ore]'
[18:25:31.274][INFO]: Adding 'create:crushing' recipe, with name: 'crafttweaker:raw_iron_ore' that outputs: '<item:create:crushed_raw_iron>'
[18:25:31.275][INFO]: Adding 'create:crushing' recipe, with name: 'crafttweaker:iron_ore_block' that outputs: '<item:create:crushed_raw_iron>'
[18:25:31.275][INFO]: Adding 'create:crushing' recipe, with name: 'crafttweaker:deepslate_iron_ore_block' that outputs: '<item:create:crushed_raw_iron> * 2'
[18:25:31.275][INFO]: Removing 'create:crushing' recipe(s) with name(s): '[create:crushing/raw_gold]'
[18:25:31.275][INFO]: Removing 'create:crushing' recipe(s) with name(s): '[create:crushing/deepslate_gold_ore]'
[18:25:31.275][INFO]: Removing 'create:crushing' recipe(s) with name(s): '[create:crushing/gold_ore]'
[18:25:31.275][INFO]: Adding 'create:crushing' recipe, with name: 'crafttweaker:raw_gold_ore' that outputs: '<item:create:crushed_raw_gold>'
[18:25:31.276][INFO]: Adding 'create:crushing' recipe, with name: 'crafttweaker:gold_ore_block' that outputs: '<item:create:crushed_raw_gold>'
[18:25:31.276][INFO]: Adding 'create:crushing' recipe, with name: 'crafttweaker:deepslate_gold_ore_block' that outputs: '<item:create:crushed_raw_gold> * 2'
[18:25:31.276][INFO]: Removing 'create:crushing' recipe(s) with name(s): '[create:crushing/raw_zinc]'
[18:25:31.276][INFO]: Removing 'create:crushing' recipe(s) with name(s): '[create:crushing/zinc_ore]'
[18:25:31.276][INFO]: Adding 'create:crushing' recipe, with name: 'crafttweaker:raw_zinc_ore' that outputs: '<item:create:crushed_raw_zinc>'
[18:25:31.277][INFO]: Adding 'create:crushing' recipe, with name: 'crafttweaker:zinc_ore_block' that outputs: '<item:create:crushed_raw_zinc>'
[18:25:31.277][INFO]: Adding 'create:crushing' recipe, with name: 'crafttweaker:deepslate_zinc_ore_block' that outputs: '<item:create:crushed_raw_zinc> * 2'
[18:25:31.277][INFO]: Removing 'create:crushing' recipe(s) with name(s): '[create:crushing/raw_silver_ore]'
[18:25:31.277][INFO]: Removing 'create:crushing' recipe(s) with name(s): '[create:crushing/silver_ore]'
[18:25:31.277][INFO]: Adding 'create:crushing' recipe, with name: 'crafttweaker:raw_silver_ore' that outputs: '<item:create:crushed_raw_silver>'
[18:25:31.278][INFO]: Adding 'create:crushing' recipe, with name: 'crafttweaker:silver_ore_block' that outputs: '<item:create:crushed_raw_silver>'
[18:25:31.278][INFO]: Adding 'create:crushing' recipe, with name: 'crafttweaker:deepslate_silver_ore_block' that outputs: '<item:create:crushed_raw_silver> * 2'
[18:25:31.278][INFO]: Removing 'create:crushing' recipe(s) with name(s): '[create:crushing/raw_lead_ore]'
[18:25:31.278][INFO]: Removing 'create:crushing' recipe(s) with name(s): '[create:crushing/lead_ore]'
[18:25:31.279][INFO]: Adding 'create:crushing' recipe, with name: 'crafttweaker:raw_lead_ore' that outputs: '<item:create:crushed_raw_lead>'
[18:25:31.279][INFO]: Adding 'create:crushing' recipe, with name: 'crafttweaker:lead_ore_block' that outputs: '<item:create:crushed_raw_lead>'
[18:25:31.279][INFO]: Adding 'create:crushing' recipe, with name: 'crafttweaker:deepslate_lead_ore_block' that outputs: '<item:create:crushed_raw_lead> * 2'
[18:25:31.279][INFO]: Removing 'create:crushing' recipe(s) with name(s): '[create:crushing/raw_aluminum_ore]'
[18:25:31.279][INFO]: Removing 'create:crushing' recipe(s) with name(s): '[create:crushing/aluminum_ore]'
[18:25:31.280][INFO]: Adding 'create:crushing' recipe, with name: 'crafttweaker:raw_aluminum_ore' that outputs: '<item:create:crushed_raw_aluminum>'
[18:25:31.280][INFO]: Adding 'create:crushing' recipe, with name: 'crafttweaker:aluminum_ore_block' that outputs: '<item:create:crushed_raw_aluminum>'
[18:25:31.281][INFO]: Adding 'create:crushing' recipe, with name: 'crafttweaker:deepslate_aluminum_ore_block' that outputs: '<item:create:crushed_raw_aluminum> * 2'
[18:25:31.281][INFO]: Adding 'create:crushing' recipe, with name: 'crafttweaker:corundum_aluminum_ore' that outputs: '<item:create:crushed_raw_aluminum>'
[18:25:31.282][INFO]: Adding 'create:crushing' recipe, with name: 'crafttweaker:corundum_aluminum_cluster' that outputs: '<item:create:crushed_raw_aluminum>'
[18:25:31.282][INFO]: Removing 'create:crushing' recipe(s) with name(s): '[create:crushing/raw_uranium_ore]'
[18:25:31.282][INFO]: Removing 'create:crushing' recipe(s) with name(s): '[create:crushing/uranium_ore]'
[18:25:31.282][INFO]: Adding 'create:crushing' recipe, with name: 'crafttweaker:raw_uranium_ore' that outputs: '<item:create:crushed_raw_uranium>'
[18:25:31.283][INFO]: Adding 'create:crushing' recipe, with name: 'crafttweaker:uranium_ore_block' that outputs: '<item:create:crushed_raw_uranium>'
[18:25:31.283][INFO]: Adding 'create:crushing' recipe, with name: 'crafttweaker:deepslate_uranium_ore_block' that outputs: '<item:create:crushed_raw_uranium> * 2'
[18:25:31.283][INFO]: Removing 'create:crushing' recipe(s) with name(s): '[create:crushing/raw_nickel_ore]'
[18:25:31.283][INFO]: Removing 'create:crushing' recipe(s) with name(s): '[create:crushing/nickel_ore]'
[18:25:31.283][INFO]: Adding 'create:crushing' recipe, with name: 'crafttweaker:raw_nickel_ore' that outputs: '<item:create:crushed_raw_nickel>'
[18:25:31.283][INFO]: Adding 'create:crushing' recipe, with name: 'crafttweaker:nickel_ore_block' that outputs: '<item:create:crushed_raw_nickel>'
[18:25:31.284][INFO]: Adding 'create:crushing' recipe, with name: 'crafttweaker:deepslate_nickel_ore_block' that outputs: '<item:create:crushed_raw_nickel> * 2'
[18:25:31.286][INFO]: Registering new items tag with name <tag:items:forge:mre/main_course>
[18:25:31.287][INFO]: Adding: [farmersdelight:beef_stew] to tag: <tag:items:forge:mre/main_course>
[18:25:31.287][INFO]: Adding: [farmersdelight:fish_stew] to tag: <tag:items:forge:mre/main_course>
[18:25:31.287][INFO]: Adding: [farmersdelight:fried_rice] to tag: <tag:items:forge:mre/main_course>
[18:25:31.288][INFO]: Adding: [farmersdelight:baked_cod_stew] to tag: <tag:items:forge:mre/main_course>
[18:25:31.288][INFO]: Adding: [farmersdelight:bacon_and_eggs] to tag: <tag:items:forge:mre/main_course>
[18:25:31.288][INFO]: Adding: [farmersdelight:pasta_with_meatballs] to tag: <tag:items:forge:mre/main_course>
[18:25:31.288][INFO]: Adding: [farmersdelight:pasta_with_mutton_chop] to tag: <tag:items:forge:mre/main_course>
[18:25:31.288][INFO]: Adding: [farmersdelight:mushroom_rice] to tag: <tag:items:forge:mre/main_course>
[18:25:31.288][INFO]: Adding: [farmersdelight:vegetable_noodles] to tag: <tag:items:forge:mre/main_course>
[18:25:31.289][INFO]: Adding: [farmersdelight:steak_and_potatoes] to tag: <tag:items:forge:mre/main_course>
[18:25:31.289][INFO]: Adding: [farmersdelight:ratatouille] to tag: <tag:items:forge:mre/main_course>
[18:25:31.289][INFO]: Adding: [farmersdelight:squid_ink_pasta] to tag: <tag:items:forge:mre/main_course>
[18:25:31.289][INFO]: Adding: [farmersdelight:grilled_salmon] to tag: <tag:items:forge:mre/main_course>
[18:25:31.289][INFO]: Registering new items tag with name <tag:items:forge:mre/desert>
[18:25:31.289][INFO]: Adding: [farmersdelight:cake_slice] to tag: <tag:items:forge:mre/desert>
[18:25:31.290][INFO]: Adding: [farmersdelight:apple_pie_slice] to tag: <tag:items:forge:mre/desert>
[18:25:31.290][INFO]: Adding: [farmersdelight:sweet_berry_cheesecake_slice] to tag: <tag:items:forge:mre/desert>
[18:25:31.290][INFO]: Adding: [farmersdelight:chocolate_pie_slice] to tag: <tag:items:forge:mre/desert>
[18:25:31.290][INFO]: Adding: [farmersdelight:sweet_berry_cookie] to tag: <tag:items:forge:mre/desert>
[18:25:31.290][INFO]: Adding: [farmersdelight:honey_cookie] to tag: <tag:items:forge:mre/desert>
[18:25:31.290][INFO]: Adding: [minecraft:cookie] to tag: <tag:items:forge:mre/desert>
[18:25:31.291][INFO]: Registering new items tag with name <tag:items:forge:mre/drinks>
[18:25:31.291][INFO]: Adding: [farmersdelight:milk_bottle] to tag: <tag:items:forge:mre/drinks>
[18:25:31.291][INFO]: Adding: [farmersdelight:hot_cocoa] to tag: <tag:items:forge:mre/drinks>
[18:25:31.291][INFO]: Adding: [farmersdelight:apple_cider] to tag: <tag:items:forge:mre/drinks>
[18:25:31.291][INFO]: Adding: [farmersdelight:melon_juice] to tag: <tag:items:forge:mre/drinks>
[18:25:31.291][INFO]: Removing 'minecraft:crafting' recipe(s) with name(s): '[apocalypsenow:mr_erecipe]'
[18:25:31.292][INFO]: Adding 'minecraft:crafting' recipe, of type: "mirroring shaped", with name: 'crafttweaker:mre' that outputs: '<item:apocalypsenow:mre>'
[18:25:31.293][INFO]: Removing Villager trade for Profession: 'armorer' and Level: '1'
[18:25:31.296][INFO]: Adding Villager trade for Profession: 'armorer' and Level: '1'
[18:25:31.296][INFO]: Adding Villager trade for Profession: 'armorer' and Level: '1'
[18:25:31.296][INFO]: Adding Villager trade for Profession: 'armorer' and Level: '1'
[18:25:31.296][INFO]: Adding Villager trade for Profession: 'armorer' and Level: '1'
[18:25:31.296][INFO]: Adding Villager trade for Profession: 'armorer' and Level: '1'
[18:25:31.296][INFO]: Removing Villager trade for Profession: 'armorer' and Level: '2'
[18:25:31.296][INFO]: Adding Villager trade for Profession: 'armorer' and Level: '2'
[18:25:31.296][INFO]: Adding Villager trade for Profession: 'armorer' and Level: '2'
[18:25:31.296][INFO]: Adding Villager trade for Profession: 'armorer' and Level: '2'
[18:25:31.296][INFO]: Removing Villager trade for Profession: 'armorer' and Level: '3'
[18:25:31.296][INFO]: Adding Villager trade for Profession: 'armorer' and Level: '3'
[18:25:31.296][INFO]: Adding Villager trade for Profession: 'armorer' and Level: '3'
[18:25:31.296][INFO]: Adding Villager trade for Profession: 'armorer' and Level: '3'
[18:25:31.296][INFO]: Removing Villager trade for Profession: 'armorer' and Level: '4'
[18:25:31.296][INFO]: Adding Villager trade for Profession: 'armorer' and Level: '4'
[18:25:31.296][INFO]: Adding Villager trade for Profession: 'armorer' and Level: '4'
[18:25:31.296][INFO]: Adding Villager trade for Profession: 'armorer' and Level: '4'
[18:25:31.296][INFO]: Removing Villager trade for Profession: 'armorer' and Level: '5'
[18:25:31.296][INFO]: Adding Villager trade for Profession: 'armorer' and Level: '5'
[18:25:31.296][INFO]: Adding Villager trade for Profession: 'armorer' and Level: '5'
[18:25:31.296][INFO]: Removing Villager trade for Profession: 'butcher' and Level: '1'
[18:25:31.296][INFO]: Adding Villager trade for Profession: 'butcher' and Level: '1'
[18:25:31.296][INFO]: Adding Villager trade for Profession: 'butcher' and Level: '1'
[18:25:31.296][INFO]: Adding Villager trade for Profession: 'butcher' and Level: '1'
[18:25:31.296][INFO]: Adding Villager trade for Profession: 'butcher' and Level: '1'
[18:25:31.296][INFO]: Adding Villager trade for Profession: 'butcher' and Level: '1'
[18:25:31.296][INFO]: Removing Villager trade for Profession: 'butcher' and Level: '2'
[18:25:31.296][INFO]: Adding Villager trade for Profession: 'butcher' and Level: '2'
[18:25:31.296][INFO]: Adding Villager trade for Profession: 'butcher' and Level: '2'
[18:25:31.296][INFO]: Adding Villager trade for Profession: 'butcher' and Level: '2'
[18:25:31.296][INFO]: Removing Villager trade for Profession: 'butcher' and Level: '3'
[18:25:31.296][INFO]: Adding Villager trade for Profession: 'butcher' and Level: '3'
[18:25:31.296][INFO]: Adding Villager trade for Profession: 'butcher' and Level: '3'
[18:25:31.297][INFO]: Adding Villager trade for Profession: 'butcher' and Level: '3'
[18:25:31.297][INFO]: Removing Villager trade for Profession: 'butcher' and Level: '4'
[18:25:31.297][INFO]: Adding Villager trade for Profession: 'butcher' and Level: '4'
[18:25:31.297][INFO]: Adding Villager trade for Profession: 'butcher' and Level: '4'
[18:25:31.297][INFO]: Adding Villager trade for Profession: 'butcher' and Level: '4'
[18:25:31.297][INFO]: Adding Villager trade for Profession: 'butcher' and Level: '4'
[18:25:31.297][INFO]: Removing Villager trade for Profession: 'butcher' and Level: '5'
[18:25:31.297][INFO]: Adding Villager trade for Profession: 'butcher' and Level: '5'
[18:25:31.297][INFO]: Adding Villager trade for Profession: 'butcher' and Level: '5'
[18:25:31.297][INFO]: Removing Villager trade for Profession: 'cartographer' and Level: '1'
[18:25:31.297][INFO]: Adding Villager trade for Profession: 'cartographer' and Level: '1'
[18:25:31.297][INFO]: Adding Villager trade for Profession: 'cartographer' and Level: '1'
[18:25:31.297][INFO]: Removing Villager trade for Profession: 'cartographer' and Level: '2'
[18:25:31.297][INFO]: Adding Villager trade for Profession: 'cartographer' and Level: '2'
[18:25:31.297][INFO]: Adding Villager trade for Profession: 'cartographer' and Level: '2'
[18:25:31.297][INFO]: Removing Villager trade for Profession: 'cartographer' and Level: '3'
[18:25:31.297][INFO]: Adding Villager trade for Profession: 'cartographer' and Level: '3'
[18:25:31.297][INFO]: Adding Villager trade for Profession: 'cartographer' and Level: '3'
[18:25:31.297][INFO]: Adding Villager trade for Profession: 'cartographer' and Level: '4'
[18:25:31.297][INFO]: Adding Villager trade for Profession: 'cartographer' and Level: '4'
[18:25:31.297][INFO]: Adding Villager trade for Profession: 'cartographer' and Level: '4'
[18:25:31.297][INFO]: Adding Villager trade for Profession: 'cartographer' and Level: '5'
[18:25:31.297][INFO]: Adding Villager trade for Profession: 'cartographer' and Level: '5'
[18:25:31.297][INFO]: Removing Villager trade for Profession: 'cleric' and Level: '1'
[18:25:31.297][INFO]: Adding Villager trade for Profession: 'cleric' and Level: '1'
[18:25:31.297][INFO]: Adding Villager trade for Profession: 'cleric' and Level: '1'
[18:25:31.297][INFO]: Removing Villager trade for Profession: 'cleric' and Level: '2'
[18:25:31.297][INFO]: Adding Villager trade for Profession: 'cleric' and Level: '2'
[18:25:31.297][INFO]: Adding Villager trade for Profession: 'cleric' and Level: '2'
[18:25:31.297][INFO]: Adding Villager trade for Profession: 'cleric' and Level: '2'
[18:25:31.297][INFO]: Removing Villager trade for Profession: 'cleric' and Level: '3'
[18:25:31.297][INFO]: Adding Villager trade for Profession: 'cleric' and Level: '3'
[18:25:31.297][INFO]: Adding Villager trade for Profession: 'cleric' and Level: '3'
[18:25:31.298][INFO]: Removing Villager trade for Profession: 'cleric' and Level: '4'
[18:25:31.298][INFO]: Adding Villager trade for Profession: 'cleric' and Level: '3'
[18:25:31.298][INFO]: Removing Villager trade for Profession: 'cleric' and Level: '5'
[18:25:31.298][INFO]: Adding Villager trade for Profession: 'cleric' and Level: '5'
[18:25:31.298][INFO]: Adding Villager trade for Profession: 'cleric' and Level: '5'
[18:25:31.298][INFO]: Removing Villager trade for Profession: 'farmer' and Level: '1'
[18:25:31.298][INFO]: Adding Villager trade for Profession: 'farmer' and Level: '1'
[18:25:31.298][INFO]: Adding Villager trade for Profession: 'farmer' and Level: '1'
[18:25:31.298][INFO]: Adding Villager trade for Profession: 'farmer' and Level: '1'
[18:25:31.298][INFO]: Adding Villager trade for Profession: 'farmer' and Level: '1'
[18:25:31.298][INFO]: Removing Villager trade for Profession: 'farmer' and Level: '2'
[18:25:31.298][INFO]: Adding Villager trade for Profession: 'farmer' and Level: '2'
[18:25:31.298][INFO]: Adding Villager trade for Profession: 'farmer' and Level: '2'
[18:25:31.298][INFO]: Adding Villager trade for Profession: 'farmer' and Level: '2'
[18:25:31.298][INFO]: Adding Villager trade for Profession: 'farmer' and Level: '2'
[18:25:31.298][INFO]: Adding Villager trade for Profession: 'farmer' and Level: '2'
[18:25:31.298][INFO]: Removing Villager trade for Profession: 'farmer' and Level: '3'
[18:25:31.298][INFO]: Adding Villager trade for Profession: 'farmer' and Level: '3'
[18:25:31.298][INFO]: Adding Villager trade for Profession: 'farmer' and Level: '3'
[18:25:31.298][INFO]: Adding Villager trade for Profession: 'farmer' and Level: '3'
[18:25:31.298][INFO]: Adding Villager trade for Profession: 'farmer' and Level: '3'
[18:25:31.298][INFO]: Removing Villager trade for Profession: 'farmer' and Level: '4'
[18:25:31.299][INFO]: Adding Villager trade for Profession: 'farmer' and Level: '4'
[18:25:31.299][INFO]: Adding Villager trade for Profession: 'farmer' and Level: '4'
[18:25:31.299][INFO]: Adding Villager trade for Profession: 'farmer' and Level: '4'
[18:25:31.299][INFO]: Removing Villager trade for Profession: 'farmer' and Level: '5'
[18:25:31.299][INFO]: Adding Villager trade for Profession: 'farmer' and Level: '5'
[18:25:31.299][INFO]: Adding Villager trade for Profession: 'farmer' and Level: '5'
[18:25:31.299][INFO]: Removing Villager trade for Profession: 'fisherman' and Level: '1'
[18:25:31.299][INFO]: Adding Villager trade for Profession: 'fisherman' and Level: '1'
[18:25:31.299][INFO]: Adding Villager trade for Profession: 'fisherman' and Level: '1'
[18:25:31.299][INFO]: Removing Villager trade for Profession: 'fisherman' and Level: '2'
[18:25:31.299][INFO]: Adding Villager trade for Profession: 'fisherman' and Level: '2'
[18:25:31.299][INFO]: Adding Villager trade for Profession: 'fisherman' and Level: '2'
[18:25:31.299][INFO]: Removing Villager trade for Profession: 'fisherman' and Level: '3'
[18:25:31.299][INFO]: Adding Villager trade for Profession: 'fisherman' and Level: '3'
[18:25:31.299][INFO]: Adding Villager trade for Profession: 'fisherman' and Level: '3'
[18:25:31.299][INFO]: Removing Villager trade for Profession: 'fisherman' and Level: '4'
[18:25:31.299][INFO]: Adding Villager trade for Profession: 'fisherman' and Level: '4'
[18:25:31.299][INFO]: Adding Villager trade for Profession: 'fisherman' and Level: '4'
[18:25:31.299][INFO]: Adding Villager trade for Profession: 'fisherman' and Level: '4'
[18:25:31.299][INFO]: Removing Villager trade for Profession: 'fisherman' and Level: '5'
[18:25:31.299][INFO]: Adding Villager trade for Profession: 'fisherman' and Level: '5'
[18:25:31.299][INFO]: Adding Villager trade for Profession: 'fisherman' and Level: '5'
[18:25:31.299][INFO]: Removing Villager trade for Profession: 'fletcher' and Level: '1'
[18:25:31.300][INFO]: Adding Villager trade for Profession: 'fletcher' and Level: '1'
[18:25:31.300][INFO]: Adding Villager trade for Profession: 'fletcher' and Level: '1'
[18:25:31.300][INFO]: Adding Villager trade for Profession: 'fletcher' and Level: '1'
[18:25:31.300][INFO]: Removing Villager trade for Profession: 'fletcher' and Level: '2'
[18:25:31.300][INFO]: Adding Villager trade for Profession: 'fletcher' and Level: '2'
[18:25:31.300][INFO]: Adding Villager trade for Profession: 'fletcher' and Level: '2'
[18:25:31.300][INFO]: Removing Villager trade for Profession: 'fletcher' and Level: '3'
[18:25:31.300][INFO]: Adding Villager trade for Profession: 'fletcher' and Level: '3'
[18:25:31.300][INFO]: Adding Villager trade for Profession: 'fletcher' and Level: '3'
[18:25:31.300][INFO]: Removing Villager trade for Profession: 'fletcher' and Level: '4'
[18:25:31.300][INFO]: Adding Villager trade for Profession: 'fletcher' and Level: '4'
[18:25:31.300][INFO]: Adding Villager trade for Profession: 'fletcher' and Level: '4'
[18:25:31.300][INFO]: Removing Villager trade for Profession: 'fletcher' and Level: '5'
[18:25:31.300][INFO]: Adding Villager trade for Profession: 'fletcher' and Level: '5'
[18:25:31.300][INFO]: Removing Villager trade for Profession: 'leatherworker' and Level: '1'
[18:25:31.300][INFO]: Adding Villager trade for Profession: 'leatherworker' and Level: '1'
[18:25:31.300][INFO]: Adding Villager trade for Profession: 'leatherworker' and Level: '1'
[18:25:31.300][INFO]: Adding Villager trade for Profession: 'leatherworker' and Level: '1'
[18:25:31.300][INFO]: Adding Villager trade for Profession: 'leatherworker' and Level: '1'
[18:25:31.300][INFO]: Adding Villager trade for Profession: 'leatherworker' and Level: '1'
[18:25:31.300][INFO]: Removing Villager trade for Profession: 'leatherworker' and Level: '2'
[18:25:31.300][INFO]: Adding Villager trade for Profession: 'leatherworker' and Level: '2'
[18:25:31.301][INFO]: Adding Villager trade for Profession: 'leatherworker' and Level: '2'
[18:25:31.301][INFO]: Removing Villager trade for Profession: 'leatherworker' and Level: '3'
[18:25:31.301][INFO]: Adding Villager trade for Profession: 'leatherworker' and Level: '3'
[18:25:31.301][INFO]: Adding Villager trade for Profession: 'leatherworker' and Level: '3'
[18:25:31.301][INFO]: Removing Villager trade for Profession: 'leatherworker' and Level: '4'
[18:25:31.301][INFO]: Adding Villager trade for Profession: 'leatherworker' and Level: '4'
[18:25:31.301][INFO]: Adding Villager trade for Profession: 'leatherworker' and Level: '4'
[18:25:31.301][INFO]: Removing Villager trade for Profession: 'leatherworker' and Level: '5'
[18:25:31.301][INFO]: Adding Villager trade for Profession: 'leatherworker' and Level: '5'
[18:25:31.301][INFO]: Adding Villager trade for Profession: 'leatherworker' and Level: '5'
[18:25:31.301][INFO]: Removing Villager trade for Profession: 'librarian' and Level: '1'
[18:25:31.302][INFO]: Adding Villager trade for Profession: 'librarian' and Level: '1'
[18:25:31.302][INFO]: Adding Villager trade for Profession: 'librarian' and Level: '1'
[18:25:31.302][INFO]: Adding Villager trade for Profession: 'librarian' and Level: '1'
[18:25:31.302][INFO]: Adding Villager trade for Profession: 'librarian' and Level: '1'
[18:25:31.302][INFO]: Adding Villager trade for Profession: 'librarian' and Level: '1'
[18:25:31.302][INFO]: Adding Villager trade for Profession: 'librarian' and Level: '1'
[18:25:31.302][INFO]: Adding Villager trade for Profession: 'librarian' and Level: '1'
[18:25:31.302][INFO]: Adding Villager trade for Profession: 'librarian' and Level: '1'
[18:25:31.302][INFO]: Adding Villager trade for Profession: 'librarian' and Level: '1'
[18:25:31.303][INFO]: Adding Villager trade for Profession: 'librarian' and Level: '1'
[18:25:31.303][INFO]: Adding Villager trade for Profession: 'librarian' and Level: '1'
[18:25:31.303][INFO]: Adding Villager trade for Profession: 'librarian' and Level: '1'
[18:25:31.303][INFO]: Adding Villager trade for Profession: 'librarian' and Level: '1'
[18:25:31.303][INFO]: Adding Villager trade for Profession: 'librarian' and Level: '1'
[18:25:31.303][INFO]: Adding Villager trade for Profession: 'librarian' and Level: '1'
[18:25:31.303][INFO]: Adding Villager trade for Profession: 'librarian' and Level: '1'
[18:25:31.303][INFO]: Adding Villager trade for Profession: 'librarian' and Level: '1'
[18:25:31.303][INFO]: Adding Villager trade for Profession: 'librarian' and Level: '1'
[18:25:31.303][INFO]: Adding Villager trade for Profession: 'librarian' and Level: '1'
[18:25:31.303][INFO]: Adding Villager trade for Profession: 'librarian' and Level: '1'
[18:25:31.303][INFO]: Adding Villager trade for Profession: 'librarian' and Level: '1'
[18:25:31.303][INFO]: Adding Villager trade for Profession: 'librarian' and Level: '1'
[18:25:31.303][INFO]: Adding Villager trade for Profession: 'librarian' and Level: '1'
[18:25:31.303][INFO]: Adding Villager trade for Profession: 'librarian' and Level: '1'
[18:25:31.303][INFO]: Adding Villager trade for Profession: 'librarian' and Level: '1'
[18:25:31.304][INFO]: Adding Villager trade for Profession: 'librarian' and Level: '1'
[18:25:31.304][INFO]: Adding Villager trade for Profession: 'librarian' and Level: '1'
[18:25:31.304][INFO]: Adding Villager trade for Profession: 'librarian' and Level: '1'
[18:25:31.304][INFO]: Adding Villager trade for Profession: 'librarian' and Level: '1'
[18:25:31.304][INFO]: Adding Villager trade for Profession: 'librarian' and Level: '1'
[18:25:31.304][INFO]: Adding Villager trade for Profession: 'librarian' and Level: '1'
[18:25:31.304][INFO]: Adding Villager trade for Profession: 'librarian' and Level: '1'
[18:25:31.304][INFO]: Adding Villager trade for Profession: 'librarian' and Level: '1'
[18:25:31.304][INFO]: Adding Villager trade for Profession: 'librarian' and Level: '1'
[18:25:31.304][INFO]: Adding Villager trade for Profession: 'librarian' and Level: '1'
[18:25:31.304][INFO]: Adding Villager trade for Profession: 'librarian' and Level: '1'
[18:25:31.304][INFO]: Adding Villager trade for Profession: 'librarian' and Level: '1'
[18:25:31.304][INFO]: Adding Villager trade for Profession: 'librarian' and Level: '1'
[18:25:31.304][INFO]: Adding Villager trade for Profession: 'librarian' and Level: '1'
[18:25:31.304][INFO]: Adding Villager trade for Profession: 'librarian' and Level: '1'
[18:25:31.305][INFO]: Adding Villager trade for Profession: 'librarian' and Level: '1'
[18:25:31.305][INFO]: Adding Villager trade for Profession: 'librarian' and Level: '1'
[18:25:31.305][INFO]: Removing Villager trade for Profession: 'librarian' and Level: '2'
[18:25:31.305][INFO]: Adding Villager trade for Profession: 'librarian' and Level: '2'
[18:25:31.305][INFO]: Adding Villager trade for Profession: 'librarian' and Level: '2'
[18:25:31.305][INFO]: Adding Villager trade for Profession: 'librarian' and Level: '2'
[18:25:31.305][INFO]: Adding Villager trade for Profession: 'librarian' and Level: '2'
[18:25:31.305][INFO]: Adding Villager trade for Profession: 'librarian' and Level: '2'
[18:25:31.305][INFO]: Adding Villager trade for Profession: 'librarian' and Level: '2'
[18:25:31.305][INFO]: Adding Villager trade for Profession: 'librarian' and Level: '2'
[18:25:31.305][INFO]: Adding Villager trade for Profession: 'librarian' and Level: '2'
[18:25:31.305][INFO]: Adding Villager trade for Profession: 'librarian' and Level: '2'
[18:25:31.305][INFO]: Adding Villager trade for Profession: 'librarian' and Level: '2'
[18:25:31.305][INFO]: Adding Villager trade for Profession: 'librarian' and Level: '2'
[18:25:31.305][INFO]: Adding Villager trade for Profession: 'librarian' and Level: '2'
[18:25:31.306][INFO]: Adding Villager trade for Profession: 'librarian' and Level: '2'
[18:25:31.306][INFO]: Adding Villager trade for Profession: 'librarian' and Level: '2'
[18:25:31.306][INFO]: Adding Villager trade for Profession: 'librarian' and Level: '2'
[18:25:31.306][INFO]: Adding Villager trade for Profession: 'librarian' and Level: '2'
[18:25:31.306][INFO]: Adding Villager trade for Profession: 'librarian' and Level: '2'
[18:25:31.306][INFO]: Adding Villager trade for Profession: 'librarian' and Level: '2'
[18:25:31.306][INFO]: Adding Villager trade for Profession: 'librarian' and Level: '2'
[18:25:31.306][INFO]: Adding Villager trade for Profession: 'librarian' and Level: '2'
[18:25:31.306][INFO]: Adding Villager trade for Profession: 'librarian' and Level: '2'
[18:25:31.306][INFO]: Adding Villager trade for Profession: 'librarian' and Level: '2'
[18:25:31.306][INFO]: Adding Villager trade for Profession: 'librarian' and Level: '2'
[18:25:31.306][INFO]: Adding Villager trade for Profession: 'librarian' and Level: '2'
[18:25:31.306][INFO]: Adding Villager trade for Profession: 'librarian' and Level: '2'
[18:25:31.306][INFO]: Adding Villager trade for Profession: 'librarian' and Level: '2'
[18:25:31.306][INFO]: Adding Villager trade for Profession: 'librarian' and Level: '2'
[18:25:31.307][INFO]: Adding Villager trade for Profession: 'librarian' and Level: '2'
[18:25:31.307][INFO]: Adding Villager trade for Profession: 'librarian' and Level: '2'
[18:25:31.307][INFO]: Adding Villager trade for Profession: 'librarian' and Level: '2'
[18:25:31.307][INFO]: Adding Villager trade for Profession: 'librarian' and Level: '2'
[18:25:31.307][INFO]: Adding Villager trade for Profession: 'librarian' and Level: '2'
[18:25:31.307][INFO]: Adding Villager trade for Profession: 'librarian' and Level: '2'
[18:25:31.307][INFO]: Adding Villager trade for Profession: 'librarian' and Level: '2'
[18:25:31.307][INFO]: Adding Villager trade for Profession: 'librarian' and Level: '2'
[18:25:31.307][INFO]: Removing Villager trade for Profession: 'librarian' and Level: '3'
[18:25:31.307][INFO]: Adding Villager trade for Profession: 'librarian' and Level: '3'
[18:25:31.307][INFO]: Adding Villager trade for Profession: 'librarian' and Level: '3'
[18:25:31.307][INFO]: Adding Villager trade for Profession: 'librarian' and Level: '3'
[18:25:31.307][INFO]: Adding Villager trade for Profession: 'librarian' and Level: '3'
[18:25:31.307][INFO]: Adding Villager trade for Profession: 'librarian' and Level: '3'
[18:25:31.307][INFO]: Adding Villager trade for Profession: 'librarian' and Level: '3'
[18:25:31.307][INFO]: Adding Villager trade for Profession: 'librarian' and Level: '3'
[18:25:31.307][INFO]: Adding Villager trade for Profession: 'librarian' and Level: '3'
[18:25:31.307][INFO]: Adding Villager trade for Profession: 'librarian' and Level: '3'
[18:25:31.307][INFO]: Adding Villager trade for Profession: 'librarian' and Level: '3'
[18:25:31.307][INFO]: Adding Villager trade for Profession: 'librarian' and Level: '3'
[18:25:31.308][INFO]: Adding Villager trade for Profession: 'librarian' and Level: '3'
[18:25:31.308][INFO]: Adding Villager trade for Profession: 'librarian' and Level: '3'
[18:25:31.308][INFO]: Adding Villager trade for Profession: 'librarian' and Level: '3'
[18:25:31.308][INFO]: Adding Villager trade for Profession: 'librarian' and Level: '3'
[18:25:31.308][INFO]: Adding Villager trade for Profession: 'librarian' and Level: '3'
[18:25:31.308][INFO]: Adding Villager trade for Profession: 'librarian' and Level: '3'
[18:25:31.308][INFO]: Adding Villager trade for Profession: 'librarian' and Level: '3'
[18:25:31.308][INFO]: Adding Villager trade for Profession: 'librarian' and Level: '3'
[18:25:31.308][INFO]: Adding Villager trade for Profession: 'librarian' and Level: '3'
[18:25:31.308][INFO]: Adding Villager trade for Profession: 'librarian' and Level: '3'
[18:25:31.308][INFO]: Adding Villager trade for Profession: 'librarian' and Level: '3'
[18:25:31.308][INFO]: Adding Villager trade for Profession: 'librarian' and Level: '3'
[18:25:31.308][INFO]: Adding Villager trade for Profession: 'librarian' and Level: '3'
[18:25:31.308][INFO]: Adding Villager trade for Profession: 'librarian' and Level: '3'
[18:25:31.308][INFO]: Adding Villager trade for Profession: 'librarian' and Level: '3'
[18:25:31.309][INFO]: Adding Villager trade for Profession: 'librarian' and Level: '3'
[18:25:31.309][INFO]: Adding Villager trade for Profession: 'librarian' and Level: '3'
[18:25:31.309][INFO]: Adding Villager trade for Profession: 'librarian' and Level: '3'
[18:25:31.309][INFO]: Removing Villager trade for Profession: 'librarian' and Level: '4'
[18:25:31.309][INFO]: Adding Villager trade for Profession: 'librarian' and Level: '4'
[18:25:31.309][INFO]: Adding Villager trade for Profession: 'librarian' and Level: '4'
[18:25:31.309][INFO]: Adding Villager trade for Profession: 'librarian' and Level: '4'
[18:25:31.309][INFO]: Adding Villager trade for Profession: 'librarian' and Level: '4'
[18:25:31.309][INFO]: Adding Villager trade for Profession: 'librarian' and Level: '4'
[18:25:31.309][INFO]: Adding Villager trade for Profession: 'librarian' and Level: '4'
[18:25:31.309][INFO]: Adding Villager trade for Profession: 'librarian' and Level: '4'
[18:25:31.309][INFO]: Adding Villager trade for Profession: 'librarian' and Level: '4'
[18:25:31.309][INFO]: Adding Villager trade for Profession: 'librarian' and Level: '4'
[18:25:31.309][INFO]: Adding Villager trade for Profession: 'librarian' and Level: '4'
[18:25:31.309][INFO]: Adding Villager trade for Profession: 'librarian' and Level: '4'
[18:25:31.310][INFO]: Adding Villager trade for Profession: 'librarian' and Level: '4'
[18:25:31.310][INFO]: Adding Villager trade for Profession: 'librarian' and Level: '4'
[18:25:31.310][INFO]: Removing Villager trade for Profession: 'librarian' and Level: '5'
[18:25:31.310][INFO]: Adding Villager trade for Profession: 'librarian' and Level: '5'
[18:25:31.310][INFO]: Adding Villager trade for Profession: 'librarian' and Level: '5'
[18:25:31.310][INFO]: Adding Villager trade for Profession: 'librarian' and Level: '5'
[18:25:31.310][INFO]: Adding Villager trade for Profession: 'librarian' and Level: '5'
[18:25:31.310][INFO]: Removing Villager trade for Profession: 'mason' and Level: '1'
[18:25:31.310][INFO]: Adding Villager trade for Profession: 'mason' and Level: '1'
[18:25:31.310][INFO]: Adding Villager trade for Profession: 'mason' and Level: '1'
[18:25:31.310][INFO]: Removing Villager trade for Profession: 'mason' and Level: '2'
[18:25:31.310][INFO]: Adding Villager trade for Profession: 'mason' and Level: '2'
[18:25:31.310][INFO]: Adding Villager trade for Profession: 'mason' and Level: '2'
[18:25:31.310][INFO]: Adding Villager trade for Profession: 'mason' and Level: '2'
[18:25:31.310][INFO]: Removing Villager trade for Profession: 'mason' and Level: '3'
[18:25:31.310][INFO]: Adding Villager trade for Profession: 'mason' and Level: '3'
[18:25:31.310][INFO]: Adding Villager trade for Profession: 'mason' and Level: '3'
[18:25:31.310][INFO]: Removing Villager trade for Profession: 'mason' and Level: '4'
[18:25:31.310][INFO]: Adding Villager trade for Profession: 'mason' and Level: '4'
[18:25:31.311][INFO]: Adding Villager trade for Profession: 'mason' and Level: '4'
[18:25:31.311][INFO]: Adding Villager trade for Profession: 'mason' and Level: '4'
[18:25:31.311][INFO]: Adding Villager trade for Profession: 'mason' and Level: '4'
[18:25:31.311][INFO]: Adding Villager trade for Profession: 'mason' and Level: '4'
[18:25:31.311][INFO]: Removing Villager trade for Profession: 'mason' and Level: '5'
[18:25:31.311][INFO]: Adding Villager trade for Profession: 'mason' and Level: '5'
[18:25:31.311][INFO]: Adding Villager trade for Profession: 'mason' and Level: '5'
[18:25:31.311][INFO]: Adding Villager trade for Profession: 'mason' and Level: '5'
[18:25:31.311][INFO]: Removing Villager trade for Profession: 'shepherd' and Level: '1'
[18:25:31.311][INFO]: Adding Villager trade for Profession: 'shepherd' and Level: '1'
[18:25:31.311][INFO]: Adding Villager trade for Profession: 'shepherd' and Level: '1'
[18:25:31.311][INFO]: Adding Villager trade for Profession: 'shepherd' and Level: '1'
[18:25:31.311][INFO]: Adding Villager trade for Profession: 'shepherd' and Level: '1'
[18:25:31.311][INFO]: Removing Villager trade for Profession: 'shepherd' and Level: '2'
[18:25:31.311][INFO]: Adding Villager trade for Profession: 'shepherd' and Level: '2'
[18:25:31.311][INFO]: Adding Villager trade for Profession: 'shepherd' and Level: '2'
[18:25:31.311][INFO]: Adding Villager trade for Profession: 'shepherd' and Level: '2'
[18:25:31.311][INFO]: Adding Villager trade for Profession: 'shepherd' and Level: '2'
[18:25:31.311][INFO]: Removing Villager trade for Profession: 'shepherd' and Level: '3'
[18:25:31.311][INFO]: Adding Villager trade for Profession: 'shepherd' and Level: '3'
[18:25:31.311][INFO]: Adding Villager trade for Profession: 'shepherd' and Level: '3'
[18:25:31.311][INFO]: Removing Villager trade for Profession: 'shepherd' and Level: '4'
[18:25:31.311][INFO]: Adding Villager trade for Profession: 'shepherd' and Level: '4'
[18:25:31.311][INFO]: Adding Villager trade for Profession: 'shepherd' and Level: '4'
[18:25:31.311][INFO]: Adding Villager trade for Profession: 'shepherd' and Level: '4'
[18:25:31.312][INFO]: Adding Villager trade for Profession: 'shepherd' and Level: '4'
[18:25:31.312][INFO]: Adding Villager trade for Profession: 'shepherd' and Level: '4'
[18:25:31.312][INFO]: Adding Villager trade for Profession: 'shepherd' and Level: '4'
[18:25:31.312][INFO]: Adding Villager trade for Profession: 'shepherd' and Level: '4'
[18:25:31.312][INFO]: Adding Villager trade for Profession: 'shepherd' and Level: '4'
[18:25:31.312][INFO]: Removing Villager trade for Profession: 'shepherd' and Level: '5'
[18:25:31.312][INFO]: Adding Villager trade for Profession: 'shepherd' and Level: '5'
[18:25:31.312][INFO]: Adding Villager trade for Profession: 'shepherd' and Level: '5'
[18:25:31.312][INFO]: Adding Villager trade for Profession: 'shepherd' and Level: '5'
[18:25:31.312][INFO]: Adding Villager trade for Profession: 'shepherd' and Level: '5'
[18:25:31.312][INFO]: Adding Villager trade for Profession: 'shepherd' and Level: '5'
[18:25:31.312][INFO]: Adding Villager trade for Profession: 'shepherd' and Level: '5'
[18:25:31.312][INFO]: Adding Villager trade for Profession: 'shepherd' and Level: '5'
[18:25:31.312][INFO]: Adding Villager trade for Profession: 'shepherd' and Level: '5'
[18:25:31.312][INFO]: Adding Villager trade for Profession: 'shepherd' and Level: '5'
[18:25:31.312][INFO]: Adding Villager trade for Profession: 'shepherd' and Level: '5'
[18:25:31.312][INFO]: Removing Villager trade for Profession: 'toolsmith' and Level: '1'
[18:25:31.312][INFO]: Adding Villager trade for Profession: 'toolsmith' and Level: '1'
[18:25:31.313][INFO]: Adding Villager trade for Profession: 'toolsmith' and Level: '1'
[18:25:31.313][INFO]: Removing Villager trade for Profession: 'toolsmith' and Level: '2'
[18:25:31.313][INFO]: Adding Villager trade for Profession: 'toolsmith' and Level: '2'
[18:25:31.313][INFO]: Adding Villager trade for Profession: 'toolsmith' and Level: '2'
[18:25:31.313][INFO]: Removing Villager trade for Profession: 'toolsmith' and Level: '3'
[18:25:31.313][INFO]: Adding Villager trade for Profession: 'toolsmith' and Level: '3'
[18:25:31.313][INFO]: Adding Villager trade for Profession: 'toolsmith' and Level: '3'
[18:25:31.313][INFO]: Removing Villager trade for Profession: 'toolsmith' and Level: '4'
[18:25:31.313][INFO]: Adding Villager trade for Profession: 'toolsmith' and Level: '4'
[18:25:31.313][INFO]: Adding Villager trade for Profession: 'toolsmith' and Level: '4'
[18:25:31.313][INFO]: Removing Villager trade for Profession: 'toolsmith' and Level: '5'
[18:25:31.313][INFO]: Adding Villager trade for Profession: 'toolsmith' and Level: '5'
[18:25:31.313][INFO]: Removing Villager trade for Profession: 'weaponsmith' and Level: '1'
[18:25:31.313][INFO]: Adding Villager trade for Profession: 'weaponsmith' and Level: '1'
[18:25:31.313][INFO]: Adding Villager trade for Profession: 'weaponsmith' and Level: '1'
[18:25:31.313][INFO]: Adding Villager trade for Profession: 'weaponsmith' and Level: '1'
[18:25:31.313][INFO]: Removing Villager trade for Profession: 'weaponsmith' and Level: '2'
[18:25:31.313][INFO]: Adding Villager trade for Profession: 'weaponsmith' and Level: '2'
[18:25:31.313][INFO]: Adding Villager trade for Profession: 'weaponsmith' and Level: '1'
[18:25:31.313][INFO]: Adding Villager trade for Profession: 'weaponsmith' and Level: '1'
[18:25:31.313][INFO]: Removing Villager trade for Profession: 'weaponsmith' and Level: '3'
[18:25:31.314][INFO]: Adding Villager trade for Profession: 'weaponsmith' and Level: '3'
[18:25:31.314][INFO]: Adding Villager trade for Profession: 'weaponsmith' and Level: '3'
[18:25:31.314][INFO]: Adding Villager trade for Profession: 'weaponsmith' and Level: '3'
[18:25:31.314][INFO]: Removing Villager trade for Profession: 'weaponsmith' and Level: '4'
[18:25:31.314][INFO]: Adding Villager trade for Profession: 'weaponsmith' and Level: '4'
[18:25:31.314][INFO]: Adding Villager trade for Profession: 'weaponsmith' and Level: '4'
[18:25:31.314][INFO]: Adding Villager trade for Profession: 'weaponsmith' and Level: '4'
[18:25:31.314][INFO]: Removing Villager trade for Profession: 'weaponsmith' and Level: '5'
[18:25:31.314][INFO]: Adding Villager trade for Profession: 'weaponsmith' and Level: '5'
[18:25:31.314][INFO]: Adding Villager trade for Profession: 'weaponsmith' and Level: '5'
[18:25:31.314][INFO]: Adding Villager trade for Profession: 'weaponsmith' and Level: '5'
[18:25:31.314][INFO]: Adding Villager trade for Profession: 'weaponsmith' and Level: '5'
[18:25:31.314][INFO]: Adding Villager trade for Profession: 'weaponsmith' and Level: '5'
[18:25:31.319][INFO]: Registering event listener for AnvilUpdateEvent.
[18:25:31.319][INFO]: Registering event listener for AnvilUpdateEvent.
[18:25:31.319][INFO]: Registering event listener for AnvilUpdateEvent.
[18:25:31.319][INFO]: Registering event listener for AnvilUpdateEvent.
[18:25:31.319][INFO]: Registering event listener for AnvilUpdateEvent.
[18:25:31.319][INFO]: Registering event listener for AnvilUpdateEvent.
[18:25:31.319][INFO]: Registering event listener for AnvilUpdateEvent.
[18:25:31.319][INFO]: Registering event listener for AnvilUpdateEvent.
[18:25:31.319][INFO]: Registering event listener for AnvilUpdateEvent.
[18:25:31.319][INFO]: Registering event listener for AnvilUpdateEvent.
[18:25:31.319][INFO]: Registering event listener for AnvilUpdateEvent.
[18:25:31.319][INFO]: Registering event listener for AnvilUpdateEvent.
[18:25:31.319][INFO]: Registering event listener for AnvilUpdateEvent.
[18:25:31.319][INFO]: Registering event listener for AnvilUpdateEvent.
[18:25:31.319][INFO]: Registering event listener for AnvilUpdateEvent.
[18:25:31.319][INFO]: Registering event listener for AnvilUpdateEvent.
[18:25:31.319][INFO]: Registering event listener for AnvilUpdateEvent.
[18:25:31.319][INFO]: Registering event listener for AnvilUpdateEvent.
[18:25:31.319][INFO]: Registering event listener for AnvilUpdateEvent.
[18:25:31.319][INFO]: Registering event listener for AnvilUpdateEvent.
[18:25:31.319][INFO]: Registering event listener for AnvilUpdateEvent.
[18:25:31.319][INFO]: Registering event listener for AnvilUpdateEvent.
[18:25:31.319][INFO]: Registering event listener for AnvilUpdateEvent.
[18:25:31.319][INFO]: Registering event listener for AnvilUpdateEvent.
[18:25:31.319][INFO]: Registering event listener for AnvilUpdateEvent.
[18:25:31.319][INFO]: Registering event listener for AnvilUpdateEvent.
[18:25:31.319][INFO]: Registering event listener for AnvilUpdateEvent.
[18:25:31.319][INFO]: Registering event listener for AnvilUpdateEvent.
[18:25:31.319][INFO]: Registering event listener for AnvilUpdateEvent.
[18:25:31.319][INFO]: Registering event listener for AnvilUpdateEvent.
[18:25:31.320][INFO]: Registering event listener for AnvilUpdateEvent.
[18:25:31.320][INFO]: Registering event listener for AnvilUpdateEvent.
[18:25:31.320][INFO]: Registering event listener for AnvilUpdateEvent.
[18:25:31.320][INFO]: Registering event listener for AnvilUpdateEvent.
[18:25:31.320][INFO]: Registering event listener for AnvilUpdateEvent.
[18:25:31.320][INFO]: Registering event listener for AnvilUpdateEvent.
[18:25:31.320][INFO]: Registering event listener for AnvilUpdateEvent.
[18:25:31.320][INFO]: Registering event listener for AnvilUpdateEvent.
[18:25:31.320][INFO]: Registering event listener for AnvilUpdateEvent.
[18:25:31.320][INFO]: Registering event listener for AnvilUpdateEvent.
[18:25:31.320][INFO]: Registering event listener for AnvilUpdateEvent.
[18:25:31.320][INFO]: Registering event listener for AnvilUpdateEvent.
[18:25:31.320][INFO]: Registering event listener for AnvilUpdateEvent.
[18:25:31.320][INFO]: Registering event listener for AnvilUpdateEvent.
[18:25:31.320][INFO]: Registering event listener for AnvilUpdateEvent.
[18:25:31.320][INFO]: Registering event listener for AnvilUpdateEvent.
[18:25:31.320][INFO]: Registering event listener for AnvilUpdateEvent.
[18:25:31.320][INFO]: Registering event listener for AnvilUpdateEvent.
[18:25:31.320][INFO]: Registering event listener for AnvilUpdateEvent.
[18:25:31.320][INFO]: Registering event listener for AnvilUpdateEvent.
[18:25:31.320][INFO]: Registering event listener for AnvilUpdateEvent.
[18:25:31.320][INFO]: Registering event listener for AnvilUpdateEvent.
[18:25:31.320][INFO]: Registering event listener for AnvilUpdateEvent.
[18:25:31.320][INFO]: Registering event listener for AnvilUpdateEvent.
[18:25:31.320][INFO]: Registering event listener for AnvilUpdateEvent.
[18:25:31.321][INFO]: Registering event listener for AnvilUpdateEvent.
[18:25:31.321][INFO]: Registering event listener for AnvilUpdateEvent.
[18:25:31.321][INFO]: Registering event listener for AnvilUpdateEvent.
[18:25:31.321][INFO]: Registering event listener for AnvilUpdateEvent.
[18:25:31.321][INFO]: Registering event listener for AnvilUpdateEvent.
[18:25:31.321][INFO]: Registering event listener for AnvilUpdateEvent.
[18:25:31.321][INFO]: Registering event listener for AnvilUpdateEvent.
[18:25:31.321][INFO]: Registering event listener for AnvilUpdateEvent.
[18:25:31.321][INFO]: Registering event listener for AnvilUpdateEvent.
[18:25:31.321][INFO]: Registering event listener for AnvilUpdateEvent.
[18:25:31.321][INFO]: Registering event listener for AnvilUpdateEvent.
[18:25:31.321][INFO]: Registering event listener for AnvilUpdateEvent.
[18:25:31.321][INFO]: Registering event listener for AnvilUpdateEvent.
[18:25:31.321][INFO]: Registering event listener for AnvilUpdateEvent.
[18:25:31.321][INFO]: Registering event listener for AnvilUpdateEvent.
[18:25:31.321][INFO]: Registering event listener for AnvilUpdateEvent.
[18:25:31.321][INFO]: Registering event listener for AnvilUpdateEvent.
[18:25:31.321][INFO]: Registering event listener for AnvilUpdateEvent.
[18:25:31.321][INFO]: Registering event listener for AnvilUpdateEvent.
[18:25:31.321][INFO]: Registering event listener for AnvilUpdateEvent.
[18:25:31.321][INFO]: Registering event listener for AnvilUpdateEvent.
[18:25:31.321][INFO]: Registering event listener for AnvilUpdateEvent.
[18:25:31.321][INFO]: Registering event listener for AnvilUpdateEvent.
[18:25:31.321][INFO]: Registering event listener for AnvilUpdateEvent.
[18:25:31.321][INFO]: Registering event listener for AnvilUpdateEvent.
[18:25:31.321][INFO]: Registering event listener for AnvilUpdateEvent.
[18:25:31.321][INFO]: Registering event listener for AnvilUpdateEvent.
[18:25:31.321][INFO]: Registering event listener for AnvilUpdateEvent.
[18:25:31.321][INFO]: Registering event listener for AnvilUpdateEvent.
[18:25:31.322][INFO]: Registering event listener for AnvilUpdateEvent.
[18:25:31.322][INFO]: Registering event listener for AnvilUpdateEvent.
[18:25:31.322][INFO]: Registering event listener for AnvilUpdateEvent.
[18:25:31.322][INFO]: Registering event listener for AnvilUpdateEvent.
[18:25:31.322][INFO]: Registering event listener for AnvilUpdateEvent.
[18:25:31.322][INFO]: Registering event listener for AnvilUpdateEvent.
[18:25:31.322][INFO]: Registering event listener for AnvilUpdateEvent.
[18:25:31.322][INFO]: Registering event listener for AnvilUpdateEvent.
[18:25:31.322][INFO]: Registering event listener for AnvilUpdateEvent.
[18:25:31.322][INFO]: Registering event listener for AnvilUpdateEvent.
[18:25:31.322][INFO]: Registering event listener for AnvilUpdateEvent.
[18:25:31.322][INFO]: Registering event listener for AnvilUpdateEvent.
[18:25:31.322][INFO]: Registering event listener for AnvilUpdateEvent.
[18:25:31.322][INFO]: Registering event listener for AnvilUpdateEvent.
[18:25:31.322][INFO]: Registering event listener for AnvilUpdateEvent.
[18:25:31.322][INFO]: Registering event listener for AnvilUpdateEvent.
[18:25:31.322][INFO]: Registering event listener for AnvilUpdateEvent.
[18:25:31.322][INFO]: Registering event listener for AnvilUpdateEvent.
[18:25:31.322][INFO]: Registering event listener for AnvilUpdateEvent.
[18:25:31.322][INFO]: Registering event listener for AnvilUpdateEvent.
[18:25:31.322][INFO]: Registering event listener for AnvilUpdateEvent.
[18:25:31.322][INFO]: Registering event listener for AnvilUpdateEvent.
[18:25:31.322][INFO]: Registering event listener for AnvilUpdateEvent.
[18:25:31.322][INFO]: Registering event listener for AnvilUpdateEvent.
[18:25:31.322][INFO]: Registering event listener for AnvilUpdateEvent.
[18:25:31.322][INFO]: Registering event listener for AnvilUpdateEvent.
[18:25:31.322][INFO]: Registering event listener for AnvilUpdateEvent.
[18:25:31.322][INFO]: Registering event listener for AnvilUpdateEvent.
[18:25:31.322][INFO]: Registering event listener for AnvilUpdateEvent.
[18:25:31.322][INFO]: Registering event listener for AnvilUpdateEvent.
[18:25:31.323][INFO]: Registering event listener for AnvilUpdateEvent.
[18:25:31.323][INFO]: Registering event listener for AnvilUpdateEvent.
[18:25:31.323][INFO]: Registering event listener for AnvilUpdateEvent.
[18:25:31.323][INFO]: Registering event listener for AnvilUpdateEvent.
[18:25:31.323][INFO]: Registering event listener for AnvilUpdateEvent.
[18:25:31.323][INFO]: Registering event listener for AnvilUpdateEvent.
[18:25:31.323][INFO]: Registering event listener for AnvilUpdateEvent.
[18:25:31.323][INFO]: Registering event listener for AnvilUpdateEvent.
[18:25:31.323][INFO]: Registering event listener for AnvilUpdateEvent.
[18:25:31.323][INFO]: Registering event listener for AnvilUpdateEvent.
[18:25:31.323][INFO]: Registering event listener for AnvilUpdateEvent.
[18:25:31.323][INFO]: Registering event listener for AnvilUpdateEvent.
[18:25:31.323][INFO]: Registering event listener for AnvilUpdateEvent.
[18:25:31.323][INFO]: Registering event listener for AnvilUpdateEvent.
[18:25:31.323][INFO]: Registering event listener for AnvilUpdateEvent.
[18:25:31.323][INFO]: Registering event listener for AnvilUpdateEvent.
[18:25:31.323][INFO]: Registering event listener for AnvilUpdateEvent.
[18:25:31.323][INFO]: Registering event listener for AnvilUpdateEvent.
[18:25:31.323][INFO]: Registering event listener for AnvilUpdateEvent.
[18:25:31.323][INFO]: Registering event listener for AnvilUpdateEvent.
[18:25:31.323][INFO]: Registering event listener for AnvilUpdateEvent.
[18:25:31.323][INFO]: Registering event listener for AnvilUpdateEvent.
[18:25:31.323][INFO]: Registering event listener for AnvilUpdateEvent.
[18:25:31.323][INFO]: Registering event listener for AnvilUpdateEvent.
[18:25:31.323][INFO]: Registering event listener for AnvilUpdateEvent.
[18:25:31.323][INFO]: Registering event listener for AnvilUpdateEvent.
[18:25:31.323][INFO]: Registering event listener for AnvilUpdateEvent.
[18:25:31.323][INFO]: Registering event listener for AnvilUpdateEvent.
[18:25:31.323][INFO]: Registering event listener for AnvilUpdateEvent.
[18:25:31.323][INFO]: Registering event listener for AnvilUpdateEvent.
[18:25:31.324][INFO]: Registering event listener for AnvilUpdateEvent.
[18:25:31.324][INFO]: Registering event listener for AnvilUpdateEvent.
[18:25:31.324][INFO]: Registering event listener for AnvilUpdateEvent.
[18:25:31.324][INFO]: Registering event listener for AnvilUpdateEvent.
[18:25:31.324][INFO]: Registering event listener for AnvilUpdateEvent.
[18:25:31.324][INFO]: Registering event listener for AnvilUpdateEvent.
[18:25:31.324][INFO]: Registering event listener for AnvilUpdateEvent.
[18:25:31.324][INFO]: Registering event listener for AnvilUpdateEvent.
[18:25:31.324][INFO]: Registering event listener for AnvilUpdateEvent.
[18:25:31.324][INFO]: Registering event listener for AnvilUpdateEvent.
[18:25:31.324][INFO]: Registering event listener for AnvilUpdateEvent.
[18:25:31.324][INFO]: Registering event listener for AnvilUpdateEvent.
[18:25:31.324][INFO]: Registering event listener for AnvilUpdateEvent.
[18:25:31.324][INFO]: Registering event listener for AnvilUpdateEvent.
[18:25:31.324][INFO]: Registering event listener for AnvilUpdateEvent.
[18:25:31.324][INFO]: Registering event listener for AnvilUpdateEvent.
[18:25:31.324][INFO]: Registering event listener for AnvilUpdateEvent.
[18:25:31.324][INFO]: Registering event listener for AnvilUpdateEvent.
[18:25:31.324][INFO]: Registering event listener for AnvilUpdateEvent.
[18:25:31.324][INFO]: Registering event listener for AnvilUpdateEvent.
[18:25:31.324][INFO]: Registering event listener for AnvilUpdateEvent.
[18:25:31.324][INFO]: Registering event listener for AnvilUpdateEvent.
[18:25:31.324][INFO]: Registering event listener for AnvilUpdateEvent.
[18:25:31.324][INFO]: Registering event listener for AnvilUpdateEvent.
[18:25:31.324][INFO]: Registering event listener for AnvilUpdateEvent.
[18:25:31.324][INFO]: Registering event listener for AnvilUpdateEvent.
[18:25:31.324][INFO]: Registering event listener for AnvilUpdateEvent.
[18:25:31.324][INFO]: Registering event listener for AnvilUpdateEvent.
[18:25:31.325][INFO]: Registering event listener for AnvilUpdateEvent.
[18:25:31.325][INFO]: Registering event listener for AnvilUpdateEvent.
[18:25:31.325][INFO]: Registering event listener for AnvilUpdateEvent.
[18:25:31.325][INFO]: Registering event listener for AnvilUpdateEvent.
[18:25:31.325][INFO]: Registering event listener for AnvilUpdateEvent.
[18:25:31.325][INFO]: Registering event listener for AnvilUpdateEvent.
[18:25:31.325][INFO]: Registering event listener for AnvilUpdateEvent.
[18:25:31.325][INFO]: Registering event listener for AnvilUpdateEvent.
[18:25:31.325][INFO]: Registering event listener for AnvilUpdateEvent.
[18:25:31.325][INFO]: Registering event listener for AnvilUpdateEvent.
[18:25:31.325][INFO]: Registering event listener for AnvilUpdateEvent.
[18:25:31.325][INFO]: Registering event listener for AnvilUpdateEvent.
[18:25:31.325][INFO]: Registering event listener for AnvilUpdateEvent.
[18:25:31.325][INFO]: Registering event listener for AnvilUpdateEvent.
[18:25:31.325][INFO]: Registering event listener for AnvilUpdateEvent.
[18:25:31.325][INFO]: Registering event listener for AnvilUpdateEvent.
[18:25:31.325][INFO]: Registering event listener for AnvilUpdateEvent.
[18:25:31.325][INFO]: Registering event listener for AnvilUpdateEvent.
[18:25:31.325][INFO]: Registering event listener for AnvilUpdateEvent.
[18:25:31.325][INFO]: Registering event listener for AnvilUpdateEvent.
[18:25:31.325][INFO]: Registering event listener for AnvilUpdateEvent.
[18:25:31.325][INFO]: Registering event listener for AnvilUpdateEvent.
[18:25:31.325][INFO]: Registering event listener for AnvilUpdateEvent.
[18:25:31.325][INFO]: Registering event listener for AnvilUpdateEvent.
[18:25:31.325][INFO]: Registering event listener for AnvilUpdateEvent.
[18:25:31.325][INFO]: Registering event listener for AnvilUpdateEvent.
[18:25:31.325][INFO]: Registering event listener for AnvilUpdateEvent.
[18:25:31.325][INFO]: Registering event listener for AnvilUpdateEvent.
[18:25:31.325][INFO]: Registering event listener for AnvilUpdateEvent.
[18:25:31.325][INFO]: Registering event listener for AnvilUpdateEvent.
[18:25:31.326][INFO]: Registering event listener for AnvilUpdateEvent.
[18:25:31.326][INFO]: Registering event listener for AnvilUpdateEvent.
[18:25:31.326][INFO]: Registering event listener for AnvilUpdateEvent.
[18:25:31.326][INFO]: Registering event listener for AnvilUpdateEvent.
[18:25:31.326][INFO]: Registering event listener for AnvilUpdateEvent.
[18:25:31.326][INFO]: Registering event listener for AnvilUpdateEvent.
[18:25:31.326][INFO]: Registering event listener for AnvilUpdateEvent.
[18:25:31.326][INFO]: Registering event listener for AnvilUpdateEvent.
[18:25:31.326][INFO]: Registering event listener for AnvilUpdateEvent.
[18:25:31.326][INFO]: Registering event listener for AnvilUpdateEvent.
[18:25:31.326][INFO]: Registering event listener for AnvilUpdateEvent.
[18:25:31.326][INFO]: Registering event listener for AnvilUpdateEvent.
[18:25:31.326][INFO]: Registering event listener for AnvilUpdateEvent.
[18:25:31.326][INFO]: Registering event listener for AnvilUpdateEvent.
[18:25:31.326][INFO]: Registering event listener for AnvilUpdateEvent.
[18:25:31.326][INFO]: Registering event listener for AnvilUpdateEvent.
[18:25:31.326][INFO]: Registering event listener for AnvilUpdateEvent.
[18:25:31.326][INFO]: Registering event listener for AnvilUpdateEvent.
[18:25:31.326][INFO]: Registering event listener for AnvilUpdateEvent.
[18:25:31.326][INFO]: Registering event listener for AnvilUpdateEvent.
[18:25:31.326][INFO]: Registering event listener for AnvilUpdateEvent.
[18:25:31.326][INFO]: Registering event listener for AnvilUpdateEvent.
[18:25:31.326][INFO]: Registering event listener for AnvilUpdateEvent.
[18:25:31.326][INFO]: Registering event listener for AnvilUpdateEvent.
[18:25:31.326][INFO]: Registering event listener for AnvilUpdateEvent.
[18:25:31.326][INFO]: Registering event listener for AnvilUpdateEvent.
[18:25:31.326][INFO]: Registering event listener for AnvilUpdateEvent.
[18:25:31.326][INFO]: Registering event listener for AnvilUpdateEvent.
[18:25:31.326][INFO]: Registering event listener for AnvilUpdateEvent.
[18:25:31.326][INFO]: Registering event listener for AnvilUpdateEvent.
[18:25:31.326][INFO]: Registering event listener for AnvilUpdateEvent.
[18:25:31.326][INFO]: Registering event listener for AnvilUpdateEvent.
[18:25:31.327][INFO]: Registering event listener for AnvilUpdateEvent.
[18:25:31.327][INFO]: Registering event listener for AnvilUpdateEvent.
[18:25:31.327][INFO]: Registering event listener for AnvilUpdateEvent.
[18:25:31.327][INFO]: Registering event listener for AnvilUpdateEvent.
[18:25:31.327][INFO]: Registering event listener for AnvilUpdateEvent.
[18:25:31.327][INFO]: Registering event listener for AnvilUpdateEvent.
[18:25:31.327][INFO]: Registering event listener for AnvilUpdateEvent.
[18:25:31.327][INFO]: Registering event listener for AnvilUpdateEvent.
[18:25:31.327][INFO]: Registering event listener for AnvilUpdateEvent.
[18:25:31.327][INFO]: Registering event listener for AnvilUpdateEvent.
[18:25:31.327][INFO]: Registering event listener for AnvilUpdateEvent.
[18:25:31.327][INFO]: Registering event listener for AnvilUpdateEvent.
[18:25:31.327][INFO]: Registering event listener for AnvilUpdateEvent.
[18:25:31.327][INFO]: Registering event listener for AnvilUpdateEvent.
[18:25:31.327][INFO]: Registering event listener for AnvilUpdateEvent.
[18:25:31.327][INFO]: Registering event listener for AnvilUpdateEvent.
[18:25:31.327][INFO]: Registering event listener for AnvilUpdateEvent.
[18:25:31.327][INFO]: Registering event listener for AnvilUpdateEvent.
[18:25:31.327][INFO]: Registering event listener for AnvilUpdateEvent.
[18:25:31.327][INFO]: Registering event listener for AnvilUpdateEvent.
[18:25:31.327][INFO]: Registering event listener for AnvilUpdateEvent.
[18:25:31.327][INFO]: Registering event listener for AnvilUpdateEvent.
[18:25:31.327][INFO]: Registering event listener for AnvilUpdateEvent.
[18:25:31.327][INFO]: Registering event listener for AnvilUpdateEvent.
[18:25:31.328][INFO]: Registering event listener for AnvilUpdateEvent.
[18:25:31.328][INFO]: Registering event listener for AnvilUpdateEvent.
[18:25:31.328][INFO]: Registering event listener for AnvilUpdateEvent.
[18:25:31.328][INFO]: Registering event listener for AnvilUpdateEvent.
[18:25:31.328][INFO]: Registering event listener for AnvilUpdateEvent.
[18:25:31.328][INFO]: Registering event listener for AnvilUpdateEvent.
[18:25:31.328][INFO]: Registering event listener for AnvilUpdateEvent.
[18:25:31.328][INFO]: Registering event listener for RightClickItem.
[18:25:31.330][INFO]: Registering new fluids tag with name <tag:fluids:forge:seedoil>
[18:25:31.330][INFO]: Adding: [createaddition:seed_oil] to tag: <tag:fluids:forge:seedoil>
[18:25:31.330][INFO]: Registering new items tag with name <tag:items:forge:bullet_molds>
[18:25:31.330][INFO]: Adding: [contenttweaker:mold_bullet_casing_9mm_round] to tag: <tag:items:forge:bullet_molds>
[18:25:31.330][INFO]: Adding: [contenttweaker:mold_bullet_casing_10_gauge_round] to tag: <tag:items:forge:bullet_molds>
[18:25:31.331][INFO]: Adding: [contenttweaker:mold_bullet_casing_46x30] to tag: <tag:items:forge:bullet_molds>
[18:25:31.331][INFO]: Adding: [contenttweaker:mold_bullet_casing_50bmg] to tag: <tag:items:forge:bullet_molds>
[18:25:31.331][INFO]: Adding: [contenttweaker:mold_bullet_casing_57x28] to tag: <tag:items:forge:bullet_molds>
[18:25:31.331][INFO]: Adding: [contenttweaker:mold_bullet_casing_58x42] to tag: <tag:items:forge:bullet_molds>
[18:25:31.331][INFO]: Adding: [contenttweaker:mold_bullet_casing_762x25] to tag: <tag:items:forge:bullet_molds>
[18:25:31.332][INFO]: Adding: [contenttweaker:mold_bullet_casing_762x39] to tag: <tag:items:forge:bullet_molds>
[18:25:31.332][INFO]: Adding: [contenttweaker:mold_bullet_casing_762x54] to tag: <tag:items:forge:bullet_molds>
[18:25:31.332][INFO]: Adding: [contenttweaker:mold_bullet_casing_ae50] to tag: <tag:items:forge:bullet_molds>
[18:25:31.332][INFO]: Adding: [contenttweaker:mold_bullet_casing_bmagnum] to tag: <tag:items:forge:bullet_molds>
[18:25:31.332][INFO]: Adding: [contenttweaker:mold_bullet_casing_bullet68] to tag: <tag:items:forge:bullet_molds>
[18:25:31.333][INFO]: Adding: [contenttweaker:mold_bullet_casing_bullet308] to tag: <tag:items:forge:bullet_molds>
[18:25:31.333][INFO]: Adding: [contenttweaker:mold_bullet_casing_lapua338] to tag: <tag:items:forge:bullet_molds>
[18:25:31.333][INFO]: Adding: [contenttweaker:mold_bullet_casing_nato556] to tag: <tag:items:forge:bullet_molds>
[18:25:31.333][INFO]: Adding: [contenttweaker:mold_bullet_casing_round45] to tag: <tag:items:forge:bullet_molds>
[18:25:31.334][INFO]: Adding: [contenttweaker:mold_bullet_casing_win3030] to tag: <tag:items:forge:bullet_molds>
[18:25:31.334][INFO]: Registering new items tag with name <tag:items:forge:bullets>
[18:25:31.334][INFO]: Adding: [tac:9mm_round] to tag: <tag:items:forge:bullets>
[18:25:31.334][INFO]: Adding: [tac:10_gauge_round] to tag: <tag:items:forge:bullets>
[18:25:31.334][INFO]: Adding: [tac:46x30] to tag: <tag:items:forge:bullets>
[18:25:31.335][INFO]: Adding: [tac:50bmg] to tag: <tag:items:forge:bullets>
[18:25:31.335][INFO]: Adding: [tac:57x28] to tag: <tag:items:forge:bullets>
[18:25:31.335][INFO]: Adding: [tac:58x42] to tag: <tag:items:forge:bullets>
[18:25:31.335][INFO]: Adding: [tac:762x25] to tag: <tag:items:forge:bullets>
[18:25:31.336][INFO]: Adding: [tac:762x39] to tag: <tag:items:forge:bullets>
[18:25:31.336][INFO]: Adding: [tac:762x54] to tag: <tag:items:forge:bullets>
[18:25:31.336][INFO]: Adding: [tac:ae50] to tag: <tag:items:forge:bullets>
[18:25:31.336][INFO]: Adding: [tac:b_magnum] to tag: <tag:items:forge:bullets>
[18:25:31.337][INFO]: Adding: [tac:bullet68] to tag: <tag:items:forge:bullets>
[18:25:31.337][INFO]: Adding: [tac:bullet_308] to tag: <tag:items:forge:bullets>
[18:25:31.337][INFO]: Adding: [tac:lapua338] to tag: <tag:items:forge:bullets>
[18:25:31.337][INFO]: Adding: [tac:nato_556_bullet] to tag: <tag:items:forge:bullets>
[18:25:31.337][INFO]: Adding: [tac:round45] to tag: <tag:items:forge:bullets>
[18:25:31.338][INFO]: Adding: [tac:win_30-30] to tag: <tag:items:forge:bullets>
[18:25:31.338][INFO]: Registering new items tag with name <tag:items:forge:bullet_casing>
[18:25:31.338][INFO]: Adding: [contenttweaker:bullet_casing_9mm_round] to tag: <tag:items:forge:bullet_casing>
[18:25:31.338][INFO]: Adding: [contenttweaker:bullet_casing_10_gauge_round] to tag: <tag:items:forge:bullet_casing>
[18:25:31.339][INFO]: Adding: [contenttweaker:bullet_casing_46x30] to tag: <tag:items:forge:bullet_casing>
[18:25:31.339][INFO]: Adding: [contenttweaker:bullet_casing_50bmg] to tag: <tag:items:forge:bullet_casing>
[18:25:31.339][INFO]: Adding: [contenttweaker:bullet_casing_57x28] to tag: <tag:items:forge:bullet_casing>
[18:25:31.339][INFO]: Adding: [contenttweaker:bullet_casing_58x42] to tag: <tag:items:forge:bullet_casing>
[18:25:31.339][INFO]: Adding: [contenttweaker:bullet_casing_762x25] to tag: <tag:items:forge:bullet_casing>
[18:25:31.340][INFO]: Adding: [contenttweaker:bullet_casing_762x39] to tag: <tag:items:forge:bullet_casing>
[18:25:31.340][INFO]: Adding: [contenttweaker:bullet_casing_762x54] to tag: <tag:items:forge:bullet_casing>
[18:25:31.340][INFO]: Adding: [contenttweaker:bullet_casing_ae50] to tag: <tag:items:forge:bullet_casing>
[18:25:31.340][INFO]: Adding: [contenttweaker:bullet_casing_bmagnum] to tag: <tag:items:forge:bullet_casing>
[18:25:31.340][INFO]: Adding: [contenttweaker:bullet_casing_bullet68] to tag: <tag:items:forge:bullet_casing>
[18:25:31.341][INFO]: Adding: [contenttweaker:bullet_casing_bullet308] to tag: <tag:items:forge:bullet_casing>
[18:25:31.341][INFO]: Adding: [contenttweaker:bullet_casing_lapua338] to tag: <tag:items:forge:bullet_casing>
[18:25:31.341][INFO]: Adding: [contenttweaker:bullet_casing_nato556] to tag: <tag:items:forge:bullet_casing>
[18:25:31.341][INFO]: Adding: [contenttweaker:bullet_casing_round45] to tag: <tag:items:forge:bullet_casing>
[18:25:31.342][INFO]: Adding: [contenttweaker:bullet_casing_win3030] to tag: <tag:items:forge:bullet_casing>
[18:25:31.342][INFO]: Registering new items tag with name <tag:items:forge:turret_cartridge>
[18:25:31.343][INFO]: Registering new items tag with name <tag:items:forge:rubber_cables>
[18:25:31.343][INFO]: Adding: [pipez:energy_pipe] to tag: <tag:items:forge:rubber_cables>
[18:25:31.343][INFO]: Adding: [pipez:item_pipe] to tag: <tag:items:forge:rubber_cables>
[18:25:31.343][INFO]: Adding: [pipez:fluid_pipe] to tag: <tag:items:forge:rubber_cables>
[18:25:31.344][INFO]: Adding: [thirst:sand_filter] to tag: <tag:blocks:minecraft:mineable/pickaxe>
[18:25:31.344][INFO]: Adding: [thirst:sand_filter] to tag: <tag:blocks:artifacts:mineable/digging_claws>
[18:25:31.344][INFO]: Adding: [minecraft:lantern] to tag: <tag:blocks:lostcities:lights>
[18:25:31.344][INFO]: Adding: [minecraft:soul_lantern] to tag: <tag:blocks:lostcities:lights>
[18:25:31.345][INFO]: Adding: [minecraft:torch] to tag: <tag:blocks:lostcities:lights>
[18:25:31.345][INFO]: Adding: [minecraft:soul_torch] to tag: <tag:blocks:lostcities:lights>
[18:25:31.345][INFO]: Adding: [minecraft:redstone_torch] to tag: <tag:blocks:lostcities:lights>
[18:25:31.345][INFO]: Adding: [minecraft:sea_lantern] to tag: <tag:blocks:lostcities:lights>
[18:25:31.345][INFO]: Adding: [minecraft:glowstone] to tag: <tag:blocks:lostcities:lights>
[18:25:31.345][INFO]: Adding: [minecraft:campfire] to tag: <tag:blocks:lostcities:lights>
[18:25:31.346][INFO]: Adding: [simplylight:rodlamp] to tag: <tag:blocks:lostcities:lights>
[18:25:31.346][INFO]: Adding: [simplylight:wall_lamp] to tag: <tag:blocks:lostcities:lights>
[18:25:31.346][INFO]: Adding: [simplylight:lightbulb] to tag: <tag:blocks:lostcities:lights>
[18:25:31.346][INFO]: Adding: [simplylight:illuminant_block_on] to tag: <tag:blocks:lostcities:lights>
[18:25:31.346][INFO]: Adding: [simplylight:illuminant_yellow_block_on] to tag: <tag:blocks:lostcities:lights>
[18:25:31.346][INFO]: Adding: [simplylight:illuminant_panel] to tag: <tag:blocks:lostcities:lights>
[18:25:31.347][INFO]: Adding: [simplylight:edge_light_top] to tag: <tag:blocks:lostcities:lights>
[18:25:31.347][INFO]: Adding: [simplylight:edge_light] to tag: <tag:blocks:lostcities:lights>
[18:25:31.347][INFO]: Adding: [simplylight:illuminant_light_gray_block_on] to tag: <tag:blocks:lostcities:lights>
[18:25:31.347][INFO]: Adding: [simplylight:lamp_post] to tag: <tag:blocks:lostcities:lights>
[18:25:31.348][INFO]: Adding: [buildersdelight:lantern_4] to tag: <tag:blocks:lostcities:lights>
[18:25:31.348][INFO]: Adding: [another_furniture:white_lamp, another_furniture:orange_lamp, another_furniture:magenta_lamp, another_furniture:light_blue_lamp, another_furniture:yellow_lamp, another_furniture:lime_lamp, another_furniture:pink_lamp, another_furniture:gray_lamp, another_furniture:light_gray_lamp, another_furniture:cyan_lamp, another_furniture:purple_lamp, another_furniture:blue_lamp, another_furniture:brown_lamp, another_furniture:green_lamp, another_furniture:red_lamp, another_furniture:black_lamp] to tag: <tag:blocks:lostcities:lights>
[18:25:31.348][INFO]: Adding: [immersivepetroleum:asphalt] to tag: <tag:blocks:car:drivable_blocks>
[18:25:31.349][INFO]: Adding: [immersivepetroleum:asphalt_slab] to tag: <tag:blocks:car:drivable_blocks>
[18:25:31.349][INFO]: Adding: [immersivepetroleum:asphalt_stair] to tag: <tag:blocks:car:drivable_blocks>
[18:25:31.349][INFO]: Adding: [another_furniture:oak_chair, another_furniture:spruce_chair, another_furniture:birch_chair, another_furniture:jungle_chair, another_furniture:acacia_chair, another_furniture:dark_oak_chair, another_furniture:crimson_chair, another_furniture:warped_chair] to tag: <tag:blocks:create:seats>
[18:25:31.349][INFO]: Adding: [another_furniture:white_sofa, another_furniture:orange_sofa, another_furniture:magenta_sofa, another_furniture:light_blue_sofa, another_furniture:yellow_sofa, another_furniture:lime_sofa, another_furniture:pink_sofa, another_furniture:gray_sofa, another_furniture:light_gray_sofa, another_furniture:cyan_sofa, another_furniture:purple_sofa, another_furniture:blue_sofa, another_furniture:brown_sofa, another_furniture:green_sofa, another_furniture:red_sofa, another_furniture:black_sofa] to tag: <tag:blocks:create:seats>
[18:25:31.350][INFO]: Adding: [another_furniture:white_tall_stool, another_furniture:orange_tall_stool, another_furniture:magenta_tall_stool, another_furniture:light_blue_tall_stool, another_furniture:yellow_tall_stool, another_furniture:lime_tall_stool, another_furniture:pink_tall_stool, another_furniture:gray_tall_stool, another_furniture:light_gray_tall_stool, another_furniture:cyan_tall_stool, another_furniture:purple_tall_stool, another_furniture:blue_tall_stool, another_furniture:brown_tall_stool, another_furniture:green_tall_stool, another_furniture:red_tall_stool, another_furniture:black_tall_stool] to tag: <tag:blocks:create:seats>
[18:25:31.350][INFO]: Adding: [another_furniture:oak_bench, another_furniture:spruce_bench, another_furniture:birch_bench, another_furniture:jungle_bench, another_furniture:acacia_bench, another_furniture:dark_oak_bench, another_furniture:crimson_bench, another_furniture:warped_bench] to tag: <tag:blocks:create:seats>
[18:25:31.350][INFO]: Adding: [another_furniture:white_stool, another_furniture:orange_stool, another_furniture:magenta_stool, another_furniture:light_blue_stool, another_furniture:yellow_stool, another_furniture:lime_stool, another_furniture:pink_stool, another_furniture:gray_stool, another_furniture:light_gray_stool, another_furniture:cyan_stool, another_furniture:purple_stool, another_furniture:blue_stool, another_furniture:brown_stool, another_furniture:green_stool, another_furniture:red_stool, another_furniture:black_stool] to tag: <tag:blocks:create:seats>
[18:25:31.351][INFO]: Adding: [embellishcraft:white_couch, embellishcraft:orange_couch, embellishcraft:magenta_couch, embellishcraft:light_blue_couch, embellishcraft:yellow_couch, embellishcraft:lime_couch, embellishcraft:pink_couch, embellishcraft:gray_couch, embellishcraft:light_gray_couch, embellishcraft:cyan_couch, embellishcraft:purple_couch, embellishcraft:blue_couch, embellishcraft:brown_couch, embellishcraft:green_couch, embellishcraft:red_couch, embellishcraft:black_couch] to tag: <tag:blocks:create:seats>
[18:25:31.351][INFO]: Adding: [embellishcraft:acacia_chair, embellishcraft:birch_chair, embellishcraft:dark_oak_chair, embellishcraft:jungle_chair, embellishcraft:oak_chair, embellishcraft:spruce_chair, embellishcraft:warped_chair, embellishcraft:crimson_chair, embellishcraft:acacia_terrace_chair, embellishcraft:birch_terrace_chair, embellishcraft:dark_oak_terrace_chair, embellishcraft:jungle_terrace_chair, embellishcraft:oak_terrace_chair, embellishcraft:spruce_terrace_chair, embellishcraft:warped_terrace_chair, embellishcraft:crimson_terrace_chair, embellishcraft:steel_terrace_chair] to tag: <tag:blocks:create:seats>
[18:25:31.351][INFO]: Adding: [embellishcraft:white_couch, embellishcraft:orange_couch, embellishcraft:magenta_couch, embellishcraft:light_blue_couch, embellishcraft:yellow_couch, embellishcraft:lime_couch, embellishcraft:pink_couch, embellishcraft:gray_couch, embellishcraft:light_gray_couch, embellishcraft:cyan_couch, embellishcraft:purple_couch, embellishcraft:blue_couch, embellishcraft:brown_couch, embellishcraft:green_couch, embellishcraft:red_couch, embellishcraft:black_couch] to tag: <tag:items:create:seats>
[18:25:31.352][INFO]: Adding: [another_furniture:oak_chair, another_furniture:spruce_chair, another_furniture:birch_chair, another_furniture:jungle_chair, another_furniture:acacia_chair, another_furniture:dark_oak_chair, another_furniture:crimson_chair, another_furniture:warped_chair] to tag: <tag:items:create:seats>
[18:25:31.352][INFO]: Adding: [another_furniture:white_sofa, another_furniture:orange_sofa, another_furniture:magenta_sofa, another_furniture:light_blue_sofa, another_furniture:yellow_sofa, another_furniture:lime_sofa, another_furniture:pink_sofa, another_furniture:gray_sofa, another_furniture:light_gray_sofa, another_furniture:cyan_sofa, another_furniture:purple_sofa, another_furniture:blue_sofa, another_furniture:brown_sofa, another_furniture:green_sofa, another_furniture:red_sofa, another_furniture:black_sofa] to tag: <tag:items:create:seats>
[18:25:31.353][INFO]: Adding: [another_furniture:white_tall_stool, another_furniture:orange_tall_stool, another_furniture:magenta_tall_stool, another_furniture:light_blue_tall_stool, another_furniture:yellow_tall_stool, another_furniture:lime_tall_stool, another_furniture:pink_tall_stool, another_furniture:gray_tall_stool, another_furniture:light_gray_tall_stool, another_furniture:cyan_tall_stool, another_furniture:purple_tall_stool, another_furniture:blue_tall_stool, another_furniture:brown_tall_stool, another_furniture:green_tall_stool, another_furniture:red_tall_stool, another_furniture:black_tall_stool] to tag: <tag:items:create:seats>
[18:25:31.353][INFO]: Adding: [another_furniture:oak_bench, another_furniture:spruce_bench, another_furniture:birch_bench, another_furniture:jungle_bench, another_furniture:acacia_bench, another_furniture:dark_oak_bench, another_furniture:crimson_bench, another_furniture:warped_bench] to tag: <tag:items:create:seats>
[18:25:31.354][INFO]: Adding: [another_furniture:white_stool, another_furniture:orange_stool, another_furniture:magenta_stool, another_furniture:light_blue_stool, another_furniture:yellow_stool, another_furniture:lime_stool, another_furniture:pink_stool, another_furniture:gray_stool, another_furniture:light_gray_stool, another_furniture:cyan_stool, another_furniture:purple_stool, another_furniture:blue_stool, another_furniture:brown_stool, another_furniture:green_stool, another_furniture:red_stool, another_furniture:black_stool] to tag: <tag:items:create:seats>
[18:25:31.354][INFO]: Adding: [buildersdelight:laboratory_3] to tag: <tag:blocks:create:non_movable>
[18:25:31.354][INFO]: Adding: [minecraft:bedrock] to tag: <tag:blocks:create:non_movable>
[18:25:31.354][INFO]: Registering new items tag with name <tag:items:simpleplanes:plane_upgrades>
[18:25:31.355][INFO]: Adding: [simpleplanes:floaty_bedding] to tag: <tag:items:simpleplanes:plane_upgrades>
[18:25:31.355][INFO]: Adding: [simpleplanes:booster] to tag: <tag:items:simpleplanes:plane_upgrades>
[18:25:31.355][INFO]: Adding: [simpleplanes:armor] to tag: <tag:items:simpleplanes:plane_upgrades>
[18:25:31.356][INFO]: Adding: [simpleplanes:solar_panel] to tag: <tag:items:simpleplanes:plane_upgrades>
[18:25:31.356][INFO]: Adding: [simpleplanes:seats] to tag: <tag:items:simpleplanes:plane_upgrades>
[18:25:31.356][INFO]: Adding: [simpleplanes:shooter] to tag: <tag:items:simpleplanes:plane_upgrades>
[18:25:31.356][INFO]: Registering new items tag with name <tag:items:simpleplanes:plane_engines>
[18:25:31.356][INFO]: Adding: [simpleplanes:electric_engine] to tag: <tag:items:simpleplanes:plane_engines>
[18:25:31.356][INFO]: Adding: [simpleplanes:furnace_engine] to tag: <tag:items:simpleplanes:plane_engines>
[18:25:31.357][INFO]: Adding: [simpleplanes:liquid_engine] to tag: <tag:items:simpleplanes:plane_engines>
[18:25:31.357][INFO]: Registering new items tag with name <tag:items:armorset:hunting>
[18:25:31.357][INFO]: Adding: [apocalypsenow:hunting_helmet] to tag: <tag:items:armorset:hunting>
[18:25:31.357][INFO]: Adding: [apocalypsenow:hunting_chestplate] to tag: <tag:items:armorset:hunting>
[18:25:31.357][INFO]: Registering new items tag with name <tag:items:armorset:beret>
[18:25:31.357][INFO]: Adding: [apocalypsenow:beret_helmet] to tag: <tag:items:armorset:beret>
[18:25:31.358][INFO]: Adding: [apocalypsenow:beret_chestplate] to tag: <tag:items:armorset:beret>
[18:25:31.358][INFO]: Registering new items tag with name <tag:items:armorset:military_beret>
[18:25:31.358][INFO]: Adding: [apocalypsenow:military_beret_helmet] to tag: <tag:items:armorset:military_beret>
[18:25:31.358][INFO]: Adding: [apocalypsenow:military_beret_chestplate] to tag: <tag:items:armorset:military_beret>
[18:25:31.358][INFO]: Registering new items tag with name <tag:items:armorset:officer_beret>
[18:25:31.358][INFO]: Adding: [apocalypsenow:officer_beret_helmet] to tag: <tag:items:armorset:officer_beret>
[18:25:31.358][INFO]: Adding: [apocalypsenow:officer_beret_chestplate] to tag: <tag:items:armorset:officer_beret>
[18:25:31.359][INFO]: Registering new items tag with name <tag:items:armorset:atlast_7>
[18:25:31.359][INFO]: Adding: [apocalypsenow:atlast_7_helmet] to tag: <tag:items:armorset:atlast_7>
[18:25:31.359][INFO]: Adding: [apocalypsenow:atlast_7_chestplate] to tag: <tag:items:armorset:atlast_7>
[18:25:31.359][INFO]: Registering new items tag with name <tag:items:armorset:military_pilot_headset>
[18:25:31.359][INFO]: Adding: [apocalypsenow:military_pilot_headset_helmet] to tag: <tag:items:armorset:military_pilot_headset>
[18:25:31.359][INFO]: Adding: [apocalypsenow:military_pilot_headset_chestplate] to tag: <tag:items:armorset:military_pilot_headset>
[18:25:31.360][INFO]: Registering new items tag with name <tag:items:armorset:leather>
[18:25:31.360][INFO]: Adding: [minecraft:leather_helmet] to tag: <tag:items:armorset:leather>
[18:25:31.360][INFO]: Adding: [minecraft:leather_chestplate] to tag: <tag:items:armorset:leather>
[18:25:31.360][INFO]: Adding: [minecraft:leather_leggings] to tag: <tag:items:armorset:leather>
[18:25:31.360][INFO]: Adding: [minecraft:leather_boots] to tag: <tag:items:armorset:leather>
[18:25:31.360][INFO]: Registering new items tag with name <tag:items:armorset:chainmail>
[18:25:31.361][INFO]: Adding: [minecraft:chainmail_helmet] to tag: <tag:items:armorset:chainmail>
[18:25:31.361][INFO]: Adding: [minecraft:chainmail_chestplate] to tag: <tag:items:armorset:chainmail>
[18:25:31.361][INFO]: Adding: [minecraft:chainmail_leggings] to tag: <tag:items:armorset:chainmail>
[18:25:31.361][INFO]: Adding: [minecraft:chainmail_boots] to tag: <tag:items:armorset:chainmail>
[18:25:31.361][INFO]: Registering new items tag with name <tag:items:armorset:armor_steel>
[18:25:31.362][INFO]: Registering new items tag with name <tag:items:armorset:netherite>
[18:25:31.362][INFO]: Adding: [minecraft:netherite_helmet] to tag: <tag:items:armorset:netherite>
[18:25:31.362][INFO]: Adding: [minecraft:netherite_chestplate] to tag: <tag:items:armorset:netherite>
[18:25:31.362][INFO]: Adding: [minecraft:netherite_leggings] to tag: <tag:items:armorset:netherite>
[18:25:31.362][INFO]: Adding: [minecraft:netherite_boots] to tag: <tag:items:armorset:netherite>
[18:25:31.363][INFO]: Registering new items tag with name <tag:items:armorset:police>
[18:25:31.363][INFO]: Adding: [apocalypsenow:police_helmet] to tag: <tag:items:armorset:police>
[18:25:31.363][INFO]: Adding: [apocalypsenow:police_chestplate] to tag: <tag:items:armorset:police>
[18:25:31.363][INFO]: Adding: [apocalypsenow:police_leggings] to tag: <tag:items:armorset:police>
[18:25:31.363][INFO]: Adding: [apocalypsenow:police_boots] to tag: <tag:items:armorset:police>
[18:25:31.363][INFO]: Registering new items tag with name <tag:items:armorset:fire_figther>
[18:25:31.363][INFO]: Adding: [apocalypsenow:fire_figther_helmet] to tag: <tag:items:armorset:fire_figther>
[18:25:31.364][INFO]: Adding: [apocalypsenow:fire_figther_chestplate] to tag: <tag:items:armorset:fire_figther>
[18:25:31.364][INFO]: Adding: [apocalypsenow:fire_figther_leggings] to tag: <tag:items:armorset:fire_figther>
[18:25:31.364][INFO]: Adding: [apocalypsenow:fire_figther_boots] to tag: <tag:items:armorset:fire_figther>
[18:25:31.364][INFO]: Registering new items tag with name <tag:items:armorset:nurse>
[18:25:31.364][INFO]: Adding: [apocalypsenow:nurse_helmet] to tag: <tag:items:armorset:nurse>
[18:25:31.364][INFO]: Adding: [apocalypsenow:nurse_chestplate] to tag: <tag:items:armorset:nurse>
[18:25:31.365][INFO]: Adding: [apocalypsenow:nurse_leggings] to tag: <tag:items:armorset:nurse>
[18:25:31.365][INFO]: Adding: [apocalypsenow:nurse_boots] to tag: <tag:items:armorset:nurse>
[18:25:31.365][INFO]: Registering new items tag with name <tag:items:armorset:anarchy>
[18:25:31.365][INFO]: Adding: [apocalypsenow:anarchy_helmet] to tag: <tag:items:armorset:anarchy>
[18:25:31.365][INFO]: Adding: [apocalypsenow:anarchy_chestplate] to tag: <tag:items:armorset:anarchy>
[18:25:31.365][INFO]: Adding: [apocalypsenow:anarchy_leggings] to tag: <tag:items:armorset:anarchy>
[18:25:31.365][INFO]: Adding: [apocalypsenow:anarchy_boots] to tag: <tag:items:armorset:anarchy>
[18:25:31.366][INFO]: Registering new items tag with name <tag:items:armorset:forestguard>
[18:25:31.366][INFO]: Adding: [apocalypsenow:forestguard_helmet] to tag: <tag:items:armorset:forestguard>
[18:25:31.366][INFO]: Adding: [apocalypsenow:forestguard_chestplate] to tag: <tag:items:armorset:forestguard>
[18:25:31.366][INFO]: Adding: [apocalypsenow:forestguard_leggings] to tag: <tag:items:armorset:forestguard>
[18:25:31.366][INFO]: Adding: [apocalypsenow:forestguard_boots] to tag: <tag:items:armorset:forestguard>
[18:25:31.366][INFO]: Registering new items tag with name <tag:items:armorset:construction>
[18:25:31.367][INFO]: Adding: [apocalypsenow:construction_helmet] to tag: <tag:items:armorset:construction>
[18:25:31.367][INFO]: Adding: [apocalypsenow:construction_chestplate] to tag: <tag:items:armorset:construction>
[18:25:31.367][INFO]: Adding: [apocalypsenow:construction_leggings] to tag: <tag:items:armorset:construction>
[18:25:31.367][INFO]: Adding: [apocalypsenow:construction_boots] to tag: <tag:items:armorset:construction>
[18:25:31.367][INFO]: Registering new items tag with name <tag:items:armorset:hazmat_suit>
[18:25:31.367][INFO]: Adding: [apocalypsenow:hazmat_suit_helmet] to tag: <tag:items:armorset:hazmat_suit>
[18:25:31.368][INFO]: Adding: [apocalypsenow:hazmat_suit_chestplate] to tag: <tag:items:armorset:hazmat_suit>
[18:25:31.368][INFO]: Adding: [apocalypsenow:hazmat_suit_leggings] to tag: <tag:items:armorset:hazmat_suit>
[18:25:31.368][INFO]: Adding: [apocalypsenow:hazmat_suit_boots] to tag: <tag:items:armorset:hazmat_suit>
[18:25:31.368][INFO]: Registering new items tag with name <tag:items:armorset:royal_canada_police_officer>
[18:25:31.368][INFO]: Adding: [apocalypsenow:royal_canada_police_officer_helmet] to tag: <tag:items:armorset:royal_canada_police_officer>
[18:25:31.368][INFO]: Adding: [apocalypsenow:royal_canada_police_officer_chestplate] to tag: <tag:items:armorset:royal_canada_police_officer>
[18:25:31.368][INFO]: Adding: [apocalypsenow:royal_canada_police_officer_leggings] to tag: <tag:items:armorset:royal_canada_police_officer>
[18:25:31.369][INFO]: Adding: [apocalypsenow:royal_canada_police_officer_boots] to tag: <tag:items:armorset:royal_canada_police_officer>
[18:25:31.369][INFO]: Registering new items tag with name <tag:items:armorset:headgear>
[18:25:31.369][INFO]: Adding: [apocalypsenow:red_bikers_helmet] to tag: <tag:items:armorset:headgear>
[18:25:31.370][INFO]: Adding: [apocalypsenow:green_bikers_helmet] to tag: <tag:items:armorset:headgear>
[18:25:31.370][INFO]: Adding: [apocalypsenow:black_bikers_helmet] to tag: <tag:items:armorset:headgear>
[18:25:31.370][INFO]: Adding: [apocalypsenow:pink_bikers_helmet] to tag: <tag:items:armorset:headgear>
[18:25:31.370][INFO]: Adding: [apocalypsenow:bikers_helmet] to tag: <tag:items:armorset:headgear>
[18:25:31.371][INFO]: Adding: [apocalypsenow:red_motorcycle_helmet_helmet] to tag: <tag:items:armorset:headgear>
[18:25:31.371][INFO]: Adding: [apocalypsenow:black_motorcycle_helmet_helmet] to tag: <tag:items:armorset:headgear>
[18:25:31.371][INFO]: Registering new items tag with name <tag:items:armorset:military_riot_armor>
[18:25:31.371][INFO]: Adding: [apocalypsenow:military_riot_armor_helmet] to tag: <tag:items:armorset:military_riot_armor>
[18:25:31.371][INFO]: Adding: [apocalypsenow:military_riot_armor_chestplate] to tag: <tag:items:armorset:military_riot_armor>
[18:25:31.371][INFO]: Adding: [apocalypsenow:military_riot_armor_leggings] to tag: <tag:items:armorset:military_riot_armor>
[18:25:31.371][INFO]: Adding: [apocalypsenow:military_riot_armor_boots] to tag: <tag:items:armorset:military_riot_armor>
[18:25:31.372][INFO]: Registering new items tag with name <tag:items:armorset:military_urban>
[18:25:31.372][INFO]: Adding: [apocalypsenow:military_urban_helmet] to tag: <tag:items:armorset:military_urban>
[18:25:31.372][INFO]: Adding: [apocalypsenow:military_urban_chestplate] to tag: <tag:items:armorset:military_urban>
[18:25:31.372][INFO]: Adding: [apocalypsenow:military_urban_leggings] to tag: <tag:items:armorset:military_urban>
[18:25:31.372][INFO]: Adding: [apocalypsenow:military_urban_boots] to tag: <tag:items:armorset:military_urban>
[18:25:31.372][INFO]: Registering new items tag with name <tag:items:armorset:un_armor>
[18:25:31.373][INFO]: Adding: [apocalypsenow:un_armor_helmet] to tag: <tag:items:armorset:un_armor>
[18:25:31.373][INFO]: Adding: [apocalypsenow:un_armor_chestplate] to tag: <tag:items:armorset:un_armor>
[18:25:31.373][INFO]: Adding: [apocalypsenow:un_armor_leggings] to tag: <tag:items:armorset:un_armor>
[18:25:31.373][INFO]: Adding: [apocalypsenow:un_armor_boots] to tag: <tag:items:armorset:un_armor>
[18:25:31.373][INFO]: Registering new items tag with name <tag:items:armorset:biohazard>
[18:25:31.373][INFO]: Adding: [apocalypsenow:biohazard_helmet] to tag: <tag:items:armorset:biohazard>
[18:25:31.374][INFO]: Adding: [apocalypsenow:biohazard_chestplate] to tag: <tag:items:armorset:biohazard>
[18:25:31.374][INFO]: Adding: [apocalypsenow:biohazard_leggings] to tag: <tag:items:armorset:biohazard>
[18:25:31.374][INFO]: Adding: [apocalypsenow:biohazard_boots] to tag: <tag:items:armorset:biohazard>
[18:25:31.374][INFO]: Registering new items tag with name <tag:items:armorset:swat>
[18:25:31.374][INFO]: Adding: [apocalypsenow:swat_helmet] to tag: <tag:items:armorset:swat>
[18:25:31.374][INFO]: Adding: [apocalypsenow:swat_chestplate] to tag: <tag:items:armorset:swat>
[18:25:31.374][INFO]: Adding: [apocalypsenow:swat_leggings] to tag: <tag:items:armorset:swat>
[18:25:31.375][INFO]: Adding: [apocalypsenow:swat_boots] to tag: <tag:items:armorset:swat>
[18:25:31.375][INFO]: Registering new items tag with name <tag:items:armorset:swatriotcontrol>
[18:25:31.375][INFO]: Adding: [apocalypsenow:swatriotcontrol_helmet] to tag: <tag:items:armorset:swatriotcontrol>
[18:25:31.375][INFO]: Adding: [apocalypsenow:swatriotcontrol_chestplate] to tag: <tag:items:armorset:swatriotcontrol>
[18:25:31.375][INFO]: Adding: [apocalypsenow:swatriotcontrol_leggings] to tag: <tag:items:armorset:swatriotcontrol>
[18:25:31.375][INFO]: Adding: [apocalypsenow:swatriotcontrol_boots] to tag: <tag:items:armorset:swatriotcontrol>
[18:25:31.376][INFO]: Registering new items tag with name <tag:items:armorset:juggernaut>
[18:25:31.376][INFO]: Adding: [apocalypsenow:juggernaut_helmet] to tag: <tag:items:armorset:juggernaut>
[18:25:31.376][INFO]: Adding: [apocalypsenow:juggernaut_chestplate] to tag: <tag:items:armorset:juggernaut>
[18:25:31.376][INFO]: Adding: [apocalypsenow:juggernaut_leggings] to tag: <tag:items:armorset:juggernaut>
[18:25:31.376][INFO]: Adding: [apocalypsenow:juggernaut_boots] to tag: <tag:items:armorset:juggernaut>
[18:25:31.377][INFO]: Registering new items tag with name <tag:items:armorset:bombsquad>
[18:25:31.377][INFO]: Adding: [apocalypsenow:bombsquad_helmet] to tag: <tag:items:armorset:bombsquad>
[18:25:31.377][INFO]: Adding: [apocalypsenow:bombsquad_chestplate] to tag: <tag:items:armorset:bombsquad>
[18:25:31.377][INFO]: Adding: [apocalypsenow:bombsquad_leggings] to tag: <tag:items:armorset:bombsquad>
[18:25:31.377][INFO]: Adding: [apocalypsenow:bombsquad_boots] to tag: <tag:items:armorset:bombsquad>
[18:25:31.378][INFO]: Registering new items tag with name <tag:items:armorset:soldier>
[18:25:31.378][INFO]: Adding: [apocalypsenow:soldier_helmet] to tag: <tag:items:armorset:soldier>
[18:25:31.378][INFO]: Adding: [apocalypsenow:soldier_chestplate] to tag: <tag:items:armorset:soldier>
[18:25:31.378][INFO]: Adding: [apocalypsenow:soldier_leggings] to tag: <tag:items:armorset:soldier>
[18:25:31.378][INFO]: Adding: [apocalypsenow:soldier_boots] to tag: <tag:items:armorset:soldier>
[18:25:31.379][INFO]: Registering new items tag with name <tag:items:armorset:spec_ops>
[18:25:31.379][INFO]: Adding: [apocalypsenow:spec_ops_helmet] to tag: <tag:items:armorset:spec_ops>
[18:25:31.379][INFO]: Adding: [apocalypsenow:spec_ops_chestplate] to tag: <tag:items:armorset:spec_ops>
[18:25:31.379][INFO]: Adding: [apocalypsenow:spec_ops_leggings] to tag: <tag:items:armorset:spec_ops>
[18:25:31.380][INFO]: Adding: [apocalypsenow:spec_ops_boots] to tag: <tag:items:armorset:spec_ops>
[18:25:31.380][INFO]: Registering new items tag with name <tag:items:car:wheels>
[18:25:31.380][INFO]: Adding: [car:wheel] to tag: <tag:items:car:wheels>
[18:25:31.380][INFO]: Adding: [car:big_wheel] to tag: <tag:items:car:wheels>
[18:25:31.380][INFO]: Registering new items tag with name <tag:items:car:body>
[18:25:31.381][INFO]: Adding: [car:oak_body] to tag: <tag:items:car:body>
[18:25:31.381][INFO]: Adding: [car:acacia_body] to tag: <tag:items:car:body>
[18:25:31.381][INFO]: Adding: [car:dark_oak_body] to tag: <tag:items:car:body>
[18:25:31.381][INFO]: Adding: [car:birch_body] to tag: <tag:items:car:body>
[18:25:31.381][INFO]: Adding: [car:jungle_body] to tag: <tag:items:car:body>
[18:25:31.382][INFO]: Adding: [car:spruce_body] to tag: <tag:items:car:body>
[18:25:31.382][INFO]: Adding: [car:crimson_body] to tag: <tag:items:car:body>
[18:25:31.382][INFO]: Adding: [car:warped_body] to tag: <tag:items:car:body>
[18:25:31.382][INFO]: Adding: [car:big_oak_body] to tag: <tag:items:car:body>
[18:25:31.382][INFO]: Adding: [car:big_acacia_body] to tag: <tag:items:car:body>
[18:25:31.383][INFO]: Adding: [car:big_dark_oak_body] to tag: <tag:items:car:body>
[18:25:31.383][INFO]: Adding: [car:big_birch_body] to tag: <tag:items:car:body>
[18:25:31.383][INFO]: Adding: [car:big_jungle_body] to tag: <tag:items:car:body>
[18:25:31.383][INFO]: Adding: [car:big_spruce_body] to tag: <tag:items:car:body>
[18:25:31.383][INFO]: Adding: [car:big_crimson_body] to tag: <tag:items:car:body>
[18:25:31.384][INFO]: Adding: [car:big_warped_body] to tag: <tag:items:car:body>
[18:25:31.384][INFO]: Adding: [car:black_transporter_body] to tag: <tag:items:car:body>
[18:25:31.384][INFO]: Adding: [car:blue_transporter_body] to tag: <tag:items:car:body>
[18:25:31.384][INFO]: Adding: [car:brown_transporter_body] to tag: <tag:items:car:body>
[18:25:31.384][INFO]: Adding: [car:cyan_transporter_body] to tag: <tag:items:car:body>
[18:25:31.385][INFO]: Adding: [car:gray_transporter_body] to tag: <tag:items:car:body>
[18:25:31.385][INFO]: Adding: [car:green_transporter_body] to tag: <tag:items:car:body>
[18:25:31.385][INFO]: Adding: [car:light_blue_transporter_body] to tag: <tag:items:car:body>
[18:25:31.385][INFO]: Adding: [car:lime_transporter_body] to tag: <tag:items:car:body>
[18:25:31.385][INFO]: Adding: [car:magenta_transporter_body] to tag: <tag:items:car:body>
[18:25:31.385][INFO]: Adding: [car:orange_transporter_body] to tag: <tag:items:car:body>
[18:25:31.386][INFO]: Adding: [car:pink_transporter_body] to tag: <tag:items:car:body>
[18:25:31.386][INFO]: Adding: [car:red_transporter_body] to tag: <tag:items:car:body>
[18:25:31.386][INFO]: Adding: [car:light_gray_transporter_body] to tag: <tag:items:car:body>
[18:25:31.386][INFO]: Adding: [car:white_transporter_body] to tag: <tag:items:car:body>
[18:25:31.386][INFO]: Adding: [car:yellow_transporter_body] to tag: <tag:items:car:body>
[18:25:31.386][INFO]: Adding: [car:black_suv_body] to tag: <tag:items:car:body>
[18:25:31.386][INFO]: Adding: [car:blue_suv_body] to tag: <tag:items:car:body>
[18:25:31.387][INFO]: Adding: [car:brown_suv_body] to tag: <tag:items:car:body>
[18:25:31.387][INFO]: Adding: [car:cyan_suv_body] to tag: <tag:items:car:body>
[18:25:31.387][INFO]: Adding: [car:gray_suv_body] to tag: <tag:items:car:body>
[18:25:31.387][INFO]: Adding: [car:green_suv_body] to tag: <tag:items:car:body>
[18:25:31.387][INFO]: Adding: [car:light_blue_suv_body] to tag: <tag:items:car:body>
[18:25:31.387][INFO]: Adding: [car:lime_suv_body] to tag: <tag:items:car:body>
[18:25:31.388][INFO]: Adding: [car:magenta_suv_body] to tag: <tag:items:car:body>
[18:25:31.388][INFO]: Adding: [car:orange_suv_body] to tag: <tag:items:car:body>
[18:25:31.388][INFO]: Adding: [car:pink_suv_body] to tag: <tag:items:car:body>
[18:25:31.388][INFO]: Adding: [car:red_suv_body] to tag: <tag:items:car:body>
[18:25:31.388][INFO]: Adding: [car:light_gray_suv_body] to tag: <tag:items:car:body>
[18:25:31.388][INFO]: Adding: [car:white_suv_body] to tag: <tag:items:car:body>
[18:25:31.388][INFO]: Adding: [car:yellow_suv_body] to tag: <tag:items:car:body>
[18:25:31.389][INFO]: Adding: [car:black_sport_body] to tag: <tag:items:car:body>
[18:25:31.389][INFO]: Adding: [car:blue_sport_body] to tag: <tag:items:car:body>
[18:25:31.389][INFO]: Adding: [car:brown_sport_body] to tag: <tag:items:car:body>
[18:25:31.389][INFO]: Adding: [car:cyan_sport_body] to tag: <tag:items:car:body>
[18:25:31.389][INFO]: Adding: [car:gray_sport_body] to tag: <tag:items:car:body>
[18:25:31.390][INFO]: Adding: [car:green_sport_body] to tag: <tag:items:car:body>
[18:25:31.390][INFO]: Adding: [car:light_blue_sport_body] to tag: <tag:items:car:body>
[18:25:31.390][INFO]: Adding: [car:lime_sport_body] to tag: <tag:items:car:body>
[18:25:31.390][INFO]: Adding: [car:magenta_sport_body] to tag: <tag:items:car:body>
[18:25:31.390][INFO]: Adding: [car:orange_sport_body] to tag: <tag:items:car:body>
[18:25:31.391][INFO]: Adding: [car:pink_sport_body] to tag: <tag:items:car:body>
[18:25:31.391][INFO]: Adding: [car:red_sport_body] to tag: <tag:items:car:body>
[18:25:31.391][INFO]: Adding: [car:light_gray_sport_body] to tag: <tag:items:car:body>
[18:25:31.391][INFO]: Adding: [car:white_sport_body] to tag: <tag:items:car:body>
[18:25:31.391][INFO]: Adding: [car:yellow_sport_body] to tag: <tag:items:car:body>
[18:25:31.392][INFO]: Registering new items tag with name <tag:items:car:engine>
[18:25:31.392][INFO]: Adding: [car:engine_3_cylinder] to tag: <tag:items:car:engine>
[18:25:31.392][INFO]: Adding: [car:engine_6_cylinder] to tag: <tag:items:car:engine>
[18:25:31.392][INFO]: Adding: [car:engine_truck] to tag: <tag:items:car:engine>
[18:25:31.392][INFO]: Registering new items tag with name <tag:items:car:tank>
[18:25:31.393][INFO]: Adding: [car:small_tank] to tag: <tag:items:car:tank>
[18:25:31.393][INFO]: Adding: [car:medium_tank] to tag: <tag:items:car:tank>
[18:25:31.393][INFO]: Adding: [car:large_tank] to tag: <tag:items:car:tank>
[18:25:31.393][INFO]: Registering new items tag with name <tag:items:car:container>
[18:25:31.393][INFO]: Adding: [car:black_container] to tag: <tag:items:car:container>
[18:25:31.394][INFO]: Adding: [car:blue_container] to tag: <tag:items:car:container>
[18:25:31.394][INFO]: Adding: [car:brown_container] to tag: <tag:items:car:container>
[18:25:31.394][INFO]: Adding: [car:cyan_container] to tag: <tag:items:car:container>
[18:25:31.394][INFO]: Adding: [car:gray_container] to tag: <tag:items:car:container>
[18:25:31.395][INFO]: Adding: [car:green_container] to tag: <tag:items:car:container>
[18:25:31.395][INFO]: Adding: [car:light_blue_container] to tag: <tag:items:car:container>
[18:25:31.395][INFO]: Adding: [car:lime_container] to tag: <tag:items:car:container>
[18:25:31.395][INFO]: Adding: [car:magenta_container] to tag: <tag:items:car:container>
[18:25:31.395][INFO]: Adding: [car:orange_container] to tag: <tag:items:car:container>
[18:25:31.396][INFO]: Adding: [car:pink_container] to tag: <tag:items:car:container>
[18:25:31.396][INFO]: Adding: [car:red_container] to tag: <tag:items:car:container>
[18:25:31.396][INFO]: Adding: [car:light_gray_container] to tag: <tag:items:car:container>
[18:25:31.396][INFO]: Adding: [car:white_container] to tag: <tag:items:car:container>
[18:25:31.396][INFO]: Adding: [car:yellow_container] to tag: <tag:items:car:container>
[18:25:31.397][INFO]: Adding: [car:black_tank_container] to tag: <tag:items:car:container>
[18:25:31.397][INFO]: Adding: [car:blue_tank_container] to tag: <tag:items:car:container>
[18:25:31.397][INFO]: Adding: [car:brown_tank_container] to tag: <tag:items:car:container>
[18:25:31.397][INFO]: Adding: [car:cyan_tank_container] to tag: <tag:items:car:container>
[18:25:31.397][INFO]: Adding: [car:gray_tank_container] to tag: <tag:items:car:container>
[18:25:31.398][INFO]: Adding: [car:green_tank_container] to tag: <tag:items:car:container>
[18:25:31.398][INFO]: Adding: [car:light_blue_tank_container] to tag: <tag:items:car:container>
[18:25:31.398][INFO]: Adding: [car:lime_tank_container] to tag: <tag:items:car:container>
[18:25:31.398][INFO]: Adding: [car:magenta_tank_container] to tag: <tag:items:car:container>
[18:25:31.398][INFO]: Adding: [car:orange_tank_container] to tag: <tag:items:car:container>
[18:25:31.399][INFO]: Adding: [car:pink_tank_container] to tag: <tag:items:car:container>
[18:25:31.399][INFO]: Adding: [car:red_tank_container] to tag: <tag:items:car:container>
[18:25:31.399][INFO]: Adding: [car:light_gray_tank_container] to tag: <tag:items:car:container>
[18:25:31.399][INFO]: Adding: [car:white_tank_container] to tag: <tag:items:car:container>
[18:25:31.400][INFO]: Adding: [car:yellow_tank_container] to tag: <tag:items:car:container>
[18:25:31.400][INFO]: Registering new items tag with name <tag:items:car:license_plate_holder>
[18:25:31.400][INFO]: Adding: [car:oak_license_plate_holder] to tag: <tag:items:car:license_plate_holder>
[18:25:31.400][INFO]: Adding: [car:acacia_license_plate_holder] to tag: <tag:items:car:license_plate_holder>
[18:25:31.400][INFO]: Adding: [car:dark_oak_license_plate_holder] to tag: <tag:items:car:license_plate_holder>
[18:25:31.401][INFO]: Adding: [car:birch_license_plate_holder] to tag: <tag:items:car:license_plate_holder>
[18:25:31.401][INFO]: Adding: [car:jungle_license_plate_holder] to tag: <tag:items:car:license_plate_holder>
[18:25:31.401][INFO]: Adding: [car:spruce_license_plate_holder] to tag: <tag:items:car:license_plate_holder>
[18:25:31.401][INFO]: Adding: [car:crimson_license_plate_holder] to tag: <tag:items:car:license_plate_holder>
[18:25:31.401][INFO]: Adding: [car:warped_license_plate_holder] to tag: <tag:items:car:license_plate_holder>
[18:25:31.402][INFO]: Adding: [car:iron_license_plate_holder] to tag: <tag:items:car:license_plate_holder>
[18:25:31.402][INFO]: Adding: [car:gold_license_plate_holder] to tag: <tag:items:car:license_plate_holder>
[18:25:31.402][INFO]: Adding: [car:diamond_license_plate_holder] to tag: <tag:items:car:license_plate_holder>
[18:25:31.402][INFO]: Adding: [car:emerald_license_plate_holder] to tag: <tag:items:car:license_plate_holder>
[18:25:31.402][INFO]: Registering new items tag with name <tag:items:forge:flares>
[18:25:31.403][INFO]: Adding: [drg_flares:drg_flare_black] to tag: <tag:items:forge:flares>
[18:25:31.403][INFO]: Adding: [drg_flares:drg_flare_blue] to tag: <tag:items:forge:flares>
[18:25:31.403][INFO]: Adding: [drg_flares:drg_flare_brown] to tag: <tag:items:forge:flares>
[18:25:31.403][INFO]: Adding: [drg_flares:drg_flare_cyan] to tag: <tag:items:forge:flares>
[18:25:31.404][INFO]: Adding: [drg_flares:drg_flare_gray] to tag: <tag:items:forge:flares>
[18:25:31.404][INFO]: Adding: [drg_flares:drg_flare_green] to tag: <tag:items:forge:flares>
[18:25:31.404][INFO]: Adding: [drg_flares:drg_flare_light_blue] to tag: <tag:items:forge:flares>
[18:25:31.404][INFO]: Adding: [drg_flares:drg_flare_lime] to tag: <tag:items:forge:flares>
[18:25:31.404][INFO]: Adding: [drg_flares:drg_flare_magenta] to tag: <tag:items:forge:flares>
[18:25:31.405][INFO]: Adding: [drg_flares:drg_flare_orange] to tag: <tag:items:forge:flares>
[18:25:31.405][INFO]: Adding: [drg_flares:drg_flare_pink] to tag: <tag:items:forge:flares>
[18:25:31.405][INFO]: Adding: [drg_flares:drg_flare_red] to tag: <tag:items:forge:flares>
[18:25:31.405][INFO]: Adding: [drg_flares:drg_flare_light_gray] to tag: <tag:items:forge:flares>
[18:25:31.405][INFO]: Adding: [drg_flares:drg_flare_white] to tag: <tag:items:forge:flares>
[18:25:31.406][INFO]: Adding: [drg_flares:drg_flare_yellow] to tag: <tag:items:forge:flares>
[18:25:31.407][INFO]: Modifying Attributes of: <item:apocalypsenow:baseball_bat>.anyDamage()
[18:25:31.407][INFO]: Modifying Attributes of: <item:apocalypsenow:baseball_bat>.anyDamage()
[18:25:31.407][INFO]: Modifying Attributes of: <item:apocalypsenow:baseball_bat>.anyDamage()
[18:25:31.407][INFO]: Modifying Attributes of: <item:apocalypsenow:baseball_bat>.anyDamage()
[18:25:31.407][INFO]: Set the value of Max Damage on <item:apocalypsenow:baseball_bat> to: '120'
[18:25:31.407][INFO]: Modifying Attributes of: <item:apocalypsenow:spiked_baseball_bat>.anyDamage()
[18:25:31.407][INFO]: Modifying Attributes of: <item:apocalypsenow:spiked_baseball_bat>.anyDamage()
[18:25:31.407][INFO]: Modifying Attributes of: <item:apocalypsenow:spiked_baseball_bat>.anyDamage()
[18:25:31.408][INFO]: Modifying Attributes of: <item:apocalypsenow:spiked_baseball_bat>.anyDamage()
[18:25:31.408][INFO]: Set the value of Max Damage on <item:apocalypsenow:spiked_baseball_bat> to: '150'
[18:25:31.408][INFO]: Modifying Attributes of: <item:apocalypsenow:wrapped_baseball_bat>.anyDamage()
[18:25:31.408][INFO]: Modifying Attributes of: <item:apocalypsenow:wrapped_baseball_bat>.anyDamage()
[18:25:31.408][INFO]: Modifying Attributes of: <item:apocalypsenow:wrapped_baseball_bat>.anyDamage()
[18:25:31.408][INFO]: Modifying Attributes of: <item:apocalypsenow:wrapped_baseball_bat>.anyDamage()
[18:25:31.408][INFO]: Set the value of Max Damage on <item:apocalypsenow:wrapped_baseball_bat> to: '200'
[18:25:31.408][INFO]: Modifying Attributes of: <item:apocalypsenow:wired_baseball_bat>.anyDamage()
[18:25:31.408][INFO]: Modifying Attributes of: <item:apocalypsenow:wired_baseball_bat>.anyDamage()
[18:25:31.408][INFO]: Modifying Attributes of: <item:apocalypsenow:wired_baseball_bat>.anyDamage()
[18:25:31.408][INFO]: Modifying Attributes of: <item:apocalypsenow:wired_baseball_bat>.anyDamage()
[18:25:31.408][INFO]: Set the value of Max Damage on <item:apocalypsenow:wired_baseball_bat> to: '180'
[18:25:31.408][INFO]: Modifying Attributes of: <item:apocalypsenow:saw_baseball_bat>.anyDamage()
[18:25:31.408][INFO]: Modifying Attributes of: <item:apocalypsenow:saw_baseball_bat>.anyDamage()
[18:25:31.408][INFO]: Modifying Attributes of: <item:apocalypsenow:saw_baseball_bat>.anyDamage()
[18:25:31.408][INFO]: Modifying Attributes of: <item:apocalypsenow:saw_baseball_bat>.anyDamage()
[18:25:31.408][INFO]: Set the value of Max Damage on <item:apocalypsenow:saw_baseball_bat> to: '451'
[18:25:31.408][INFO]: Modifying Attributes of: <item:apocalypsenow:electrical_baseball_bat>.anyDamage()
[18:25:31.408][INFO]: Modifying Attributes of: <item:apocalypsenow:electrical_baseball_bat>.anyDamage()
[18:25:31.408][INFO]: Modifying Attributes of: <item:apocalypsenow:electrical_baseball_bat>.anyDamage()
[18:25:31.408][INFO]: Modifying Attributes of: <item:apocalypsenow:electrical_baseball_bat>.anyDamage()
[18:25:31.408][INFO]: Set the value of Max Damage on <item:apocalypsenow:electrical_baseball_bat> to: '304'
[18:25:31.408][INFO]: Modifying Attributes of: <item:apocalypsenow:iron_baseball_bat>.anyDamage()
[18:25:31.408][INFO]: Modifying Attributes of: <item:apocalypsenow:iron_baseball_bat>.anyDamage()
[18:25:31.408][INFO]: Modifying Attributes of: <item:apocalypsenow:iron_baseball_bat>.anyDamage()
[18:25:31.409][INFO]: Modifying Attributes of: <item:apocalypsenow:iron_baseball_bat>.anyDamage()
[18:25:31.409][INFO]: Set the value of Max Damage on <item:apocalypsenow:iron_baseball_bat> to: '560'
[18:25:31.409][INFO]: Modifying Attributes of: <item:apocalypsenow:spiked_iron_baseball_bat>.anyDamage()
[18:25:31.409][INFO]: Modifying Attributes of: <item:apocalypsenow:spiked_iron_baseball_bat>.anyDamage()
[18:25:31.409][INFO]: Modifying Attributes of: <item:apocalypsenow:spiked_iron_baseball_bat>.anyDamage()
[18:25:31.409][INFO]: Modifying Attributes of: <item:apocalypsenow:spiked_iron_baseball_bat>.anyDamage()
[18:25:31.409][INFO]: Set the value of Max Damage on <item:apocalypsenow:spiked_iron_baseball_bat> to: '624'
[18:25:31.409][INFO]: Modifying Attributes of: <item:apocalypsenow:laminated_iron_baseball_bat>.anyDamage()
[18:25:31.409][INFO]: Modifying Attributes of: <item:apocalypsenow:laminated_iron_baseball_bat>.anyDamage()
[18:25:31.409][INFO]: Modifying Attributes of: <item:apocalypsenow:laminated_iron_baseball_bat>.anyDamage()
[18:25:31.409][INFO]: Modifying Attributes of: <item:apocalypsenow:laminated_iron_baseball_bat>.anyDamage()
[18:25:31.409][INFO]: Set the value of Max Damage on <item:apocalypsenow:laminated_iron_baseball_bat> to: '739'
[18:25:31.409][INFO]: Modifying Attributes of: <item:apocalypsenow:night_stick>.anyDamage()
[18:25:31.409][INFO]: Modifying Attributes of: <item:apocalypsenow:night_stick>.anyDamage()
[18:25:31.409][INFO]: Modifying Attributes of: <item:apocalypsenow:night_stick>.anyDamage()
[18:25:31.409][INFO]: Modifying Attributes of: <item:apocalypsenow:night_stick>.anyDamage()
[18:25:31.409][INFO]: Set the value of Max Damage on <item:apocalypsenow:night_stick> to: '600'
[18:25:31.409][INFO]: Modifying Attributes of: <item:apocalypsenow:electric_baton>.anyDamage()
[18:25:31.409][INFO]: Modifying Attributes of: <item:apocalypsenow:electric_baton>.anyDamage()
[18:25:31.409][INFO]: Modifying Attributes of: <item:apocalypsenow:electric_baton>.anyDamage()
[18:25:31.409][INFO]: Modifying Attributes of: <item:apocalypsenow:electric_baton>.anyDamage()
[18:25:31.409][INFO]: Set the value of Max Damage on <item:apocalypsenow:electric_baton> to: '1150'
[18:25:31.409][INFO]: Modifying Attributes of: <item:apocalypsenow:sledge_hammer>.anyDamage()
[18:25:31.409][INFO]: Modifying Attributes of: <item:apocalypsenow:sledge_hammer>.anyDamage()
[18:25:31.409][INFO]: Modifying Attributes of: <item:apocalypsenow:sledge_hammer>.anyDamage()
[18:25:31.410][INFO]: Modifying Attributes of: <item:apocalypsenow:sledge_hammer>.anyDamage()
[18:25:31.410][INFO]: Set the value of Max Damage on <item:apocalypsenow:sledge_hammer> to: '945'
[18:25:31.410][INFO]: Modifying Attributes of: <item:apocalypsenow:fire_axe>.anyDamage()
[18:25:31.410][INFO]: Modifying Attributes of: <item:apocalypsenow:fire_axe>.anyDamage()
[18:25:31.410][INFO]: Modifying Attributes of: <item:apocalypsenow:fire_axe>.anyDamage()
[18:25:31.410][INFO]: Modifying Attributes of: <item:apocalypsenow:fire_axe>.anyDamage()
[18:25:31.410][INFO]: Set the value of Max Damage on <item:apocalypsenow:fire_axe> to: '894'
[18:25:31.410][INFO]: Modifying Attributes of: <item:apocalypsenow:emergency_axe>.anyDamage()
[18:25:31.410][INFO]: Modifying Attributes of: <item:apocalypsenow:emergency_axe>.anyDamage()
[18:25:31.410][INFO]: Modifying Attributes of: <item:apocalypsenow:emergency_axe>.anyDamage()
[18:25:31.410][INFO]: Modifying Attributes of: <item:apocalypsenow:emergency_axe>.anyDamage()
[18:25:31.410][INFO]: Set the value of Max Damage on <item:apocalypsenow:emergency_axe> to: '894'
[18:25:31.410][INFO]: Modifying Attributes of: <item:apocalypsenow:wooden_fire_axe>.anyDamage()
[18:25:31.410][INFO]: Modifying Attributes of: <item:apocalypsenow:wooden_fire_axe>.anyDamage()
[18:25:31.410][INFO]: Modifying Attributes of: <item:apocalypsenow:wooden_fire_axe>.anyDamage()
[18:25:31.410][INFO]: Modifying Attributes of: <item:apocalypsenow:wooden_fire_axe>.anyDamage()
[18:25:31.410][INFO]: Set the value of Max Damage on <item:apocalypsenow:wooden_fire_axe> to: '485'
[18:25:31.410][INFO]: Modifying Attributes of: <item:apocalypsenow:construction_axe>.anyDamage()
[18:25:31.410][INFO]: Modifying Attributes of: <item:apocalypsenow:construction_axe>.anyDamage()
[18:25:31.410][INFO]: Modifying Attributes of: <item:apocalypsenow:construction_axe>.anyDamage()
[18:25:31.410][INFO]: Modifying Attributes of: <item:apocalypsenow:construction_axe>.anyDamage()
[18:25:31.410][INFO]: Set the value of Max Damage on <item:apocalypsenow:construction_axe> to: '894'
[18:25:31.410][INFO]: Modifying Attributes of: <item:apocalypsenow:hand_axe>.anyDamage()
[18:25:31.411][INFO]: Modifying Attributes of: <item:apocalypsenow:hand_axe>.anyDamage()
[18:25:31.411][INFO]: Modifying Attributes of: <item:apocalypsenow:hand_axe>.anyDamage()
[18:25:31.411][INFO]: Modifying Attributes of: <item:apocalypsenow:hand_axe>.anyDamage()
[18:25:31.411][INFO]: Set the value of Max Damage on <item:apocalypsenow:hand_axe> to: '421'
[18:25:31.411][INFO]: Modifying Attributes of: <item:apocalypsenow:lumber_jack_axe>.anyDamage()
[18:25:31.411][INFO]: Modifying Attributes of: <item:apocalypsenow:lumber_jack_axe>.anyDamage()
[18:25:31.411][INFO]: Modifying Attributes of: <item:apocalypsenow:lumber_jack_axe>.anyDamage()
[18:25:31.411][INFO]: Modifying Attributes of: <item:apocalypsenow:lumber_jack_axe>.anyDamage()
[18:25:31.411][INFO]: Set the value of Max Damage on <item:apocalypsenow:lumber_jack_axe> to: '231'
[18:25:31.411][INFO]: Modifying Attributes of: <item:apocalypsenow:red_lumberjack_axe>.anyDamage()
[18:25:31.411][INFO]: Modifying Attributes of: <item:apocalypsenow:red_lumberjack_axe>.anyDamage()
[18:25:31.411][INFO]: Modifying Attributes of: <item:apocalypsenow:red_lumberjack_axe>.anyDamage()
[18:25:31.411][INFO]: Modifying Attributes of: <item:apocalypsenow:red_lumberjack_axe>.anyDamage()
[18:25:31.411][INFO]: Set the value of Max Damage on <item:apocalypsenow:red_lumberjack_axe> to: '231'
[18:25:31.411][INFO]: Modifying Attributes of: <item:apocalypsenow:tourist_axe>.anyDamage()
[18:25:31.411][INFO]: Modifying Attributes of: <item:apocalypsenow:tourist_axe>.anyDamage()
[18:25:31.411][INFO]: Modifying Attributes of: <item:apocalypsenow:tourist_axe>.anyDamage()
[18:25:31.411][INFO]: Modifying Attributes of: <item:apocalypsenow:tourist_axe>.anyDamage()
[18:25:31.411][INFO]: Set the value of Max Damage on <item:apocalypsenow:tourist_axe> to: '378'
[18:25:31.411][INFO]: Modifying Attributes of: <item:apocalypsenow:survival_axe>.anyDamage()
[18:25:31.411][INFO]: Modifying Attributes of: <item:apocalypsenow:survival_axe>.anyDamage()
[18:25:31.411][INFO]: Modifying Attributes of: <item:apocalypsenow:survival_axe>.anyDamage()
[18:25:31.411][INFO]: Modifying Attributes of: <item:apocalypsenow:survival_axe>.anyDamage()
[18:25:31.411][INFO]: Set the value of Max Damage on <item:apocalypsenow:survival_axe> to: '392'
[18:25:31.412][INFO]: Modifying Attributes of: <item:apocalypsenow:ice_axe>.anyDamage()
[18:25:31.412][INFO]: Modifying Attributes of: <item:apocalypsenow:ice_axe>.anyDamage()
[18:25:31.412][INFO]: Modifying Attributes of: <item:apocalypsenow:ice_axe>.anyDamage()
[18:25:31.412][INFO]: Modifying Attributes of: <item:apocalypsenow:ice_axe>.anyDamage()
[18:25:31.412][INFO]: Set the value of Max Damage on <item:apocalypsenow:ice_axe> to: '392'
[18:25:31.412][INFO]: Modifying Attributes of: <item:apocalypsenow:gardening_axe>.anyDamage()
[18:25:31.412][INFO]: Modifying Attributes of: <item:apocalypsenow:gardening_axe>.anyDamage()
[18:25:31.412][INFO]: Modifying Attributes of: <item:apocalypsenow:gardening_axe>.anyDamage()
[18:25:31.412][INFO]: Modifying Attributes of: <item:apocalypsenow:gardening_axe>.anyDamage()
[18:25:31.412][INFO]: Set the value of Max Damage on <item:apocalypsenow:gardening_axe> to: '421'
[18:25:31.412][INFO]: Modifying Attributes of: <item:apocalypsenow:combat_axe>.anyDamage()
[18:25:31.412][INFO]: Modifying Attributes of: <item:apocalypsenow:combat_axe>.anyDamage()
[18:25:31.412][INFO]: Modifying Attributes of: <item:apocalypsenow:combat_axe>.anyDamage()
[18:25:31.412][INFO]: Modifying Attributes of: <item:apocalypsenow:combat_axe>.anyDamage()
[18:25:31.412][INFO]: Set the value of Max Damage on <item:apocalypsenow:combat_axe> to: '2651'
[18:25:31.412][INFO]: Modifying Attributes of: <item:apocalypsenow:electrical_combat_axe>.anyDamage()
[18:25:31.412][INFO]: Modifying Attributes of: <item:apocalypsenow:electrical_combat_axe>.anyDamage()
[18:25:31.412][INFO]: Modifying Attributes of: <item:apocalypsenow:electrical_combat_axe>.anyDamage()
[18:25:31.412][INFO]: Modifying Attributes of: <item:apocalypsenow:electrical_combat_axe>.anyDamage()
[18:25:31.412][INFO]: Set the value of Max Damage on <item:apocalypsenow:electrical_combat_axe> to: '2885'
[18:25:31.412][INFO]: Modifying Attributes of: <item:apocalypsenow:pipe>.anyDamage()
[18:25:31.412][INFO]: Modifying Attributes of: <item:apocalypsenow:pipe>.anyDamage()
[18:25:31.412][INFO]: Modifying Attributes of: <item:apocalypsenow:pipe>.anyDamage()
[18:25:31.412][INFO]: Modifying Attributes of: <item:apocalypsenow:pipe>.anyDamage()
[18:25:31.412][INFO]: Set the value of Max Damage on <item:apocalypsenow:pipe> to: '820'
[18:25:31.412][INFO]: Modifying Attributes of: <item:apocalypsenow:machete>.anyDamage()
[18:25:31.413][INFO]: Modifying Attributes of: <item:apocalypsenow:machete>.anyDamage()
[18:25:31.413][INFO]: Modifying Attributes of: <item:apocalypsenow:machete>.anyDamage()
[18:25:31.413][INFO]: Modifying Attributes of: <item:apocalypsenow:machete>.anyDamage()
[18:25:31.413][INFO]: Set the value of Max Damage on <item:apocalypsenow:machete> to: '524'
[18:25:31.413][INFO]: Modifying Attributes of: <item:apocalypsenow:serrated_machete>.anyDamage()
[18:25:31.413][INFO]: Modifying Attributes of: <item:apocalypsenow:serrated_machete>.anyDamage()
[18:25:31.413][INFO]: Modifying Attributes of: <item:apocalypsenow:serrated_machete>.anyDamage()
[18:25:31.413][INFO]: Modifying Attributes of: <item:apocalypsenow:serrated_machete>.anyDamage()
[18:25:31.413][INFO]: Set the value of Max Damage on <item:apocalypsenow:serrated_machete> to: '631'
[18:25:31.413][INFO]: Modifying Attributes of: <item:apocalypsenow:hawkbill_machete>.anyDamage()
[18:25:31.413][INFO]: Modifying Attributes of: <item:apocalypsenow:hawkbill_machete>.anyDamage()
[18:25:31.413][INFO]: Modifying Attributes of: <item:apocalypsenow:hawkbill_machete>.anyDamage()
[18:25:31.413][INFO]: Modifying Attributes of: <item:apocalypsenow:hawkbill_machete>.anyDamage()
[18:25:31.413][INFO]: Set the value of Max Damage on <item:apocalypsenow:hawkbill_machete> to: '524'
[18:25:31.413][INFO]: Modifying Attributes of: <item:apocalypsenow:bowie_machete>.anyDamage()
[18:25:31.413][INFO]: Modifying Attributes of: <item:apocalypsenow:bowie_machete>.anyDamage()
[18:25:31.413][INFO]: Modifying Attributes of: <item:apocalypsenow:bowie_machete>.anyDamage()
[18:25:31.413][INFO]: Modifying Attributes of: <item:apocalypsenow:bowie_machete>.anyDamage()
[18:25:31.413][INFO]: Set the value of Max Damage on <item:apocalypsenow:bowie_machete> to: '524'
[18:25:31.413][INFO]: Modifying Attributes of: <item:apocalypsenow:heavy_machete>.anyDamage()
[18:25:31.413][INFO]: Modifying Attributes of: <item:apocalypsenow:heavy_machete>.anyDamage()
[18:25:31.413][INFO]: Modifying Attributes of: <item:apocalypsenow:heavy_machete>.anyDamage()
[18:25:31.413][INFO]: Modifying Attributes of: <item:apocalypsenow:heavy_machete>.anyDamage()
[18:25:31.413][INFO]: Set the value of Max Damage on <item:apocalypsenow:heavy_machete> to: '796'
[18:25:31.413][INFO]: Modifying Attributes of: <item:apocalypsenow:tactical_machete>.anyDamage()
[18:25:31.413][INFO]: Modifying Attributes of: <item:apocalypsenow:tactical_machete>.anyDamage()
[18:25:31.414][INFO]: Modifying Attributes of: <item:apocalypsenow:tactical_machete>.anyDamage()
[18:25:31.414][INFO]: Modifying Attributes of: <item:apocalypsenow:tactical_machete>.anyDamage()
[18:25:31.414][INFO]: Set the value of Max Damage on <item:apocalypsenow:tactical_machete> to: '2651'
[18:25:31.414][INFO]: Modifying Attributes of: <item:apocalypsenow:kukri_machete>.anyDamage()
[18:25:31.414][INFO]: Modifying Attributes of: <item:apocalypsenow:kukri_machete>.anyDamage()
[18:25:31.414][INFO]: Modifying Attributes of: <item:apocalypsenow:kukri_machete>.anyDamage()
[18:25:31.414][INFO]: Modifying Attributes of: <item:apocalypsenow:kukri_machete>.anyDamage()
[18:25:31.414][INFO]: Set the value of Max Damage on <item:apocalypsenow:kukri_machete> to: '1510'
[18:25:31.414][INFO]: Modifying Attributes of: <item:apocalypsenow:taiga_1_survival_machete>.anyDamage()
[18:25:31.414][INFO]: Modifying Attributes of: <item:apocalypsenow:taiga_1_survival_machete>.anyDamage()
[18:25:31.414][INFO]: Modifying Attributes of: <item:apocalypsenow:taiga_1_survival_machete>.anyDamage()
[18:25:31.414][INFO]: Modifying Attributes of: <item:apocalypsenow:taiga_1_survival_machete>.anyDamage()
[18:25:31.414][INFO]: Set the value of Max Damage on <item:apocalypsenow:taiga_1_survival_machete> to: '638'
[18:25:31.414][INFO]: Modifying Attributes of: <item:apocalypsenow:combat_survival_knife>.anyDamage()
[18:25:31.414][INFO]: Modifying Attributes of: <item:apocalypsenow:combat_survival_knife>.anyDamage()
[18:25:31.414][INFO]: Modifying Attributes of: <item:apocalypsenow:combat_survival_knife>.anyDamage()
[18:25:31.414][INFO]: Modifying Attributes of: <item:apocalypsenow:combat_survival_knife>.anyDamage()
[18:25:31.414][INFO]: Set the value of Max Damage on <item:apocalypsenow:combat_survival_knife> to: '452'
[18:25:31.414][INFO]: Modifying Attributes of: <item:apocalypsenow:combat_knife>.anyDamage()
[18:25:31.414][INFO]: Modifying Attributes of: <item:apocalypsenow:combat_knife>.anyDamage()
[18:25:31.414][INFO]: Modifying Attributes of: <item:apocalypsenow:combat_knife>.anyDamage()
[18:25:31.414][INFO]: Modifying Attributes of: <item:apocalypsenow:combat_knife>.anyDamage()
[18:25:31.414][INFO]: Set the value of Max Damage on <item:apocalypsenow:combat_knife> to: '687'
[18:25:31.414][INFO]: Modifying Attributes of: <item:apocalypsenow:kitchen_knife>.anyDamage()
[18:25:31.415][INFO]: Modifying Attributes of: <item:apocalypsenow:kitchen_knife>.anyDamage()
[18:25:31.415][INFO]: Modifying Attributes of: <item:apocalypsenow:kitchen_knife>.anyDamage()
[18:25:31.415][INFO]: Modifying Attributes of: <item:apocalypsenow:kitchen_knife>.anyDamage()
[18:25:31.415][INFO]: Set the value of Max Damage on <item:apocalypsenow:kitchen_knife> to: '345'
[18:25:31.415][INFO]: Modifying Attributes of: <item:apocalypsenow:mk_knife>.anyDamage()
[18:25:31.415][INFO]: Modifying Attributes of: <item:apocalypsenow:mk_knife>.anyDamage()
[18:25:31.415][INFO]: Modifying Attributes of: <item:apocalypsenow:mk_knife>.anyDamage()
[18:25:31.415][INFO]: Modifying Attributes of: <item:apocalypsenow:mk_knife>.anyDamage()
[18:25:31.415][INFO]: Set the value of Max Damage on <item:apocalypsenow:mk_knife> to: '333'
[18:25:31.415][INFO]: Modifying Attributes of: <item:apocalypsenow:knife>.anyDamage()
[18:25:31.415][INFO]: Modifying Attributes of: <item:apocalypsenow:knife>.anyDamage()
[18:25:31.415][INFO]: Modifying Attributes of: <item:apocalypsenow:knife>.anyDamage()
[18:25:31.415][INFO]: Modifying Attributes of: <item:apocalypsenow:knife>.anyDamage()
[18:25:31.415][INFO]: Set the value of Max Damage on <item:apocalypsenow:knife> to: '345'
[18:25:31.415][INFO]: Modifying Attributes of: <item:apocalypsenow:military_knife>.anyDamage()
[18:25:31.415][INFO]: Modifying Attributes of: <item:apocalypsenow:military_knife>.anyDamage()
[18:25:31.415][INFO]: Modifying Attributes of: <item:apocalypsenow:military_knife>.anyDamage()
[18:25:31.415][INFO]: Modifying Attributes of: <item:apocalypsenow:military_knife>.anyDamage()
[18:25:31.415][INFO]: Set the value of Max Damage on <item:apocalypsenow:military_knife> to: '895'
[18:25:31.415][INFO]: Modifying Attributes of: <item:apocalypsenow:hunting_knife>.anyDamage()
[18:25:31.415][INFO]: Modifying Attributes of: <item:apocalypsenow:hunting_knife>.anyDamage()
[18:25:31.415][INFO]: Modifying Attributes of: <item:apocalypsenow:hunting_knife>.anyDamage()
[18:25:31.415][INFO]: Modifying Attributes of: <item:apocalypsenow:hunting_knife>.anyDamage()
[18:25:31.415][INFO]: Set the value of Max Damage on <item:apocalypsenow:hunting_knife> to: '294'
[18:25:31.415][INFO]: Modifying Attributes of: <item:apocalypsenow:english_punch_knife>.anyDamage()
[18:25:31.416][INFO]: Modifying Attributes of: <item:apocalypsenow:english_punch_knife>.anyDamage()
[18:25:31.416][INFO]: Modifying Attributes of: <item:apocalypsenow:english_punch_knife>.anyDamage()
[18:25:31.416][INFO]: Modifying Attributes of: <item:apocalypsenow:english_punch_knife>.anyDamage()
[18:25:31.416][INFO]: Set the value of Max Damage on <item:apocalypsenow:english_punch_knife> to: '168'
[18:25:31.416][INFO]: Modifying Attributes of: <item:apocalypsenow:switch_knife>.anyDamage()
[18:25:31.416][INFO]: Modifying Attributes of: <item:apocalypsenow:switch_knife>.anyDamage()
[18:25:31.416][INFO]: Modifying Attributes of: <item:apocalypsenow:switch_knife>.anyDamage()
[18:25:31.416][INFO]: Modifying Attributes of: <item:apocalypsenow:switch_knife>.anyDamage()
[18:25:31.416][INFO]: Set the value of Max Damage on <item:apocalypsenow:switch_knife> to: '290'
[18:25:31.416][INFO]: Modifying Attributes of: <item:apocalypsenow:butterfly_knife>.anyDamage()
[18:25:31.416][INFO]: Modifying Attributes of: <item:apocalypsenow:butterfly_knife>.anyDamage()
[18:25:31.416][INFO]: Modifying Attributes of: <item:apocalypsenow:butterfly_knife>.anyDamage()
[18:25:31.416][INFO]: Modifying Attributes of: <item:apocalypsenow:butterfly_knife>.anyDamage()
[18:25:31.416][INFO]: Set the value of Max Damage on <item:apocalypsenow:butterfly_knife> to: '362'
[18:25:31.416][INFO]: Modifying Attributes of: <item:apocalypsenow:tactical_knife>.anyDamage()
[18:25:31.416][INFO]: Modifying Attributes of: <item:apocalypsenow:tactical_knife>.anyDamage()
[18:25:31.416][INFO]: Modifying Attributes of: <item:apocalypsenow:tactical_knife>.anyDamage()
[18:25:31.416][INFO]: Modifying Attributes of: <item:apocalypsenow:tactical_knife>.anyDamage()
[18:25:31.416][INFO]: Set the value of Max Damage on <item:apocalypsenow:tactical_knife> to: '1243'
[18:25:31.416][INFO]: Modifying Attributes of: <item:apocalypsenow:long_knife>.anyDamage()
[18:25:31.416][INFO]: Modifying Attributes of: <item:apocalypsenow:long_knife>.anyDamage()
[18:25:31.416][INFO]: Modifying Attributes of: <item:apocalypsenow:long_knife>.anyDamage()
[18:25:31.416][INFO]: Modifying Attributes of: <item:apocalypsenow:long_knife>.anyDamage()
[18:25:31.416][INFO]: Set the value of Max Damage on <item:apocalypsenow:long_knife> to: '267'
[18:25:31.416][INFO]: Modifying Attributes of: <item:apocalypsenow:throwableknife>.anyDamage()
[18:25:31.417][INFO]: Modifying Attributes of: <item:apocalypsenow:throwableknife>.anyDamage()
[18:25:31.417][INFO]: Modifying Attributes of: <item:apocalypsenow:throwableknife>.anyDamage()
[18:25:31.417][INFO]: Modifying Attributes of: <item:apocalypsenow:throwableknife>.anyDamage()
[18:25:31.417][INFO]: Set the value of Max Damage on <item:apocalypsenow:throwableknife> to: '30'
[18:25:31.417][INFO]: Modifying Attributes of: <item:apocalypsenow:bread_knife>.anyDamage()
[18:25:31.417][INFO]: Modifying Attributes of: <item:apocalypsenow:bread_knife>.anyDamage()
[18:25:31.417][INFO]: Modifying Attributes of: <item:apocalypsenow:bread_knife>.anyDamage()
[18:25:31.417][INFO]: Modifying Attributes of: <item:apocalypsenow:bread_knife>.anyDamage()
[18:25:31.417][INFO]: Set the value of Max Damage on <item:apocalypsenow:bread_knife> to: '123'
[18:25:31.417][INFO]: Modifying Attributes of: <item:apocalypsenow:chefs_knife>.anyDamage()
[18:25:31.417][INFO]: Modifying Attributes of: <item:apocalypsenow:chefs_knife>.anyDamage()
[18:25:31.417][INFO]: Modifying Attributes of: <item:apocalypsenow:chefs_knife>.anyDamage()
[18:25:31.417][INFO]: Modifying Attributes of: <item:apocalypsenow:chefs_knife>.anyDamage()
[18:25:31.417][INFO]: Set the value of Max Damage on <item:apocalypsenow:chefs_knife> to: '267'
[18:25:31.417][INFO]: Modifying Attributes of: <item:apocalypsenow:stilettoknife>.anyDamage()
[18:25:31.417][INFO]: Modifying Attributes of: <item:apocalypsenow:stilettoknife>.anyDamage()
[18:25:31.417][INFO]: Modifying Attributes of: <item:apocalypsenow:stilettoknife>.anyDamage()
[18:25:31.417][INFO]: Modifying Attributes of: <item:apocalypsenow:stilettoknife>.anyDamage()
[18:25:31.417][INFO]: Set the value of Max Damage on <item:apocalypsenow:stilettoknife> to: '456'
[18:25:31.417][INFO]: Modifying Attributes of: <item:apocalypsenow:cutter_knife>.anyDamage()
[18:25:31.417][INFO]: Modifying Attributes of: <item:apocalypsenow:cutter_knife>.anyDamage()
[18:25:31.417][INFO]: Modifying Attributes of: <item:apocalypsenow:cutter_knife>.anyDamage()
[18:25:31.417][INFO]: Modifying Attributes of: <item:apocalypsenow:cutter_knife>.anyDamage()
[18:25:31.417][INFO]: Set the value of Max Damage on <item:apocalypsenow:cutter_knife> to: '24'
[18:25:31.417][INFO]: Modifying Attributes of: <item:apocalypsenow:expedition_knife>.anyDamage()
[18:25:31.417][INFO]: Modifying Attributes of: <item:apocalypsenow:expedition_knife>.anyDamage()
[18:25:31.418][INFO]: Modifying Attributes of: <item:apocalypsenow:expedition_knife>.anyDamage()
[18:25:31.418][INFO]: Modifying Attributes of: <item:apocalypsenow:expedition_knife>.anyDamage()
[18:25:31.418][INFO]: Set the value of Max Damage on <item:apocalypsenow:expedition_knife> to: '594'
[18:25:31.418][INFO]: Modifying Attributes of: <item:apocalypsenow:premium_hammer>.anyDamage()
[18:25:31.418][INFO]: Modifying Attributes of: <item:apocalypsenow:premium_hammer>.anyDamage()
[18:25:31.418][INFO]: Modifying Attributes of: <item:apocalypsenow:premium_hammer>.anyDamage()
[18:25:31.418][INFO]: Modifying Attributes of: <item:apocalypsenow:premium_hammer>.anyDamage()
[18:25:31.418][INFO]: Set the value of Max Damage on <item:apocalypsenow:premium_hammer> to: '546'
[18:25:31.418][INFO]: Modifying Attributes of: <item:apocalypsenow:meat_hammer>.anyDamage()
[18:25:31.418][INFO]: Modifying Attributes of: <item:apocalypsenow:meat_hammer>.anyDamage()
[18:25:31.418][INFO]: Modifying Attributes of: <item:apocalypsenow:meat_hammer>.anyDamage()
[18:25:31.418][INFO]: Modifying Attributes of: <item:apocalypsenow:meat_hammer>.anyDamage()
[18:25:31.418][INFO]: Set the value of Max Damage on <item:apocalypsenow:meat_hammer> to: '474'
[18:25:31.418][INFO]: Modifying Attributes of: <item:apocalypsenow:improvised_hammer>.anyDamage()
[18:25:31.418][INFO]: Modifying Attributes of: <item:apocalypsenow:improvised_hammer>.anyDamage()
[18:25:31.418][INFO]: Modifying Attributes of: <item:apocalypsenow:improvised_hammer>.anyDamage()
[18:25:31.418][INFO]: Modifying Attributes of: <item:apocalypsenow:improvised_hammer>.anyDamage()
[18:25:31.418][INFO]: Set the value of Max Damage on <item:apocalypsenow:improvised_hammer> to: '256'
[18:25:31.418][INFO]: Modifying Attributes of: <item:apocalypsenow:ballpeen_hammer>.anyDamage()
[18:25:31.418][INFO]: Modifying Attributes of: <item:apocalypsenow:ballpeen_hammer>.anyDamage()
[18:25:31.418][INFO]: Modifying Attributes of: <item:apocalypsenow:ballpeen_hammer>.anyDamage()
[18:25:31.418][INFO]: Modifying Attributes of: <item:apocalypsenow:ballpeen_hammer>.anyDamage()
[18:25:31.418][INFO]: Set the value of Max Damage on <item:apocalypsenow:ballpeen_hammer> to: '789'
[18:25:31.418][INFO]: Modifying Attributes of: <item:apocalypsenow:rubber_hammer>.anyDamage()
[18:25:31.419][INFO]: Modifying Attributes of: <item:apocalypsenow:rubber_hammer>.anyDamage()
[18:25:31.419][INFO]: Modifying Attributes of: <item:apocalypsenow:rubber_hammer>.anyDamage()
[18:25:31.419][INFO]: Modifying Attributes of: <item:apocalypsenow:rubber_hammer>.anyDamage()
[18:25:31.419][INFO]: Set the value of Max Damage on <item:apocalypsenow:rubber_hammer> to: '199'
[18:25:31.419][INFO]: Modifying Attributes of: <item:apocalypsenow:scissors>.anyDamage()
[18:25:31.419][INFO]: Modifying Attributes of: <item:apocalypsenow:scissors>.anyDamage()
[18:25:31.419][INFO]: Modifying Attributes of: <item:apocalypsenow:scissors>.anyDamage()
[18:25:31.419][INFO]: Modifying Attributes of: <item:apocalypsenow:scissors>.anyDamage()
[18:25:31.419][INFO]: Set the value of Max Damage on <item:apocalypsenow:scissors> to: '89'
[18:25:31.419][INFO]: Modifying Attributes of: <item:apocalypsenow:scissorst>.anyDamage()
[18:25:31.419][INFO]: Modifying Attributes of: <item:apocalypsenow:scissorst>.anyDamage()
[18:25:31.419][INFO]: Modifying Attributes of: <item:apocalypsenow:scissorst>.anyDamage()
[18:25:31.419][INFO]: Modifying Attributes of: <item:apocalypsenow:scissorst>.anyDamage()
[18:25:31.419][INFO]: Set the value of Max Damage on <item:apocalypsenow:scissorst> to: '254'
[18:25:31.419][INFO]: Modifying Attributes of: <item:apocalypsenow:crowbar>.anyDamage()
[18:25:31.419][INFO]: Modifying Attributes of: <item:apocalypsenow:crowbar>.anyDamage()
[18:25:31.419][INFO]: Modifying Attributes of: <item:apocalypsenow:crowbar>.anyDamage()
[18:25:31.419][INFO]: Modifying Attributes of: <item:apocalypsenow:crowbar>.anyDamage()
[18:25:31.419][INFO]: Set the value of Max Damage on <item:apocalypsenow:crowbar> to: '781'
[18:25:31.419][INFO]: Modifying Attributes of: <item:apocalypsenow:red_crowbar>.anyDamage()
[18:25:31.419][INFO]: Modifying Attributes of: <item:apocalypsenow:red_crowbar>.anyDamage()
[18:25:31.419][INFO]: Modifying Attributes of: <item:apocalypsenow:red_crowbar>.anyDamage()
[18:25:31.419][INFO]: Modifying Attributes of: <item:apocalypsenow:red_crowbar>.anyDamage()
[18:25:31.419][INFO]: Set the value of Max Damage on <item:apocalypsenow:red_crowbar> to: '781'
[18:25:31.419][INFO]: Modifying Attributes of: <item:apocalypsenow:road_sign>.anyDamage()
[18:25:31.420][INFO]: Modifying Attributes of: <item:apocalypsenow:road_sign>.anyDamage()
[18:25:31.420][INFO]: Modifying Attributes of: <item:apocalypsenow:road_sign>.anyDamage()
[18:25:31.420][INFO]: Modifying Attributes of: <item:apocalypsenow:road_sign>.anyDamage()
[18:25:31.420][INFO]: Set the value of Max Damage on <item:apocalypsenow:road_sign> to: '416'
[18:25:31.420][INFO]: Modifying Attributes of: <item:apocalypsenow:saw_pole>.anyDamage()
[18:25:31.420][INFO]: Modifying Attributes of: <item:apocalypsenow:saw_pole>.anyDamage()
[18:25:31.420][INFO]: Modifying Attributes of: <item:apocalypsenow:saw_pole>.anyDamage()
[18:25:31.420][INFO]: Modifying Attributes of: <item:apocalypsenow:saw_pole>.anyDamage()
[18:25:31.420][INFO]: Set the value of Max Damage on <item:apocalypsenow:saw_pole> to: '423'
[18:25:31.420][INFO]: Modifying Attributes of: <item:apocalypsenow:katana>.anyDamage()
[18:25:31.420][INFO]: Modifying Attributes of: <item:apocalypsenow:katana>.anyDamage()
[18:25:31.420][INFO]: Modifying Attributes of: <item:apocalypsenow:katana>.anyDamage()
[18:25:31.420][INFO]: Modifying Attributes of: <item:apocalypsenow:katana>.anyDamage()
[18:25:31.420][INFO]: Set the value of Max Damage on <item:apocalypsenow:katana> to: '2451'
[18:25:31.420][INFO]: Modifying Attributes of: <item:apocalypsenow:hookey_stick>.anyDamage()
[18:25:31.420][INFO]: Modifying Attributes of: <item:apocalypsenow:hookey_stick>.anyDamage()
[18:25:31.420][INFO]: Modifying Attributes of: <item:apocalypsenow:hookey_stick>.anyDamage()
[18:25:31.420][INFO]: Modifying Attributes of: <item:apocalypsenow:hookey_stick>.anyDamage()
[18:25:31.420][INFO]: Set the value of Max Damage on <item:apocalypsenow:hookey_stick> to: '256'
[18:25:31.420][INFO]: Modifying Attributes of: <item:apocalypsenow:golf_stick>.anyDamage()
[18:25:31.420][INFO]: Modifying Attributes of: <item:apocalypsenow:golf_stick>.anyDamage()
[18:25:31.420][INFO]: Modifying Attributes of: <item:apocalypsenow:golf_stick>.anyDamage()
[18:25:31.420][INFO]: Modifying Attributes of: <item:apocalypsenow:golf_stick>.anyDamage()
[18:25:31.420][INFO]: Set the value of Max Damage on <item:apocalypsenow:golf_stick> to: '488'
[18:25:31.420][INFO]: Modifying Attributes of: <item:apocalypsenow:cleaver>.anyDamage()
[18:25:31.421][INFO]: Modifying Attributes of: <item:apocalypsenow:cleaver>.anyDamage()
[18:25:31.421][INFO]: Modifying Attributes of: <item:apocalypsenow:cleaver>.anyDamage()
[18:25:31.421][INFO]: Modifying Attributes of: <item:apocalypsenow:cleaver>.anyDamage()
[18:25:31.421][INFO]: Set the value of Max Damage on <item:apocalypsenow:cleaver> to: '267'
[18:25:31.421][INFO]: Modifying Attributes of: <item:apocalypsenow:pan>.anyDamage()
[18:25:31.421][INFO]: Modifying Attributes of: <item:apocalypsenow:pan>.anyDamage()
[18:25:31.421][INFO]: Modifying Attributes of: <item:apocalypsenow:pan>.anyDamage()
[18:25:31.421][INFO]: Modifying Attributes of: <item:apocalypsenow:pan>.anyDamage()
[18:25:31.421][INFO]: Set the value of Max Damage on <item:apocalypsenow:pan> to: '730'
[18:25:31.421][INFO]: Modifying Attributes of: <item:apocalypsenow:pipe_wrench>.anyDamage()
[18:25:31.421][INFO]: Modifying Attributes of: <item:apocalypsenow:pipe_wrench>.anyDamage()
[18:25:31.421][INFO]: Modifying Attributes of: <item:apocalypsenow:pipe_wrench>.anyDamage()
[18:25:31.421][INFO]: Modifying Attributes of: <item:apocalypsenow:pipe_wrench>.anyDamage()
[18:25:31.421][INFO]: Set the value of Max Damage on <item:apocalypsenow:pipe_wrench> to: '820'
[18:25:31.421][INFO]: Modifying Attributes of: <item:apocalypsenow:mace>.anyDamage()
[18:25:31.421][INFO]: Modifying Attributes of: <item:apocalypsenow:mace>.anyDamage()
[18:25:31.421][INFO]: Modifying Attributes of: <item:apocalypsenow:mace>.anyDamage()
[18:25:31.421][INFO]: Modifying Attributes of: <item:apocalypsenow:mace>.anyDamage()
[18:25:31.421][INFO]: Set the value of Max Damage on <item:apocalypsenow:mace> to: '645'
[18:25:31.421][INFO]: Modifying Attributes of: <item:apocalypsenow:tatical_mace>.anyDamage()
[18:25:31.421][INFO]: Modifying Attributes of: <item:apocalypsenow:tatical_mace>.anyDamage()
[18:25:31.421][INFO]: Modifying Attributes of: <item:apocalypsenow:tatical_mace>.anyDamage()
[18:25:31.421][INFO]: Modifying Attributes of: <item:apocalypsenow:tatical_mace>.anyDamage()
[18:25:31.421][INFO]: Set the value of Max Damage on <item:apocalypsenow:tatical_mace> to: '1364'
[18:25:31.422][INFO]: Modifying Attributes of: <item:apocalypsenow:electrical_tactical_mace>.anyDamage()
[18:25:31.422][INFO]: Modifying Attributes of: <item:apocalypsenow:electrical_tactical_mace>.anyDamage()
[18:25:31.422][INFO]: Modifying Attributes of: <item:apocalypsenow:electrical_tactical_mace>.anyDamage()
[18:25:31.422][INFO]: Modifying Attributes of: <item:apocalypsenow:electrical_tactical_mace>.anyDamage()
[18:25:31.422][INFO]: Set the value of Max Damage on <item:apocalypsenow:electrical_tactical_mace> to: '1450'
[18:25:31.422][INFO]: Modifying Attributes of: <item:apocalypsenow:dagger>.anyDamage()
[18:25:31.422][INFO]: Modifying Attributes of: <item:apocalypsenow:dagger>.anyDamage()
[18:25:31.422][INFO]: Modifying Attributes of: <item:apocalypsenow:dagger>.anyDamage()
[18:25:31.422][INFO]: Modifying Attributes of: <item:apocalypsenow:dagger>.anyDamage()
[18:25:31.422][INFO]: Set the value of Max Damage on <item:apocalypsenow:dagger> to: '789'
[18:25:31.422][INFO]: Modifying Attributes of: <item:apocalypsenow:club>.anyDamage()
[18:25:31.422][INFO]: Modifying Attributes of: <item:apocalypsenow:club>.anyDamage()
[18:25:31.422][INFO]: Modifying Attributes of: <item:apocalypsenow:club>.anyDamage()
[18:25:31.422][INFO]: Modifying Attributes of: <item:apocalypsenow:club>.anyDamage()
[18:25:31.422][INFO]: Set the value of Max Damage on <item:apocalypsenow:club> to: '235'
[18:25:31.422][INFO]: Modifying Attributes of: <item:apocalypsenow:electric_club>.anyDamage()
[18:25:31.422][INFO]: Modifying Attributes of: <item:apocalypsenow:electric_club>.anyDamage()
[18:25:31.422][INFO]: Modifying Attributes of: <item:apocalypsenow:electric_club>.anyDamage()
[18:25:31.422][INFO]: Modifying Attributes of: <item:apocalypsenow:electric_club>.anyDamage()
[18:25:31.422][INFO]: Set the value of Max Damage on <item:apocalypsenow:electric_club> to: '285'
[18:25:31.422][INFO]: Modifying Attributes of: <item:apocalypsenow:sai>.anyDamage()
[18:25:31.422][INFO]: Modifying Attributes of: <item:apocalypsenow:sai>.anyDamage()
[18:25:31.422][INFO]: Modifying Attributes of: <item:apocalypsenow:sai>.anyDamage()
[18:25:31.422][INFO]: Modifying Attributes of: <item:apocalypsenow:sai>.anyDamage()
[18:25:31.422][INFO]: Set the value of Max Damage on <item:apocalypsenow:sai> to: '426'
[18:25:31.422][INFO]: Modifying Attributes of: <item:apocalypsenow:letter_opener>.anyDamage()
[18:25:31.423][INFO]: Modifying Attributes of: <item:apocalypsenow:letter_opener>.anyDamage()
[18:25:31.423][INFO]: Modifying Attributes of: <item:apocalypsenow:letter_opener>.anyDamage()
[18:25:31.423][INFO]: Modifying Attributes of: <item:apocalypsenow:letter_opener>.anyDamage()
[18:25:31.423][INFO]: Set the value of Max Damage on <item:apocalypsenow:letter_opener> to: '149'
[18:25:31.423][INFO]: Modifying Attributes of: <item:apocalypsenow:gardening_scissors>.anyDamage()
[18:25:31.423][INFO]: Modifying Attributes of: <item:apocalypsenow:gardening_scissors>.anyDamage()
[18:25:31.423][INFO]: Modifying Attributes of: <item:apocalypsenow:gardening_scissors>.anyDamage()
[18:25:31.423][INFO]: Modifying Attributes of: <item:apocalypsenow:gardening_scissors>.anyDamage()
[18:25:31.423][INFO]: Set the value of Max Damage on <item:apocalypsenow:gardening_scissors> to: '149'
[18:25:31.423][INFO]: Modifying Attributes of: <item:apocalypsenow:shiv>.anyDamage()
[18:25:31.423][INFO]: Modifying Attributes of: <item:apocalypsenow:shiv>.anyDamage()
[18:25:31.423][INFO]: Modifying Attributes of: <item:apocalypsenow:shiv>.anyDamage()
[18:25:31.423][INFO]: Modifying Attributes of: <item:apocalypsenow:shiv>.anyDamage()
[18:25:31.423][INFO]: Set the value of Max Damage on <item:apocalypsenow:shiv> to: '118'
[18:25:31.423][INFO]: Modifying Attributes of: <item:apocalypsenow:plunger>.anyDamage()
[18:25:31.423][INFO]: Modifying Attributes of: <item:apocalypsenow:plunger>.anyDamage()
[18:25:31.423][INFO]: Modifying Attributes of: <item:apocalypsenow:plunger>.anyDamage()
[18:25:31.423][INFO]: Modifying Attributes of: <item:apocalypsenow:plunger>.anyDamage()
[18:25:31.423][INFO]: Set the value of Max Damage on <item:apocalypsenow:plunger> to: '61'
[18:25:31.423][INFO]: Modifying Attributes of: <item:apocalypsenow:icepick>.anyDamage()
[18:25:31.423][INFO]: Modifying Attributes of: <item:apocalypsenow:icepick>.anyDamage()
[18:25:31.423][INFO]: Modifying Attributes of: <item:apocalypsenow:icepick>.anyDamage()
[18:25:31.423][INFO]: Modifying Attributes of: <item:apocalypsenow:icepick>.anyDamage()
[18:25:31.423][INFO]: Set the value of Max Damage on <item:apocalypsenow:icepick> to: '118'
[18:25:31.423][INFO]: Modifying Attributes of: <item:apocalypsenow:scalpel>.anyDamage()
[18:25:31.424][INFO]: Modifying Attributes of: <item:apocalypsenow:scalpel>.anyDamage()
[18:25:31.424][INFO]: Modifying Attributes of: <item:apocalypsenow:scalpel>.anyDamage()
[18:25:31.424][INFO]: Modifying Attributes of: <item:apocalypsenow:scalpel>.anyDamage()
[18:25:31.424][INFO]: Set the value of Max Damage on <item:apocalypsenow:scalpel> to: '160'
[18:25:31.424][INFO]: Modifying Attributes of: <item:apocalypsenow:karambit>.anyDamage()
[18:25:31.424][INFO]: Modifying Attributes of: <item:apocalypsenow:karambit>.anyDamage()
[18:25:31.424][INFO]: Modifying Attributes of: <item:apocalypsenow:karambit>.anyDamage()
[18:25:31.424][INFO]: Modifying Attributes of: <item:apocalypsenow:karambit>.anyDamage()
[18:25:31.424][INFO]: Set the value of Max Damage on <item:apocalypsenow:karambit> to: '484'
[18:25:31.424][INFO]: Modifying Attributes of: <item:apocalypsenow:woddenspear>.anyDamage()
[18:25:31.424][INFO]: Modifying Attributes of: <item:apocalypsenow:woddenspear>.anyDamage()
[18:25:31.424][INFO]: Modifying Attributes of: <item:apocalypsenow:woddenspear>.anyDamage()
[18:25:31.424][INFO]: Modifying Attributes of: <item:apocalypsenow:woddenspear>.anyDamage()
[18:25:31.424][INFO]: Set the value of Max Damage on <item:apocalypsenow:woddenspear> to: '42'
[18:25:31.424][INFO]: Modifying Attributes of: <item:apocalypsenow:gardening_spade>.anyDamage()
[18:25:31.424][INFO]: Modifying Attributes of: <item:apocalypsenow:gardening_spade>.anyDamage()
[18:25:31.424][INFO]: Modifying Attributes of: <item:apocalypsenow:gardening_spade>.anyDamage()
[18:25:31.424][INFO]: Modifying Attributes of: <item:apocalypsenow:gardening_spade>.anyDamage()
[18:25:31.424][INFO]: Set the value of Max Damage on <item:apocalypsenow:gardening_spade> to: '49'
[18:25:31.424][INFO]: Modifying Attributes of: <item:apocalypsenow:rolling_pin>.anyDamage()
[18:25:31.424][INFO]: Modifying Attributes of: <item:apocalypsenow:rolling_pin>.anyDamage()
[18:25:31.424][INFO]: Modifying Attributes of: <item:apocalypsenow:rolling_pin>.anyDamage()
[18:25:31.424][INFO]: Modifying Attributes of: <item:apocalypsenow:rolling_pin>.anyDamage()
[18:25:31.424][INFO]: Set the value of Max Damage on <item:apocalypsenow:rolling_pin> to: '124'
[18:25:31.424][INFO]: Modifying Attributes of: <item:apocalypsenow:knife_spear>.anyDamage()
[18:25:31.425][INFO]: Modifying Attributes of: <item:apocalypsenow:knife_spear>.anyDamage()
[18:25:31.425][INFO]: Modifying Attributes of: <item:apocalypsenow:knife_spear>.anyDamage()
[18:25:31.425][INFO]: Modifying Attributes of: <item:apocalypsenow:knife_spear>.anyDamage()
[18:25:31.425][INFO]: Set the value of Max Damage on <item:apocalypsenow:knife_spear> to: '89'
[18:25:31.425][INFO]: Modifying Attributes of: <item:apocalypsenow:tennis_racket>.anyDamage()
[18:25:31.425][INFO]: Modifying Attributes of: <item:apocalypsenow:tennis_racket>.anyDamage()
[18:25:31.425][INFO]: Modifying Attributes of: <item:apocalypsenow:tennis_racket>.anyDamage()
[18:25:31.425][INFO]: Modifying Attributes of: <item:apocalypsenow:tennis_racket>.anyDamage()
[18:25:31.425][INFO]: Set the value of Max Damage on <item:apocalypsenow:tennis_racket> to: '124'
[18:25:31.425][INFO]: Modifying Attributes of: <item:apocalypsenow:snow_shovel>.anyDamage()
[18:25:31.425][INFO]: Modifying Attributes of: <item:apocalypsenow:snow_shovel>.anyDamage()
[18:25:31.425][INFO]: Modifying Attributes of: <item:apocalypsenow:snow_shovel>.anyDamage()
[18:25:31.425][INFO]: Modifying Attributes of: <item:apocalypsenow:snow_shovel>.anyDamage()
[18:25:31.425][INFO]: Set the value of Max Damage on <item:apocalypsenow:snow_shovel> to: '641'
[18:25:31.425][INFO]: Modifying Attributes of: <item:apocalypsenow:black_cleaver>.anyDamage()
[18:25:31.425][INFO]: Modifying Attributes of: <item:apocalypsenow:black_cleaver>.anyDamage()
[18:25:31.425][INFO]: Modifying Attributes of: <item:apocalypsenow:black_cleaver>.anyDamage()
[18:25:31.425][INFO]: Modifying Attributes of: <item:apocalypsenow:black_cleaver>.anyDamage()
[18:25:31.425][INFO]: Set the value of Max Damage on <item:apocalypsenow:black_cleaver> to: '313'
[18:25:31.425][INFO]: Modifying Attributes of: <item:apocalypsenow:garden_fork>.anyDamage()
[18:25:31.425][INFO]: Modifying Attributes of: <item:apocalypsenow:garden_fork>.anyDamage()
[18:25:31.425][INFO]: Modifying Attributes of: <item:apocalypsenow:garden_fork>.anyDamage()
[18:25:31.425][INFO]: Modifying Attributes of: <item:apocalypsenow:garden_fork>.anyDamage()
[18:25:31.425][INFO]: Set the value of Max Damage on <item:apocalypsenow:garden_fork> to: '343'
[18:25:31.425][INFO]: Modifying Attributes of: <item:apocalypsenow:dumbbell>.anyDamage()
[18:25:31.426][INFO]: Modifying Attributes of: <item:apocalypsenow:dumbbell>.anyDamage()
[18:25:31.426][INFO]: Modifying Attributes of: <item:apocalypsenow:dumbbell>.anyDamage()
[18:25:31.426][INFO]: Modifying Attributes of: <item:apocalypsenow:dumbbell>.anyDamage()
[18:25:31.426][INFO]: Set the value of Max Damage on <item:apocalypsenow:dumbbell> to: '656'
[18:25:31.426][INFO]: Modifying Attributes of: <item:apocalypsenow:bayonet>.anyDamage()
[18:25:31.426][INFO]: Modifying Attributes of: <item:apocalypsenow:bayonet>.anyDamage()
[18:25:31.426][INFO]: Modifying Attributes of: <item:apocalypsenow:bayonet>.anyDamage()
[18:25:31.426][INFO]: Modifying Attributes of: <item:apocalypsenow:bayonet>.anyDamage()
[18:25:31.426][INFO]: Set the value of Max Damage on <item:apocalypsenow:bayonet> to: '451'
[18:25:31.426][INFO]: Modifying Attributes of: <item:apocalypsenow:razor>.anyDamage()
[18:25:31.426][INFO]: Modifying Attributes of: <item:apocalypsenow:razor>.anyDamage()
[18:25:31.426][INFO]: Modifying Attributes of: <item:apocalypsenow:razor>.anyDamage()
[18:25:31.426][INFO]: Modifying Attributes of: <item:apocalypsenow:razor>.anyDamage()
[18:25:31.426][INFO]: Set the value of Max Damage on <item:apocalypsenow:razor> to: '198'
[18:25:31.426][INFO]: Modifying Attributes of: <item:apocalypsenow:stun_baton>.anyDamage()
[18:25:31.426][INFO]: Modifying Attributes of: <item:apocalypsenow:stun_baton>.anyDamage()
[18:25:31.426][INFO]: Modifying Attributes of: <item:apocalypsenow:stun_baton>.anyDamage()
[18:25:31.426][INFO]: Modifying Attributes of: <item:apocalypsenow:stun_baton>.anyDamage()
[18:25:31.426][INFO]: Set the value of Max Damage on <item:apocalypsenow:stun_baton> to: '715'
[18:25:31.426][INFO]: Modifying Attributes of: <item:apocalypsenow:tactical_sword>.anyDamage()
[18:25:31.426][INFO]: Modifying Attributes of: <item:apocalypsenow:tactical_sword>.anyDamage()
[18:25:31.426][INFO]: Modifying Attributes of: <item:apocalypsenow:tactical_sword>.anyDamage()
[18:25:31.426][INFO]: Modifying Attributes of: <item:apocalypsenow:tactical_sword>.anyDamage()
[18:25:31.426][INFO]: Set the value of Max Damage on <item:apocalypsenow:tactical_sword> to: '2451'
[18:25:31.426][INFO]: Modifying Attributes of: <item:apocalypsenow:military_shovel>.anyDamage()
[18:25:31.427][INFO]: Modifying Attributes of: <item:apocalypsenow:military_shovel>.anyDamage()
[18:25:31.427][INFO]: Modifying Attributes of: <item:apocalypsenow:military_shovel>.anyDamage()
[18:25:31.427][INFO]: Modifying Attributes of: <item:apocalypsenow:military_shovel>.anyDamage()
[18:25:31.427][INFO]: Set the value of Max Damage on <item:apocalypsenow:military_shovel> to: '2451'
[18:25:31.427][INFO]: Modifying Attributes of: <item:apocalypsenow:construction_shovel>.anyDamage()
[18:25:31.427][INFO]: Modifying Attributes of: <item:apocalypsenow:construction_shovel>.anyDamage()
[18:25:31.427][INFO]: Modifying Attributes of: <item:apocalypsenow:construction_shovel>.anyDamage()
[18:25:31.427][INFO]: Modifying Attributes of: <item:apocalypsenow:construction_shovel>.anyDamage()
[18:25:31.427][INFO]: Set the value of Max Damage on <item:apocalypsenow:construction_shovel> to: '798'
[18:25:31.427][INFO]: Modifying Attributes of: <item:minecraft:wooden_shovel>.anyDamage()
[18:25:31.427][INFO]: Modifying Attributes of: <item:minecraft:wooden_shovel>.anyDamage()
[18:25:31.427][INFO]: Modifying Attributes of: <item:minecraft:wooden_shovel>.anyDamage()
[18:25:31.427][INFO]: Modifying Attributes of: <item:minecraft:wooden_shovel>.anyDamage()
[18:25:31.427][INFO]: Set the value of Max Damage on <item:minecraft:wooden_shovel> to: '59'
[18:25:31.427][INFO]: Modifying Attributes of: <item:minecraft:stone_shovel>.anyDamage()
[18:25:31.427][INFO]: Modifying Attributes of: <item:minecraft:stone_shovel>.anyDamage()
[18:25:31.427][INFO]: Modifying Attributes of: <item:minecraft:stone_shovel>.anyDamage()
[18:25:31.427][INFO]: Modifying Attributes of: <item:minecraft:stone_shovel>.anyDamage()
[18:25:31.427][INFO]: Set the value of Max Damage on <item:minecraft:stone_shovel> to: '131'
[18:25:31.427][INFO]: Modifying Attributes of: <item:minecraft:iron_shovel>.anyDamage()
[18:25:31.427][INFO]: Modifying Attributes of: <item:minecraft:iron_shovel>.anyDamage()
[18:25:31.427][INFO]: Modifying Attributes of: <item:minecraft:iron_shovel>.anyDamage()
[18:25:31.427][INFO]: Modifying Attributes of: <item:minecraft:iron_shovel>.anyDamage()
[18:25:31.427][INFO]: Set the value of Max Damage on <item:minecraft:iron_shovel> to: '250'
[18:25:31.427][INFO]: Modifying Attributes of: <item:minecraft:diamond_shovel>.anyDamage()
[18:25:31.428][INFO]: Modifying Attributes of: <item:minecraft:diamond_shovel>.anyDamage()
[18:25:31.428][INFO]: Modifying Attributes of: <item:minecraft:diamond_shovel>.anyDamage()
[18:25:31.428][INFO]: Modifying Attributes of: <item:minecraft:diamond_shovel>.anyDamage()
[18:25:31.428][INFO]: Set the value of Max Damage on <item:minecraft:diamond_shovel> to: '1561'
[18:25:31.428][INFO]: Modifying Attributes of: <item:minecraft:netherite_shovel>.anyDamage()
[18:25:31.428][INFO]: Modifying Attributes of: <item:minecraft:netherite_shovel>.anyDamage()
[18:25:31.428][INFO]: Modifying Attributes of: <item:minecraft:netherite_shovel>.anyDamage()
[18:25:31.428][INFO]: Modifying Attributes of: <item:minecraft:netherite_shovel>.anyDamage()
[18:25:31.428][INFO]: Set the value of Max Damage on <item:minecraft:netherite_shovel> to: '2031'
[18:25:31.428][INFO]: Modifying Attributes of: <item:create_sa:brass_shovel>.anyDamage()
[18:25:31.428][INFO]: Modifying Attributes of: <item:create_sa:brass_shovel>.anyDamage()
[18:25:31.428][INFO]: Modifying Attributes of: <item:create_sa:brass_shovel>.anyDamage()
[18:25:31.428][INFO]: Modifying Attributes of: <item:create_sa:brass_shovel>.anyDamage()
[18:25:31.428][INFO]: Set the value of Max Damage on <item:create_sa:brass_shovel> to: '450'
[18:25:31.428][INFO]: Modifying Attributes of: <item:create_sa:copper_shovel>.anyDamage()
[18:25:31.428][INFO]: Modifying Attributes of: <item:create_sa:copper_shovel>.anyDamage()
[18:25:31.428][INFO]: Modifying Attributes of: <item:create_sa:copper_shovel>.anyDamage()
[18:25:31.428][INFO]: Modifying Attributes of: <item:create_sa:copper_shovel>.anyDamage()
[18:25:31.428][INFO]: Set the value of Max Damage on <item:create_sa:copper_shovel> to: '164'
[18:25:31.428][INFO]: Modifying Attributes of: <item:create_sa:zinc_shovel>.anyDamage()
[18:25:31.428][INFO]: Modifying Attributes of: <item:create_sa:zinc_shovel>.anyDamage()
[18:25:31.428][INFO]: Modifying Attributes of: <item:create_sa:zinc_shovel>.anyDamage()
[18:25:31.428][INFO]: Modifying Attributes of: <item:create_sa:zinc_shovel>.anyDamage()
[18:25:31.428][INFO]: Set the value of Max Damage on <item:create_sa:zinc_shovel> to: '243'
[18:25:31.429][INFO]: Modifying Attributes of: <item:create_sa:rose_quartz_shovel>.anyDamage()
[18:25:31.429][INFO]: Modifying Attributes of: <item:create_sa:rose_quartz_shovel>.anyDamage()
[18:25:31.429][INFO]: Modifying Attributes of: <item:create_sa:rose_quartz_shovel>.anyDamage()
[18:25:31.429][INFO]: Modifying Attributes of: <item:create_sa:rose_quartz_shovel>.anyDamage()
[18:25:31.429][INFO]: Set the value of Max Damage on <item:create_sa:rose_quartz_shovel> to: '1644'
[18:25:31.429][INFO]: Modifying Attributes of: <item:create_sa:blazing_shovel>.anyDamage()
[18:25:31.429][INFO]: Modifying Attributes of: <item:create_sa:blazing_shovel>.anyDamage()
[18:25:31.429][INFO]: Modifying Attributes of: <item:create_sa:blazing_shovel>.anyDamage()
[18:25:31.429][INFO]: Modifying Attributes of: <item:create_sa:blazing_shovel>.anyDamage()
[18:25:31.429][INFO]: Set the value of Max Damage on <item:create_sa:blazing_shovel> to: '450'
[18:25:31.429][INFO]: Modifying Attributes of: <item:minecraft:diamond_sword>.anyDamage()
[18:25:31.429][INFO]: Modifying Attributes of: <item:minecraft:diamond_sword>.anyDamage()
[18:25:31.429][INFO]: Modifying Attributes of: <item:minecraft:diamond_sword>.anyDamage()
[18:25:31.429][INFO]: Modifying Attributes of: <item:minecraft:diamond_sword>.anyDamage()
[18:25:31.429][INFO]: Set the value of Max Damage on <item:minecraft:diamond_sword> to: '1561'
[18:25:31.429][INFO]: Modifying Attributes of: <item:minecraft:netherite_sword>.anyDamage()
[18:25:31.429][INFO]: Modifying Attributes of: <item:minecraft:netherite_sword>.anyDamage()
[18:25:31.429][INFO]: Modifying Attributes of: <item:minecraft:netherite_sword>.anyDamage()
[18:25:31.429][INFO]: Modifying Attributes of: <item:minecraft:netherite_sword>.anyDamage()
[18:25:31.429][INFO]: Set the value of Max Damage on <item:minecraft:netherite_sword> to: '2031'
[18:25:31.429][INFO]: Modifying Attributes of: <item:create_sa:brass_sword>.anyDamage()
[18:25:31.429][INFO]: Modifying Attributes of: <item:create_sa:brass_sword>.anyDamage()
[18:25:31.430][INFO]: Modifying Attributes of: <item:create_sa:brass_sword>.anyDamage()
[18:25:31.430][INFO]: Modifying Attributes of: <item:create_sa:brass_sword>.anyDamage()
[18:25:31.430][INFO]: Set the value of Max Damage on <item:create_sa:brass_sword> to: '450'
[18:25:31.430][INFO]: Modifying Attributes of: <item:create_sa:copper_sword>.anyDamage()
[18:25:31.430][INFO]: Modifying Attributes of: <item:create_sa:copper_sword>.anyDamage()
[18:25:31.430][INFO]: Modifying Attributes of: <item:create_sa:copper_sword>.anyDamage()
[18:25:31.430][INFO]: Modifying Attributes of: <item:create_sa:copper_sword>.anyDamage()
[18:25:31.430][INFO]: Set the value of Max Damage on <item:create_sa:copper_sword> to: '131'
[18:25:31.430][INFO]: Modifying Attributes of: <item:create_sa:zinc_shovel>.anyDamage()
[18:25:31.430][INFO]: Modifying Attributes of: <item:create_sa:zinc_shovel>.anyDamage()
[18:25:31.430][INFO]: Modifying Attributes of: <item:create_sa:zinc_shovel>.anyDamage()
[18:25:31.430][INFO]: Modifying Attributes of: <item:create_sa:zinc_shovel>.anyDamage()
[18:25:31.430][INFO]: Set the value of Max Damage on <item:create_sa:zinc_shovel> to: '250'
[18:25:31.430][INFO]: Modifying Attributes of: <item:create_sa:rose_quartz_sword>.anyDamage()
[18:25:31.430][INFO]: Modifying Attributes of: <item:create_sa:rose_quartz_sword>.anyDamage()
[18:25:31.430][INFO]: Modifying Attributes of: <item:create_sa:rose_quartz_sword>.anyDamage()
[18:25:31.430][INFO]: Modifying Attributes of: <item:create_sa:rose_quartz_sword>.anyDamage()
[18:25:31.430][INFO]: Set the value of Max Damage on <item:create_sa:rose_quartz_sword> to: '1644'
[18:25:31.430][INFO]: Modifying Attributes of: <item:minecraft:stone_axe>.anyDamage()
[18:25:31.430][INFO]: Modifying Attributes of: <item:minecraft:stone_axe>.anyDamage()
[18:25:31.430][INFO]: Modifying Attributes of: <item:minecraft:stone_axe>.anyDamage()
[18:25:31.430][INFO]: Modifying Attributes of: <item:minecraft:stone_axe>.anyDamage()
[18:25:31.430][INFO]: Set the value of Max Damage on <item:minecraft:stone_axe> to: '131'
[18:25:31.430][INFO]: Modifying Attributes of: <item:minecraft:iron_axe>.anyDamage()
[18:25:31.430][INFO]: Modifying Attributes of: <item:minecraft:iron_axe>.anyDamage()
[18:25:31.431][INFO]: Modifying Attributes of: <item:minecraft:iron_axe>.anyDamage()
[18:25:31.431][INFO]: Modifying Attributes of: <item:minecraft:iron_axe>.anyDamage()
[18:25:31.431][INFO]: Set the value of Max Damage on <item:minecraft:iron_axe> to: '250'
[18:25:31.431][INFO]: Modifying Attributes of: <item:minecraft:diamond_axe>.anyDamage()
[18:25:31.431][INFO]: Modifying Attributes of: <item:minecraft:diamond_axe>.anyDamage()
[18:25:31.431][INFO]: Modifying Attributes of: <item:minecraft:diamond_axe>.anyDamage()
[18:25:31.431][INFO]: Modifying Attributes of: <item:minecraft:diamond_axe>.anyDamage()
[18:25:31.431][INFO]: Set the value of Max Damage on <item:minecraft:diamond_axe> to: '1561'
[18:25:31.431][INFO]: Modifying Attributes of: <item:minecraft:netherite_axe>.anyDamage()
[18:25:31.431][INFO]: Modifying Attributes of: <item:minecraft:netherite_axe>.anyDamage()
[18:25:31.431][INFO]: Modifying Attributes of: <item:minecraft:netherite_axe>.anyDamage()
[18:25:31.431][INFO]: Modifying Attributes of: <item:minecraft:netherite_axe>.anyDamage()
[18:25:31.431][INFO]: Set the value of Max Damage on <item:minecraft:netherite_axe> to: '2031'
[18:25:31.431][INFO]: Modifying Attributes of: <item:create_sa:rose_quartz_axe>.anyDamage()
[18:25:31.431][INFO]: Modifying Attributes of: <item:create_sa:rose_quartz_axe>.anyDamage()
[18:25:31.431][INFO]: Modifying Attributes of: <item:create_sa:rose_quartz_axe>.anyDamage()
[18:25:31.431][INFO]: Modifying Attributes of: <item:create_sa:rose_quartz_axe>.anyDamage()
[18:25:31.431][INFO]: Set the value of Max Damage on <item:create_sa:rose_quartz_axe> to: '1644'
[18:25:31.431][INFO]: Modifying Attributes of: <item:farmersdelight:skillet>.anyDamage()
[18:25:31.431][INFO]: Modifying Attributes of: <item:farmersdelight:skillet>.anyDamage()
[18:25:31.431][INFO]: Modifying Attributes of: <item:farmersdelight:skillet>.anyDamage()
[18:25:31.431][INFO]: Modifying Attributes of: <item:farmersdelight:skillet>.anyDamage()
[18:25:31.432][INFO]: Set the value of Max Damage on <item:farmersdelight:skillet> to: '730'
[18:25:31.432][INFO]: Modifying Attributes of: <item:apocalypsenow:spear>.anyDamage()
[18:25:31.432][INFO]: Modifying Attributes of: <item:apocalypsenow:spear>.anyDamage()
[18:25:31.432][INFO]: Modifying Attributes of: <item:apocalypsenow:spear>.anyDamage()
[18:25:31.432][INFO]: Modifying Attributes of: <item:apocalypsenow:spear>.anyDamage()
[18:25:31.432][INFO]: Set the value of Max Damage on <item:apocalypsenow:spear> to: '489'
[18:25:31.432][INFO]: Modifying Attributes of: <item:apocalypsenow:guitar>.anyDamage()
[18:25:31.432][INFO]: Modifying Attributes of: <item:apocalypsenow:guitar>.anyDamage()
[18:25:31.432][INFO]: Modifying Attributes of: <item:apocalypsenow:guitar>.anyDamage()
[18:25:31.432][INFO]: Modifying Attributes of: <item:apocalypsenow:guitar>.anyDamage()
[18:25:31.432][INFO]: Set the value of Max Damage on <item:apocalypsenow:guitar> to: '78'
[18:25:31.432][INFO]: Modifying Attributes of: <item:apocalypsenow:bass>.anyDamage()
[18:25:31.432][INFO]: Modifying Attributes of: <item:apocalypsenow:bass>.anyDamage()
[18:25:31.432][INFO]: Modifying Attributes of: <item:apocalypsenow:bass>.anyDamage()
[18:25:31.432][INFO]: Modifying Attributes of: <item:apocalypsenow:bass>.anyDamage()
[18:25:31.433][INFO]: Set the value of Max Damage on <item:apocalypsenow:bass> to: '78'
[18:25:31.433][INFO]: Modifying Attributes of: <item:apocalypsenow:kitchen_knife>.anyDamage()
[18:25:31.433][INFO]: Modifying Attributes of: <item:apocalypsenow:kitchen_knife>.anyDamage()
[18:25:31.433][INFO]: Modifying Attributes of: <item:apocalypsenow:kitchen_knife>.anyDamage()
[18:25:31.433][INFO]: Modifying Attributes of: <item:apocalypsenow:kitchen_knife>.anyDamage()
[18:25:31.433][INFO]: Set the value of Max Damage on <item:apocalypsenow:kitchen_knife> to: '195'
[18:25:31.433][INFO]: Modifying Attributes of: <item:apocalypsenow:scythe>.anyDamage()
[18:25:31.433][INFO]: Modifying Attributes of: <item:apocalypsenow:scythe>.anyDamage()
[18:25:31.433][INFO]: Modifying Attributes of: <item:apocalypsenow:scythe>.anyDamage()
[18:25:31.433][INFO]: Modifying Attributes of: <item:apocalypsenow:scythe>.anyDamage()
[18:25:31.433][INFO]: Set the value of Max Damage on <item:apocalypsenow:scythe> to: '623'
[18:25:31.433][INFO]: Modifying Attributes of: <item:create_sa:zinc_axe>.anyDamage()
[18:25:31.433][INFO]: Modifying Attributes of: <item:create_sa:zinc_axe>.anyDamage()
[18:25:31.433][INFO]: Modifying Attributes of: <item:create_sa:zinc_axe>.anyDamage()
[18:25:31.433][INFO]: Modifying Attributes of: <item:create_sa:zinc_axe>.anyDamage()
[18:25:31.433][INFO]: Set the value of Max Damage on <item:create_sa:zinc_axe> to: '161'
[18:25:31.433][INFO]: Modifying Attributes of: <item:create_sa:copper_axe>.anyDamage()
[18:25:31.433][INFO]: Modifying Attributes of: <item:create_sa:copper_axe>.anyDamage()
[18:25:31.433][INFO]: Modifying Attributes of: <item:create_sa:copper_axe>.anyDamage()
[18:25:31.433][INFO]: Modifying Attributes of: <item:create_sa:copper_axe>.anyDamage()
[18:25:31.433][INFO]: Set the value of Max Damage on <item:create_sa:copper_axe> to: '161'
[18:25:31.433][INFO]: Modifying Attributes of: <item:minecraft:stone_hoe>.anyDamage()
[18:25:31.433][INFO]: Modifying Attributes of: <item:minecraft:stone_hoe>.anyDamage()
[18:25:31.434][INFO]: Modifying Attributes of: <item:minecraft:stone_hoe>.anyDamage()
[18:25:31.434][INFO]: Modifying Attributes of: <item:minecraft:stone_hoe>.anyDamage()
[18:25:31.434][INFO]: Set the value of Max Damage on <item:minecraft:stone_hoe> to: '131'
[18:25:31.434][INFO]: Modifying Attributes of: <item:minecraft:iron_hoe>.anyDamage()
[18:25:31.434][INFO]: Modifying Attributes of: <item:minecraft:iron_hoe>.anyDamage()
[18:25:31.434][INFO]: Modifying Attributes of: <item:minecraft:iron_hoe>.anyDamage()
[18:25:31.434][INFO]: Modifying Attributes of: <item:minecraft:iron_hoe>.anyDamage()
[18:25:31.434][INFO]: Set the value of Max Damage on <item:minecraft:iron_hoe> to: '250'
[18:25:31.434][INFO]: Modifying Attributes of: <item:minecraft:diamond_hoe>.anyDamage()
[18:25:31.434][INFO]: Modifying Attributes of: <item:minecraft:diamond_hoe>.anyDamage()
[18:25:31.434][INFO]: Modifying Attributes of: <item:minecraft:diamond_hoe>.anyDamage()
[18:25:31.434][INFO]: Modifying Attributes of: <item:minecraft:diamond_hoe>.anyDamage()
[18:25:31.434][INFO]: Set the value of Max Damage on <item:minecraft:diamond_hoe> to: '1561'
[18:25:31.434][INFO]: Modifying Attributes of: <item:create_sa:brass_hoe>.anyDamage()
[18:25:31.434][INFO]: Modifying Attributes of: <item:create_sa:brass_hoe>.anyDamage()
[18:25:31.434][INFO]: Modifying Attributes of: <item:create_sa:brass_hoe>.anyDamage()
[18:25:31.434][INFO]: Modifying Attributes of: <item:create_sa:brass_hoe>.anyDamage()
[18:25:31.434][INFO]: Set the value of Max Damage on <item:create_sa:brass_hoe> to: '450'
[18:25:31.435][INFO]: Modifying Attributes of: <item:create_sa:zinc_hoe>.anyDamage()
[18:25:31.435][INFO]: Modifying Attributes of: <item:create_sa:zinc_hoe>.anyDamage()
[18:25:31.435][INFO]: Modifying Attributes of: <item:create_sa:zinc_hoe>.anyDamage()
[18:25:31.435][INFO]: Modifying Attributes of: <item:create_sa:zinc_hoe>.anyDamage()
[18:25:31.435][INFO]: Set the value of Max Damage on <item:create_sa:zinc_hoe> to: '250'
[18:25:31.435][INFO]: Modifying Attributes of: <item:create_sa:copper_hoe>.anyDamage()
[18:25:31.435][INFO]: Modifying Attributes of: <item:create_sa:copper_hoe>.anyDamage()
[18:25:31.435][INFO]: Modifying Attributes of: <item:create_sa:copper_hoe>.anyDamage()
[18:25:31.435][INFO]: Modifying Attributes of: <item:create_sa:copper_hoe>.anyDamage()
[18:25:31.435][INFO]: Set the value of Max Damage on <item:create_sa:copper_hoe> to: '131'
[18:25:31.435][INFO]: Modifying Attributes of: <item:minecraft:netherite_hoe>.anyDamage()
[18:25:31.435][INFO]: Modifying Attributes of: <item:minecraft:netherite_hoe>.anyDamage()
[18:25:31.435][INFO]: Modifying Attributes of: <item:minecraft:netherite_hoe>.anyDamage()
[18:25:31.435][INFO]: Modifying Attributes of: <item:minecraft:netherite_hoe>.anyDamage()
[18:25:31.435][INFO]: Set the value of Max Damage on <item:minecraft:netherite_hoe> to: '2031'
[18:25:31.436][INFO]: Modifying Attributes of: <item:apocalypsenow:tactical_saber>.anyDamage()
[18:25:31.436][INFO]: Modifying Attributes of: <item:apocalypsenow:tactical_saber>.anyDamage()
[18:25:31.436][INFO]: Modifying Attributes of: <item:apocalypsenow:tactical_saber>.anyDamage()
[18:25:31.436][INFO]: Modifying Attributes of: <item:apocalypsenow:tactical_saber>.anyDamage()
[18:25:31.436][INFO]: Set the value of Max Damage on <item:apocalypsenow:tactical_saber> to: '1364'
[18:25:31.436][INFO]: Modifying Attributes of: <item:apocalypsenow:red_boxing_gloves>.anyDamage()
[18:25:31.436][INFO]: Modifying Attributes of: <item:apocalypsenow:red_boxing_gloves>.anyDamage()
[18:25:31.436][INFO]: Modifying Attributes of: <item:apocalypsenow:red_boxing_gloves>.anyDamage()
[18:25:31.436][INFO]: Modifying Attributes of: <item:apocalypsenow:red_boxing_gloves>.anyDamage()
[18:25:31.436][INFO]: Set the value of Max Damage on <item:apocalypsenow:red_boxing_gloves> to: '200'
[18:25:31.436][INFO]: Modifying Attributes of: <item:apocalypsenow:reiforced_red_boxing_gloves>.anyDamage()
[18:25:31.436][INFO]: Modifying Attributes of: <item:apocalypsenow:reiforced_red_boxing_gloves>.anyDamage()
[18:25:31.436][INFO]: Modifying Attributes of: <item:apocalypsenow:reiforced_red_boxing_gloves>.anyDamage()
[18:25:31.436][INFO]: Modifying Attributes of: <item:apocalypsenow:reiforced_red_boxing_gloves>.anyDamage()
[18:25:31.436][INFO]: Set the value of Max Damage on <item:apocalypsenow:reiforced_red_boxing_gloves> to: '250'
[18:25:31.436][INFO]: Modifying Attributes of: <item:apocalypsenow:blue_boxing_gloves>.anyDamage()
[18:25:31.436][INFO]: Modifying Attributes of: <item:apocalypsenow:blue_boxing_gloves>.anyDamage()
[18:25:31.436][INFO]: Modifying Attributes of: <item:apocalypsenow:blue_boxing_gloves>.anyDamage()
[18:25:31.436][INFO]: Modifying Attributes of: <item:apocalypsenow:blue_boxing_gloves>.anyDamage()
[18:25:31.436][INFO]: Set the value of Max Damage on <item:apocalypsenow:blue_boxing_gloves> to: '200'
[18:25:31.436][INFO]: Modifying Attributes of: <item:apocalypsenow:reiforced_blue_boxing_gloves>.anyDamage()
[18:25:31.436][INFO]: Modifying Attributes of: <item:apocalypsenow:reiforced_blue_boxing_gloves>.anyDamage()
[18:25:31.436][INFO]: Modifying Attributes of: <item:apocalypsenow:reiforced_blue_boxing_gloves>.anyDamage()
[18:25:31.436][INFO]: Modifying Attributes of: <item:apocalypsenow:reiforced_blue_boxing_gloves>.anyDamage()
[18:25:31.437][INFO]: Set the value of Max Damage on <item:apocalypsenow:reiforced_blue_boxing_gloves> to: '250'
[18:25:31.438][INFO]: Removing 'crafting' recipes with output: 'com.blamejared.crafttweaker.api.item.MCItemStack@db8a6a86'
[18:25:31.443][INFO]: Adding 'minecraft:crafting' recipe, of type: "mirroring shaped", with name: 'crafttweaker:baseball_bat' that outputs: '<item:apocalypsenow:baseball_bat>'
[18:25:31.443][INFO]: Removing 'crafting' recipes with output: 'com.blamejared.crafttweaker.api.item.MCItemStack@e82ce947'
[18:25:31.446][INFO]: Adding 'minecraft:crafting' recipe, of type: "shapeless", with name: 'crafttweaker:wrapped_baseball_bat' that outputs: '<item:apocalypsenow:wrapped_baseball_bat>'
[18:25:31.446][INFO]: Removing 'crafting' recipes with output: 'com.blamejared.crafttweaker.api.item.MCItemStack@da6dbb9c'
[18:25:31.448][INFO]: Adding 'minecraft:crafting' recipe, of type: "shapeless", with name: 'crafttweaker:saw_baseball_bat' that outputs: '<item:apocalypsenow:saw_baseball_bat>'
[18:25:31.448][INFO]: Removing 'crafting' recipes with output: 'com.blamejared.crafttweaker.api.item.MCItemStack@9c878905'
[18:25:31.450][INFO]: Adding 'minecraft:crafting' recipe, of type: "shapeless", with name: 'crafttweaker:electrical_baseball_bat' that outputs: '<item:apocalypsenow:electrical_baseball_bat>'
[18:25:31.450][INFO]: Removing 'crafting' recipes with output: 'com.blamejared.crafttweaker.api.item.MCItemStack@aa537865'
[18:25:31.453][INFO]: Adding 'minecraft:crafting' recipe, of type: "mirroring shaped", with name: 'crafttweaker:iron_baseball_bat' that outputs: '<item:apocalypsenow:iron_baseball_bat>'
[18:25:31.453][INFO]: Removing 'crafting' recipes with output: 'com.blamejared.crafttweaker.api.item.MCItemStack@8a78014d'
[18:25:31.454][INFO]: Adding 'minecraft:crafting' recipe, of type: "shapeless", with name: 'crafttweaker:spiked_iron_baseball_bat' that outputs: '<item:apocalypsenow:spiked_iron_baseball_bat>'
[18:25:31.455][INFO]: Removing 'crafting' recipes with output: 'com.blamejared.crafttweaker.api.item.MCItemStack@b7a9aadd'
[18:25:31.456][INFO]: Adding 'minecraft:crafting' recipe, of type: "mirroring shaped", with name: 'crafttweaker:club' that outputs: '<item:apocalypsenow:club>'
[18:25:31.456][INFO]: Removing 'crafting' recipes with output: 'com.blamejared.crafttweaker.api.item.MCItemStack@10b60e59'
[18:25:31.458][INFO]: Adding 'minecraft:crafting' recipe, of type: "shapeless", with name: 'crafttweaker:electric_club' that outputs: '<item:apocalypsenow:electric_club>'
[18:25:31.458][INFO]: Removing 'crafting' recipes with output: 'com.blamejared.crafttweaker.api.item.MCItemStack@e56b42f7'
[18:25:31.459][INFO]: Adding 'minecraft:crafting' recipe, of type: "mirroring shaped", with name: 'crafttweaker:sledge_hammer' that outputs: '<item:apocalypsenow:sledge_hammer>'
[18:25:31.459][INFO]: Removing 'crafting' recipes with output: 'com.blamejared.crafttweaker.api.item.MCItemStack@cf4a18b3'
[18:25:31.461][INFO]: Adding 'minecraft:crafting' recipe, of type: "mirroring shaped", with name: 'crafttweaker:fire_axe' that outputs: '<item:apocalypsenow:fire_axe>'
[18:25:31.461][INFO]: Removing 'crafting' recipes with output: 'com.blamejared.crafttweaker.api.item.MCItemStack@80cef423'
[18:25:31.462][INFO]: Adding 'minecraft:crafting' recipe, of type: "mirroring shaped", with name: 'crafttweaker:emergency_axe' that outputs: '<item:apocalypsenow:emergency_axe>'
[18:25:31.462][INFO]: Removing 'crafting' recipes with output: 'com.blamejared.crafttweaker.api.item.MCItemStack@50d9037'
[18:25:31.464][INFO]: Adding 'minecraft:crafting' recipe, of type: "mirroring shaped", with name: 'crafttweaker:wooden_fire_axe' that outputs: '<item:apocalypsenow:wooden_fire_axe>'
[18:25:31.464][INFO]: Removing 'crafting' recipes with output: 'com.blamejared.crafttweaker.api.item.MCItemStack@224f03fe'
[18:25:31.465][INFO]: Adding 'minecraft:crafting' recipe, of type: "mirroring shaped", with name: 'crafttweaker:lumber_jack_axe' that outputs: '<item:apocalypsenow:lumber_jack_axe>'
[18:25:31.465][INFO]: Removing 'crafting' recipes with output: 'com.blamejared.crafttweaker.api.item.MCItemStack@16467bff'
[18:25:31.467][INFO]: Adding 'minecraft:crafting' recipe, of type: "mirroring shaped", with name: 'crafttweaker:red_lumberjack_axe' that outputs: '<item:apocalypsenow:red_lumberjack_axe>'
[18:25:31.467][INFO]: Removing 'crafting' recipes with output: 'com.blamejared.crafttweaker.api.item.MCItemStack@25f9df00'
[18:25:31.468][INFO]: Adding 'minecraft:crafting' recipe, of type: "mirroring shaped", with name: 'crafttweaker:construction_axe' that outputs: '<item:apocalypsenow:construction_axe>'
[18:25:31.468][INFO]: Removing 'crafting' recipes with output: 'com.blamejared.crafttweaker.api.item.MCItemStack@338d7351'
[18:25:31.470][INFO]: Adding 'minecraft:crafting' recipe, of type: "mirroring shaped", with name: 'crafttweaker:hand_axe' that outputs: '<item:apocalypsenow:hand_axe>'
[18:25:31.470][INFO]: Removing 'crafting' recipes with output: 'com.blamejared.crafttweaker.api.item.MCItemStack@7c0158d8'
[18:25:31.472][INFO]: Adding 'minecraft:crafting' recipe, of type: "mirroring shaped", with name: 'crafttweaker:gardening_axe' that outputs: '<item:apocalypsenow:gardening_axe>'
[18:25:31.472][INFO]: Removing 'crafting' recipes with output: 'com.blamejared.crafttweaker.api.item.MCItemStack@2daa9e8b'
[18:25:31.473][INFO]: Adding 'minecraft:crafting' recipe, of type: "mirroring shaped", with name: 'crafttweaker:ice_axe' that outputs: '<item:apocalypsenow:ice_axe>'
[18:25:31.473][INFO]: Removing 'crafting' recipes with output: 'com.blamejared.crafttweaker.api.item.MCItemStack@7d9a543e'
[18:25:31.475][INFO]: Adding 'minecraft:crafting' recipe, of type: "mirroring shaped", with name: 'crafttweaker:survival_axe' that outputs: '<item:apocalypsenow:survival_axe>'
[18:25:31.475][INFO]: Removing 'crafting' recipes with output: 'com.blamejared.crafttweaker.api.item.MCItemStack@67de70e7'
[18:25:31.476][INFO]: Adding 'minecraft:crafting' recipe, of type: "mirroring shaped", with name: 'crafttweaker:tourist_axe' that outputs: '<item:apocalypsenow:tourist_axe>'
[18:25:31.476][INFO]: Removing 'crafting' recipes with output: 'com.blamejared.crafttweaker.api.item.MCItemStack@f8002b01'
[18:25:31.478][INFO]: Adding 'minecraft:crafting' recipe, of type: "mirroring shaped", with name: 'crafttweaker:combat_axe' that outputs: '<item:apocalypsenow:combat_axe>'
[18:25:31.478][INFO]: Removing 'crafting' recipes with output: 'com.blamejared.crafttweaker.api.item.MCItemStack@3c4d9a0a'
[18:25:31.479][INFO]: Adding 'minecraft:crafting' recipe, of type: "shapeless", with name: 'crafttweaker:electrical_combat_axe' that outputs: '<item:apocalypsenow:electrical_combat_axe>'
[18:25:31.479][INFO]: Removing 'crafting' recipes with output: 'com.blamejared.crafttweaker.api.item.MCItemStack@a2ba0d20'
[18:25:31.481][INFO]: Adding 'minecraft:crafting' recipe, of type: "mirroring shaped", with name: 'crafttweaker:red_boxing_gloves' that outputs: '<item:apocalypsenow:red_boxing_gloves>'
[18:25:31.481][INFO]: Removing 'crafting' recipes with output: 'com.blamejared.crafttweaker.api.item.MCItemStack@fc23ef46'
[18:25:31.483][INFO]: Adding 'minecraft:crafting' recipe, of type: "mirroring shaped", with name: 'crafttweaker:blue_boxing_gloves' that outputs: '<item:apocalypsenow:blue_boxing_gloves>'
[18:25:31.483][INFO]: Removing 'crafting' recipes with output: 'com.blamejared.crafttweaker.api.item.MCItemStack@d9c80e7e'
[18:25:31.485][INFO]: Adding 'minecraft:crafting' recipe, of type: "mirroring shaped", with name: 'crafttweaker:reiforced_red_boxing_gloves' that outputs: '<item:apocalypsenow:reiforced_red_boxing_gloves>'
[18:25:31.485][INFO]: Removing 'crafting' recipes with output: 'com.blamejared.crafttweaker.api.item.MCItemStack@7ac6ab36'
[18:25:31.488][INFO]: Adding 'minecraft:crafting' recipe, of type: "mirroring shaped", with name: 'crafttweaker:reiforced_blue_boxing_gloves' that outputs: '<item:apocalypsenow:reiforced_blue_boxing_gloves>'
[18:25:31.488][INFO]: Removing 'crafting' recipes with output: 'com.blamejared.crafttweaker.api.item.MCItemStack@80e121e0'
[18:25:31.489][INFO]: Adding 'minecraft:crafting' recipe, of type: "mirroring shaped", with name: 'crafttweaker:machete' that outputs: '<item:apocalypsenow:machete>'
[18:25:31.489][INFO]: Removing 'crafting' recipes with output: 'com.blamejared.crafttweaker.api.item.MCItemStack@c5606800'
[18:25:31.491][INFO]: Adding 'minecraft:crafting' recipe, of type: "shapeless", with name: 'crafttweaker:serrated_machete' that outputs: '<item:apocalypsenow:serrated_machete>'
[18:25:31.491][INFO]: Removing 'crafting' recipes with output: 'com.blamejared.crafttweaker.api.item.MCItemStack@fc935ba2'
[18:25:31.492][INFO]: Adding 'minecraft:crafting' recipe, of type: "mirroring shaped", with name: 'crafttweaker:hawkbill_machete' that outputs: '<item:apocalypsenow:hawkbill_machete>'
[18:25:31.492][INFO]: Removing 'crafting' recipes with output: 'com.blamejared.crafttweaker.api.item.MCItemStack@a588d6ea'
[18:25:31.494][INFO]: Adding 'minecraft:crafting' recipe, of type: "mirroring shaped", with name: 'crafttweaker:bowie_machete' that outputs: '<item:apocalypsenow:bowie_machete>'
[18:25:31.494][INFO]: Removing 'crafting' recipes with output: 'com.blamejared.crafttweaker.api.item.MCItemStack@38c465ef'
[18:25:31.495][INFO]: Adding 'minecraft:crafting' recipe, of type: "shapeless", with name: 'crafttweaker:heavy_machete' that outputs: '<item:apocalypsenow:heavy_machete>'
[18:25:31.495][INFO]: Removing 'crafting' recipes with output: 'com.blamejared.crafttweaker.api.item.MCItemStack@45ef70fd'
[18:25:31.497][INFO]: Adding 'minecraft:crafting' recipe, of type: "mirroring shaped", with name: 'crafttweaker:tactical_machete' that outputs: '<item:apocalypsenow:tactical_machete>'
[18:25:31.497][INFO]: Removing 'crafting' recipes with output: 'com.blamejared.crafttweaker.api.item.MCItemStack@b51501b8'
[18:25:31.498][INFO]: Adding 'minecraft:crafting' recipe, of type: "mirroring shaped", with name: 'crafttweaker:kukri_machete' that outputs: '<item:apocalypsenow:kukri_machete>'
[18:25:31.498][INFO]: Removing 'crafting' recipes with output: 'com.blamejared.crafttweaker.api.item.MCItemStack@3fb24def'
[18:25:31.500][INFO]: Adding 'minecraft:crafting' recipe, of type: "mirroring shaped", with name: 'crafttweaker:combat_knife' that outputs: '<item:apocalypsenow:combat_knife>'
[18:25:31.500][INFO]: Removing 'crafting' recipes with output: 'com.blamejared.crafttweaker.api.item.MCItemStack@5f5db639'
[18:25:31.501][INFO]: Adding 'minecraft:crafting' recipe, of type: "mirroring shaped", with name: 'crafttweaker:mk_knife' that outputs: '<item:apocalypsenow:mk_knife>'
[18:25:31.501][INFO]: Removing 'crafting' recipes with output: 'com.blamejared.crafttweaker.api.item.MCItemStack@7364902f'
[18:25:31.503][INFO]: Adding 'minecraft:crafting' recipe, of type: "mirroring shaped", with name: 'crafttweaker:kitchen_knife' that outputs: '<item:apocalypsenow:kitchen_knife>'
[18:25:31.503][INFO]: Removing 'crafting' recipes with output: 'com.blamejared.crafttweaker.api.item.MCItemStack@72976ff1'
[18:25:31.504][INFO]: Adding 'minecraft:crafting' recipe, of type: "mirroring shaped", with name: 'crafttweaker:knife' that outputs: '<item:apocalypsenow:knife>'
[18:25:31.504][INFO]: Removing 'crafting' recipes with output: 'com.blamejared.crafttweaker.api.item.MCItemStack@8d4c45b5'
[18:25:31.506][INFO]: Adding 'minecraft:crafting' recipe, of type: "mirroring shaped", with name: 'crafttweaker:military_knife' that outputs: '<item:apocalypsenow:military_knife>'
[18:25:31.506][INFO]: Removing 'crafting' recipes with output: 'com.blamejared.crafttweaker.api.item.MCItemStack@2138933f'
[18:25:31.507][INFO]: Adding 'minecraft:crafting' recipe, of type: "mirroring shaped", with name: 'crafttweaker:hunting_knife' that outputs: '<item:apocalypsenow:hunting_knife>'
[18:25:31.508][INFO]: Removing 'crafting' recipes with output: 'com.blamejared.crafttweaker.api.item.MCItemStack@7a4a544f'
[18:25:31.509][INFO]: Adding 'minecraft:crafting' recipe, of type: "mirroring shaped", with name: 'crafttweaker:english_punch_knife' that outputs: '<item:apocalypsenow:english_punch_knife>'
[18:25:31.509][INFO]: Removing 'crafting' recipes with output: 'com.blamejared.crafttweaker.api.item.MCItemStack@c66ce3d0'
[18:25:31.511][INFO]: Adding 'minecraft:crafting' recipe, of type: "mirroring shaped", with name: 'crafttweaker:switch_knife' that outputs: '<item:apocalypsenow:switch_knife>'
[18:25:31.511][INFO]: Removing 'crafting' recipes with output: 'com.blamejared.crafttweaker.api.item.MCItemStack@c60cf817'
[18:25:31.512][INFO]: Adding 'minecraft:crafting' recipe, of type: "mirroring shaped", with name: 'crafttweaker:long_knife' that outputs: '<item:apocalypsenow:long_knife>'
[18:25:31.512][INFO]: Removing 'crafting' recipes with output: 'com.blamejared.crafttweaker.api.item.MCItemStack@f9acac77'
[18:25:31.514][INFO]: Adding 'minecraft:crafting' recipe, of type: "mirroring shaped", with name: 'crafttweaker:throwableknife' that outputs: '<item:apocalypsenow:throwableknife>'
[18:25:31.514][INFO]: Removing 'crafting' recipes with output: 'com.blamejared.crafttweaker.api.item.MCItemStack@c96438f7'
[18:25:31.515][INFO]: Adding 'minecraft:crafting' recipe, of type: "mirroring shaped", with name: 'crafttweaker:letter_opener' that outputs: '<item:apocalypsenow:letter_opener>'
[18:25:31.515][INFO]: Removing 'crafting' recipes with output: 'com.blamejared.crafttweaker.api.item.MCItemStack@a0c56b87'
[18:25:31.517][INFO]: Adding 'minecraft:crafting' recipe, of type: "mirroring shaped", with name: 'crafttweaker:bread_knife' that outputs: '<item:apocalypsenow:bread_knife>'
[18:25:31.517][INFO]: Removing 'crafting' recipes with output: 'com.blamejared.crafttweaker.api.item.MCItemStack@eac3e33b'
[18:25:31.518][INFO]: Adding 'minecraft:crafting' recipe, of type: "mirroring shaped", with name: 'crafttweaker:butterfly_knife' that outputs: '<item:apocalypsenow:butterfly_knife>'
[18:25:31.518][INFO]: Removing 'crafting' recipes with output: 'com.blamejared.crafttweaker.api.item.MCItemStack@25d5820f'
[18:25:31.520][INFO]: Adding 'minecraft:crafting' recipe, of type: "mirroring shaped", with name: 'crafttweaker:stilettoknife' that outputs: '<item:apocalypsenow:stilettoknife>'
[18:25:31.520][INFO]: Removing 'crafting' recipes with output: 'com.blamejared.crafttweaker.api.item.MCItemStack@3d1b183c'
[18:25:31.521][INFO]: Adding 'minecraft:crafting' recipe, of type: "mirroring shaped", with name: 'crafttweaker:expedition_knife' that outputs: '<item:apocalypsenow:expedition_knife>'
[18:25:31.521][INFO]: Removing 'crafting' recipes with output: 'com.blamejared.crafttweaker.api.item.MCItemStack@38e1014f'
[18:25:31.523][INFO]: Adding 'minecraft:crafting' recipe, of type: "mirroring shaped", with name: 'crafttweaker:bayonet' that outputs: '<item:apocalypsenow:bayonet>'
[18:25:31.523][INFO]: Removing 'crafting' recipes with output: 'com.blamejared.crafttweaker.api.item.MCItemStack@24d1b738'
[18:25:31.524][INFO]: Adding 'minecraft:crafting' recipe, of type: "mirroring shaped", with name: 'crafttweaker:tactical_knife' that outputs: '<item:apocalypsenow:tactical_knife>'
[18:25:31.524][INFO]: Removing 'crafting' recipes with output: 'com.blamejared.crafttweaker.api.item.MCItemStack@bb38d39f'
[18:25:31.526][INFO]: Adding 'minecraft:crafting' recipe, of type: "mirroring shaped", with name: 'crafttweaker:mace' that outputs: '<item:apocalypsenow:mace>'
[18:25:31.526][INFO]: Removing 'crafting' recipes with output: 'com.blamejared.crafttweaker.api.item.MCItemStack@db69ac1d'
[18:25:31.527][INFO]: Adding 'minecraft:crafting' recipe, of type: "mirroring shaped", with name: 'crafttweaker:tatical_mace' that outputs: '<item:apocalypsenow:tatical_mace>'
[18:25:31.527][INFO]: Removing 'crafting' recipes with output: 'com.blamejared.crafttweaker.api.item.MCItemStack@28d118e1'
[18:25:31.529][INFO]: Adding 'minecraft:crafting' recipe, of type: "shapeless", with name: 'crafttweaker:electrical_tactical_mace' that outputs: '<item:apocalypsenow:electrical_tactical_mace>'
[18:25:31.529][INFO]: Removing 'crafting' recipes with output: 'com.blamejared.crafttweaker.api.item.MCItemStack@da04312d'
[18:25:31.530][INFO]: Adding 'minecraft:crafting' recipe, of type: "mirroring shaped", with name: 'crafttweaker:meat_hammer' that outputs: '<item:apocalypsenow:meat_hammer>'
[18:25:31.531][INFO]: Removing 'crafting' recipes with output: 'com.blamejared.crafttweaker.api.item.MCItemStack@c36e5176'
[18:25:31.532][INFO]: Adding 'minecraft:crafting' recipe, of type: "mirroring shaped", with name: 'crafttweaker:improvised_hammer' that outputs: '<item:apocalypsenow:improvised_hammer>'
[18:25:31.532][INFO]: Removing 'crafting' recipes with output: 'com.blamejared.crafttweaker.api.item.MCItemStack@d05b5e27'
[18:25:31.534][INFO]: Adding 'minecraft:crafting' recipe, of type: "mirroring shaped", with name: 'crafttweaker:premium_hammer' that outputs: '<item:apocalypsenow:premium_hammer>'
[18:25:31.534][INFO]: Removing 'crafting' recipes with output: 'com.blamejared.crafttweaker.api.item.MCItemStack@2d46e4a'
[18:25:31.535][INFO]: Adding 'minecraft:crafting' recipe, of type: "mirroring shaped", with name: 'crafttweaker:ballpeen_hammer' that outputs: '<item:apocalypsenow:ballpeen_hammer>'
[18:25:31.535][INFO]: Removing 'crafting' recipes with output: 'com.blamejared.crafttweaker.api.item.MCItemStack@bc00af01'
[18:25:31.537][INFO]: Adding 'minecraft:crafting' recipe, of type: "mirroring shaped", with name: 'crafttweaker:rubber_hammer' that outputs: '<item:apocalypsenow:rubber_hammer>'
[18:25:31.537][INFO]: Removing 'crafting' recipes with output: 'com.blamejared.crafttweaker.api.item.MCItemStack@4995d358'
[18:25:31.538][INFO]: Adding 'minecraft:crafting' recipe, of type: "mirroring shaped", with name: 'crafttweaker:construction_shovel' that outputs: '<item:apocalypsenow:construction_shovel>'
[18:25:31.538][INFO]: Removing 'crafting' recipes with output: 'com.blamejared.crafttweaker.api.item.MCItemStack@caa27c55'
[18:25:31.540][INFO]: Adding 'minecraft:crafting' recipe, of type: "mirroring shaped", with name: 'crafttweaker:military_shovel' that outputs: '<item:apocalypsenow:military_shovel>'
[18:25:31.540][INFO]: Removing 'crafting' recipes with output: 'com.blamejared.crafttweaker.api.item.MCItemStack@a330dc7'
[18:25:31.541][INFO]: Adding 'minecraft:crafting' recipe, of type: "mirroring shaped", with name: 'crafttweaker:snow_shovel' that outputs: '<item:apocalypsenow:snow_shovel>'
[18:25:31.541][INFO]: Removing 'crafting' recipes with output: 'com.blamejared.crafttweaker.api.item.MCItemStack@2b076d8e'
[18:25:31.543][INFO]: Adding 'minecraft:crafting' recipe, of type: "mirroring shaped", with name: 'crafttweaker:garden_fork' that outputs: '<item:apocalypsenow:garden_fork>'
[18:25:31.543][INFO]: Removing 'crafting' recipes with output: 'com.blamejared.crafttweaker.api.item.MCItemStack@542df732'
[18:25:31.544][INFO]: Adding 'minecraft:crafting' recipe, of type: "mirroring shaped", with name: 'crafttweaker:knife_spear' that outputs: '<item:apocalypsenow:knife_spear>'
[18:25:31.544][INFO]: Removing 'crafting' recipes with output: 'com.blamejared.crafttweaker.api.item.MCItemStack@bf75d0b0'
[18:25:31.546][INFO]: Adding 'minecraft:crafting' recipe, of type: "mirroring shaped", with name: 'crafttweaker:spear' that outputs: '<item:apocalypsenow:spear>'
[18:25:31.546][INFO]: Removing 'crafting' recipes with output: 'com.blamejared.crafttweaker.api.item.MCItemStack@48b8217d'
[18:25:31.547][INFO]: Adding 'minecraft:crafting' recipe, of type: "mirroring shaped", with name: 'crafttweaker:wooden_spear' that outputs: '<item:apocalypsenow:woddenspear>'
[18:25:31.547][INFO]: Removing 'crafting' recipes with output: 'com.blamejared.crafttweaker.api.item.MCItemStack@51ab1da8'
[18:25:31.549][INFO]: Adding 'minecraft:crafting' recipe, of type: "mirroring shaped", with name: 'crafttweaker:pipe' that outputs: '<item:apocalypsenow:pipe>'
[18:25:31.549][INFO]: Removing 'crafting' recipes with output: 'com.blamejared.crafttweaker.api.item.MCItemStack@a55b2186'
[18:25:31.551][INFO]: Adding 'minecraft:crafting' recipe, of type: "mirroring shaped", with name: 'crafttweaker:night_stick' that outputs: '<item:apocalypsenow:night_stick>'
[18:25:31.551][INFO]: Removing 'crafting' recipes with output: 'com.blamejared.crafttweaker.api.item.MCItemStack@b643a0bc'
[18:25:31.552][INFO]: Adding 'minecraft:crafting' recipe, of type: "mirroring shaped", with name: 'crafttweaker:electric_baton' that outputs: '<item:apocalypsenow:electric_baton>'
[18:25:31.552][INFO]: Removing 'crafting' recipes with output: 'com.blamejared.crafttweaker.api.item.MCItemStack@ab12271a'
[18:25:31.554][INFO]: Adding 'minecraft:crafting' recipe, of type: "mirroring shaped", with name: 'crafttweaker:scissors' that outputs: '<item:apocalypsenow:scissors>'
[18:25:31.554][INFO]: Removing 'crafting' recipes with output: 'com.blamejared.crafttweaker.api.item.MCItemStack@8a6b1376'
[18:25:31.555][INFO]: Adding 'minecraft:crafting' recipe, of type: "mirroring shaped", with name: 'crafttweaker:scissorst' that outputs: '<item:apocalypsenow:scissorst>'
[18:25:31.556][INFO]: Removing 'crafting' recipes with output: 'com.blamejared.crafttweaker.api.item.MCItemStack@dcb7d59c'
[18:25:31.557][INFO]: Adding 'minecraft:crafting' recipe, of type: "mirroring shaped", with name: 'crafttweaker:crowbar' that outputs: '<item:apocalypsenow:crowbar>'
[18:25:31.557][INFO]: Removing 'crafting' recipes with output: 'com.blamejared.crafttweaker.api.item.MCItemStack@491439e6'
[18:25:31.559][INFO]: Adding 'minecraft:crafting' recipe, of type: "mirroring shaped", with name: 'crafttweaker:red_crowbar' that outputs: '<item:apocalypsenow:red_crowbar>'
[18:25:31.559][INFO]: Removing 'crafting' recipes with output: 'com.blamejared.crafttweaker.api.item.MCItemStack@72289213'
[18:25:31.561][INFO]: Adding 'minecraft:crafting' recipe, of type: "mirroring shaped", with name: 'crafttweaker:road_sign' that outputs: '<item:apocalypsenow:road_sign>'
[18:25:31.561][INFO]: Removing 'crafting' recipes with output: 'com.blamejared.crafttweaker.api.item.MCItemStack@b229f57'
[18:25:31.563][INFO]: Adding 'minecraft:crafting' recipe, of type: "mirroring shaped", with name: 'crafttweaker:saw_pole' that outputs: '<item:apocalypsenow:saw_pole>'
[18:25:31.563][INFO]: Removing 'crafting' recipes with output: 'com.blamejared.crafttweaker.api.item.MCItemStack@9623e686'
[18:25:31.564][INFO]: Adding 'minecraft:crafting' recipe, of type: "mirroring shaped", with name: 'crafttweaker:hookey_stick' that outputs: '<item:apocalypsenow:hookey_stick>'
[18:25:31.564][INFO]: Removing 'crafting' recipes with output: 'com.blamejared.crafttweaker.api.item.MCItemStack@e3a1a359'
[18:25:31.566][INFO]: Adding 'minecraft:crafting' recipe, of type: "mirroring shaped", with name: 'crafttweaker:golf_stick' that outputs: '<item:apocalypsenow:golf_stick>'
[18:25:31.566][INFO]: Removing 'crafting' recipes with output: 'com.blamejared.crafttweaker.api.item.MCItemStack@ae77e24b'
[18:25:31.568][INFO]: Adding 'minecraft:crafting' recipe, of type: "mirroring shaped", with name: 'crafttweaker:cleaver' that outputs: '<item:apocalypsenow:cleaver>'
[18:25:31.568][INFO]: Removing 'crafting' recipes with output: 'com.blamejared.crafttweaker.api.item.MCItemStack@ae77e24b'
[18:25:31.569][INFO]: Adding 'minecraft:crafting' recipe, of type: "mirroring shaped", with name: 'crafttweaker:cleaver' that outputs: '<item:apocalypsenow:cleaver>'
[18:25:31.569][INFO]: Removing 'crafting' recipes with output: 'com.blamejared.crafttweaker.api.item.MCItemStack@be0e95b5'
[18:25:31.571][INFO]: Adding 'minecraft:crafting' recipe, of type: "mirroring shaped", with name: 'crafttweaker:pipe_wrench' that outputs: '<item:apocalypsenow:pipe_wrench>'
[18:25:31.571][INFO]: Removing 'crafting' recipes with output: 'com.blamejared.crafttweaker.api.item.MCItemStack@ac628f07'
[18:25:31.573][INFO]: Adding 'minecraft:crafting' recipe, of type: "mirroring shaped", with name: 'crafttweaker:dagger' that outputs: '<item:apocalypsenow:dagger>'
[18:25:31.573][INFO]: Removing 'crafting' recipes with output: 'com.blamejared.crafttweaker.api.item.MCItemStack@8c097828'
[18:25:31.574][INFO]: Adding 'minecraft:crafting' recipe, of type: "mirroring shaped", with name: 'crafttweaker:sai' that outputs: '<item:apocalypsenow:sai>'
[18:25:31.574][INFO]: Removing 'crafting' recipes with output: 'com.blamejared.crafttweaker.api.item.MCItemStack@24785c84'
[18:25:31.576][INFO]: Adding 'minecraft:crafting' recipe, of type: "mirroring shaped", with name: 'crafttweaker:scythe' that outputs: '<item:apocalypsenow:scythe>'
[18:25:31.576][INFO]: Removing 'crafting' recipes with output: 'com.blamejared.crafttweaker.api.item.MCItemStack@314e6bde'
[18:25:31.578][INFO]: Adding 'minecraft:crafting' recipe, of type: "mirroring shaped", with name: 'crafttweaker:gardening_scissors' that outputs: '<item:apocalypsenow:gardening_scissors>'
[18:25:31.578][INFO]: Removing 'crafting' recipes with output: 'com.blamejared.crafttweaker.api.item.MCItemStack@a77f8a7'
[18:25:31.580][INFO]: Adding 'minecraft:crafting' recipe, of type: "mirroring shaped", with name: 'crafttweaker:shuriken' that outputs: '<item:apocalypsenow:shuriken>'
[18:25:31.580][INFO]: Removing 'crafting' recipes with output: 'com.blamejared.crafttweaker.api.item.MCItemStack@a387f481'
[18:25:31.582][INFO]: Adding 'minecraft:crafting' recipe, of type: "mirroring shaped", with name: 'crafttweaker:shiv' that outputs: '<item:apocalypsenow:shiv>'
[18:25:31.582][INFO]: Removing 'crafting' recipes with output: 'com.blamejared.crafttweaker.api.item.MCItemStack@a700407d'
[18:25:31.583][INFO]: Adding 'minecraft:crafting' recipe, of type: "mirroring shaped", with name: 'crafttweaker:plunger' that outputs: '<item:apocalypsenow:plunger>'
[18:25:31.584][INFO]: Removing 'crafting' recipes with output: 'com.blamejared.crafttweaker.api.item.MCItemStack@6748f159'
[18:25:31.585][INFO]: Adding 'minecraft:crafting' recipe, of type: "mirroring shaped", with name: 'crafttweaker:karambit' that outputs: '<item:apocalypsenow:karambit>'
[18:25:31.585][INFO]: Removing 'crafting' recipes with output: 'com.blamejared.crafttweaker.api.item.MCItemStack@3125c658'
[18:25:31.587][INFO]: Adding 'minecraft:crafting' recipe, of type: "mirroring shaped", with name: 'crafttweaker:gardening_spade' that outputs: '<item:apocalypsenow:gardening_spade>'
[18:25:31.587][INFO]: Removing 'crafting' recipes with output: 'com.blamejared.crafttweaker.api.item.MCItemStack@ded7ce64'
[18:25:31.589][INFO]: Adding 'minecraft:crafting' recipe, of type: "mirroring shaped", with name: 'crafttweaker:dumbbell' that outputs: '<item:apocalypsenow:dumbbell>'
[18:25:31.589][INFO]: Removing 'crafting' recipes with output: 'com.blamejared.crafttweaker.api.item.MCItemStack@126fafc'
[18:25:31.591][INFO]: Adding 'minecraft:crafting' recipe, of type: "shaped", with name: 'crafttweaker:tactical_sword' that outputs: '<item:apocalypsenow:tactical_sword>'
[18:25:31.591][INFO]: Removing 'crafting' recipes with output: 'com.blamejared.crafttweaker.api.item.MCItemStack@89c616a8'
[18:25:31.592][INFO]: Adding 'create:mechanical_crafting' recipe, with name: 'crafttweaker:katana' that outputs: '<item:apocalypsenow:katana>'
[18:25:31.592][INFO]: Removing 'minecraft:crafting' recipe(s) with name(s): '[minecraft:diamond_sword]'
[18:25:31.593][INFO]: Adding 'minecraft:crafting' recipe, of type: "shaped", with name: 'crafttweaker:diamond_sword' that outputs: '<item:minecraft:diamond_sword>'
[18:25:31.593][INFO]: Removing 'minecraft:crafting' recipe(s) with name(s): '[create_sa:brass_sword_recipe]'
[18:25:31.594][INFO]: Adding 'minecraft:crafting' recipe, of type: "shaped", with name: 'crafttweaker:brass_sword' that outputs: '<item:create_sa:brass_sword>'
[18:25:31.594][INFO]: Removing 'minecraft:smithing' recipe(s) with name(s): '[minecraft:netherite_sword_smithing]'
[18:25:31.594][INFO]: Adding 'minecraft:crafting' recipe, of type: "shaped", with name: 'crafttweaker:netherite_sword' that outputs: '<item:minecraft:netherite_sword>'
[18:25:31.594][INFO]: Removing 'create:mechanical_crafting' recipe(s) with name(s): '[create_sa:rose_quartz_sword_recipe]'
[18:25:31.595][INFO]: Adding 'minecraft:crafting' recipe, of type: "shaped", with name: 'crafttweaker:rose_quartz_sword' that outputs: '<item:create_sa:rose_quartz_sword>'
[18:25:31.595][INFO]: Removing 'minecraft:smithing' recipe(s) with name(s): '[minecraft:netherite_shovel_smithing]'
[18:25:31.595][INFO]: Adding 'minecraft:crafting' recipe, of type: "shaped", with name: 'crafttweaker:netherite_shovel' that outputs: '<item:minecraft:netherite_shovel>'
[18:25:31.595][INFO]: Removing 'minecraft:smithing' recipe(s) with name(s): '[minecraft:netherite_pickaxe_smithing]'
[18:25:31.595][INFO]: Adding 'minecraft:crafting' recipe, of type: "shaped", with name: 'crafttweaker:netherite_pickaxe' that outputs: '<item:minecraft:netherite_pickaxe>'
[18:25:31.595][INFO]: Removing 'minecraft:smithing' recipe(s) with name(s): '[minecraft:netherite_axe_smithing]'
[18:25:31.596][INFO]: Adding 'minecraft:crafting' recipe, of type: "shaped", with name: 'crafttweaker:netherite_axe' that outputs: '<item:minecraft:netherite_axe>'
[18:25:31.596][INFO]: Removing 'minecraft:smithing' recipe(s) with name(s): '[minecraft:netherite_hoe_smithing]'
[18:25:31.596][INFO]: Adding 'minecraft:crafting' recipe, of type: "shaped", with name: 'crafttweaker:netherite_hoe' that outputs: '<item:minecraft:netherite_hoe>'
[18:25:31.596][INFO]: Removing 'minecraft:smithing' recipe(s) with name(s): '[crossbowverhaul:crossbow_netherite]'
[18:25:31.596][INFO]: Adding 'minecraft:crafting' recipe, of type: "shaped", with name: 'crafttweaker:crossbow_netherite' that outputs: '<item:crossbowverhaul:crossbow_netherite>'
[18:25:31.596][INFO]: Removing 'minecraft:smithing' recipe(s) with name(s): '[crossbowverhaul:bolt_netherite]'
[18:25:31.597][INFO]: Adding 'minecraft:crafting' recipe, of type: "mirroring shaped", with name: 'crafttweaker:bolt_netherite' that outputs: '<item:crossbowverhaul:bolt_netherite>'
[18:25:31.597][INFO]: Removing 'minecraft:crafting' recipe(s) with name(s): '[crossbowverhaul:bolt_explosive]'
[18:25:31.597][INFO]: Adding 'minecraft:crafting' recipe, of type: "mirroring shaped", with name: 'crafttweaker:bolt_explosive' that outputs: '<item:crossbowverhaul:bolt_explosive>'
[18:25:31.597][INFO]: Removing 'create:mechanical_crafting' recipe(s) with name(s): '[create_sa:rose_quartz_pickaxe_recipe]'
[18:25:31.597][INFO]: Adding 'create:mechanical_crafting' recipe, with name: 'crafttweaker:rose_quartz_pickaxe' that outputs: '<item:create_sa:rose_quartz_pickaxe>'
[18:25:31.598][INFO]: Removing 'create:mechanical_crafting' recipe(s) with name(s): '[create_sa:rose_quartz_axe_recipe]'
[18:25:31.598][INFO]: Adding 'create:mechanical_crafting' recipe, with name: 'crafttweaker:rose_quartz_axe' that outputs: '<item:create_sa:rose_quartz_axe>'
[18:25:31.598][INFO]: Removing 'create:mechanical_crafting' recipe(s) with name(s): '[create_sa:rose_quartz_shovel_recipe]'
[18:25:31.599][INFO]: Adding 'create:mechanical_crafting' recipe, with name: 'crafttweaker:rose_quartz_shovel' that outputs: '<item:create_sa:rose_quartz_shovel>'
[18:25:31.599][INFO]: Removing 'minecraft:smithing' recipe(s) with name(s): '[farmersdelight:netherite_knife_smithing]'
[18:25:31.599][INFO]: Adding 'minecraft:crafting' recipe, of type: "shaped", with name: 'crafttweaker:netherite_knife' that outputs: '<item:farmersdelight:netherite_knife>'
[18:25:31.602][INFO]: Batching replacement for recipes from mods {createaddition} according to replacement rules {Replacing stacks <item:create_sa:zinc_handle> --> <tag:items:forge:rods/aluminum>} (Warnings are suppressed for this batch replacement)
[18:25:31.611][INFO]: Batch replacement completed
[18:25:31.612][INFO]: Registering new items tag with name <tag:items:forge:modern_materials>
[18:25:31.612][INFO]: Adding: [minecraft:iron_ingot] to tag: <tag:items:forge:modern_materials>
[18:25:31.613][INFO]: Adding: [minecraft:copper_ingot] to tag: <tag:items:forge:modern_materials>
[18:25:31.613][INFO]: Removing 'crafting' recipes with output: 'com.blamejared.crafttweaker.api.item.MCItemStack@d610ae86'
[18:25:31.616][INFO]: Adding 'minecraft:crafting' recipe, of type: "shapeless", with name: 'crafttweaker:an_money' that outputs: '<item:apocalypsenow:money> * 9'
[18:25:31.616][INFO]: Adding 'create:sequenced_assembly' recipe, with name: 'crafttweaker:sequenced_assembly/an_money_assembly' that outputs: '<item:apocalypsenow:money>'
[18:25:31.616][INFO]: Removing 'minecraft:crafting' recipe(s) with name(s): '[apocalypsenow:ventblockrecipe]'
[18:25:31.616][INFO]: Adding 'minecraft:crafting' recipe, of type: "shaped", with name: 'crafttweaker:ventblock' that outputs: '<item:apocalypsenow:ventblock>'
[18:25:31.616][INFO]: Removing 'minecraft:crafting' recipe(s) with name(s): '[apocalypsenow:corpsesackrecipe]'
[18:25:31.617][INFO]: Adding 'minecraft:crafting' recipe, of type: "shaped", with name: 'crafttweaker:corpsesack' that outputs: '<item:apocalypsenow:corpsesack>'
[18:25:31.617][INFO]: Removing 'crafting' recipes with output: 'com.blamejared.crafttweaker.api.item.MCItemStack@b6eb15c8'
[18:25:31.619][INFO]: Adding 'minecraft:crafting' recipe, of type: "shaped", with name: 'crafttweaker:medicalkit' that outputs: '<item:apocalypsenow:medicalkit>'
[18:25:31.619][INFO]: Removing 'crafting' recipes with output: 'com.blamejared.crafttweaker.api.item.MCItemStack@f12e2c3a'
[18:25:31.620][INFO]: Adding 'minecraft:crafting' recipe, of type: "shaped", with name: 'crafttweaker:suturekit' that outputs: '<item:apocalypsenow:suturekit>'
[18:25:31.620][INFO]: Removing 'crafting' recipes with output: 'com.blamejared.crafttweaker.api.item.MCItemStack@47ec82ee'
[18:25:31.622][INFO]: Adding 'minecraft:crafting' recipe, of type: "mirroring shaped", with name: 'crafttweaker:emptybloodbag' that outputs: '<item:apocalypsenow:emptybloodbag>'
[18:25:31.622][INFO]: Removing 'crafting' recipes with output: 'com.blamejared.crafttweaker.api.item.MCItemStack@f5a5cd93'
[18:25:31.623][INFO]: Adding 'minecraft:crafting' recipe, of type: "mirroring shaped", with name: 'crafttweaker:concret_barrier' that outputs: '<item:apocalypsenow:concret_barrier> * 3'
[18:25:31.624][INFO]: Adding 'minecraft:crafting' recipe, of type: "mirroring shaped", with name: 'crafttweaker:concrete_bricks' that outputs: '<item:apocalypsenow:concrete_bricks> * 4'
[18:25:31.624][INFO]: Adding 'minecraft:crafting' recipe, of type: "mirroring shaped", with name: 'crafttweaker:concrete_lined_barrier' that outputs: '<item:apocalypsenow:lined_concrete_barrier> * 3'
[18:25:31.624][INFO]: Removing 'crafting' recipes with output: 'com.blamejared.crafttweaker.api.item.MCItemStack@5e7d9b88'
[18:25:31.625][INFO]: Adding 'minecraft:crafting' recipe, of type: "shaped", with name: 'crafttweaker:cardboard_box' that outputs: '<item:apocalypsenow:cardboard_box>'
[18:25:31.625][INFO]: Removing 'crafting' recipes with output: 'com.blamejared.crafttweaker.api.item.MCItemStack@f3cb1fe3'
[18:25:31.627][INFO]: Adding 'minecraft:crafting' recipe, of type: "mirroring shaped", with name: 'crafttweaker:nail_box' that outputs: '<item:apocalypsenow:nailbox>'
[18:25:31.627][INFO]: Removing 'crafting' recipes with output: 'com.blamejared.crafttweaker.api.item.MCItemStack@31323803'
[18:25:31.629][INFO]: Adding 'minecraft:crafting' recipe, of type: "mirroring shaped", with name: 'crafttweaker:iron_window' that outputs: '<item:apocalypsenow:iron_window> * 4'
[18:25:31.629][INFO]: Removing 'crafting' recipes with output: 'com.blamejared.crafttweaker.api.item.MCItemStack@66c22d41'
[18:25:31.630][INFO]: Adding 'minecraft:crafting' recipe, of type: "shaped", with name: 'crafttweaker:barbed_wire' that outputs: '<item:apocalypsenow:barbed_wire> * 3'
[18:25:31.630][INFO]: Removing 'crafting' recipes with output: 'com.blamejared.crafttweaker.api.item.MCItemStack@e12678cf'
[18:25:31.767][INFO]: Adding 'minecraft:crafting' recipe, of type: "shaped", with name: 'crafttweaker:nail_bomb' that outputs: '<item:apocalypsenow:nail_bomb>'
[18:25:31.767][INFO]: Removing 'crafting' recipes with output: 'com.blamejared.crafttweaker.api.item.MCItemStack@d0c993cc'
[18:25:31.773][INFO]: Adding 'minecraft:crafting' recipe, of type: "mirroring shaped", with name: 'crafttweaker:improvised_bomb' that outputs: '<item:apocalypsenow:improvisedbomb>'
[18:25:31.773][INFO]: Removing 'crafting' recipes with output: 'com.blamejared.crafttweaker.api.item.MCItemStack@7c05198e'
[18:25:31.778][INFO]: Adding 'minecraft:crafting' recipe, of type: "mirroring shaped", with name: 'crafttweaker:gunpowder_can' that outputs: '<item:apocalypsenow:gunpowder_can>'
[18:25:31.778][INFO]: Removing 'crafting' recipes with output: 'com.blamejared.crafttweaker.api.item.MCItemStack@343bc4a3'
[18:25:31.782][INFO]: Adding 'minecraft:crafting' recipe, of type: "mirroring shaped", with name: 'crafttweaker:pipe_bomb' that outputs: '<item:apocalypsenow:pipe_bomb>'
[18:25:31.782][INFO]: Removing 'crafting' recipes with output: 'com.blamejared.crafttweaker.api.item.MCItemStack@22b6ebb8'
[18:25:31.786][INFO]: Adding 'minecraft:crafting' recipe, of type: "mirroring shaped", with name: 'crafttweaker:can_opener' that outputs: '<item:apocalypsenow:can_opener>'
[18:25:31.786][INFO]: Removing 'crafting' recipes with output: 'com.blamejared.crafttweaker.api.item.MCItemStack@86fe8365'
[18:25:31.790][INFO]: Adding 'minecraft:crafting' recipe, of type: "shaped", with name: 'crafttweaker:reinforced_log' that outputs: '<item:apocalypsenow:log_with_stone>'
[18:25:31.790][INFO]: Removing 'crafting' recipes with output: 'com.blamejared.crafttweaker.api.item.MCItemStack@d2be62ce'
[18:25:31.793][INFO]: Adding 'minecraft:crafting' recipe, of type: "shaped", with name: 'crafttweaker:land_mine' that outputs: '<item:apocalypsenow:land_mine>'
[18:25:31.793][INFO]: Removing 'crafting' recipes with output: 'com.blamejared.crafttweaker.api.item.MCItemStack@21028882'
[18:25:31.797][INFO]: Adding 'minecraft:crafting' recipe, of type: "shaped", with name: 'crafttweaker:tripwire_bomb' that outputs: '<item:apocalypsenow:tripwire_bomb>'
[18:25:31.797][INFO]: Removing 'crafting' recipes with output: 'com.blamejared.crafttweaker.api.item.MCItemStack@464b2634'
[18:25:31.800][INFO]: Adding 'minecraft:crafting' recipe, of type: "shaped", with name: 'crafttweaker:planks_a' that outputs: '<item:apocalypsenow:planks_a>'
[18:25:31.800][INFO]: Removing 'crafting' recipes with output: 'com.blamejared.crafttweaker.api.item.MCItemStack@464b2634'
[18:25:31.803][INFO]: Adding 'minecraft:crafting' recipe, of type: "shaped", with name: 'crafttweaker:planks_a' that outputs: '<item:apocalypsenow:planks_a>'
[18:25:31.803][INFO]: Removing 'crafting' recipes with output: 'com.blamejared.crafttweaker.api.item.MCItemStack@558c12f2'
[18:25:31.804][INFO]: Adding 'minecraft:crafting' recipe, of type: "shaped", with name: 'crafttweaker:planks_b' that outputs: '<item:apocalypsenow:planksc>'
[18:25:31.804][INFO]: Removing 'crafting' recipes with output: 'com.blamejared.crafttweaker.api.item.MCItemStack@c12d87ab'
[18:25:31.806][INFO]: Adding 'minecraft:crafting' recipe, of type: "shaped", with name: 'crafttweaker:planksb' that outputs: '<item:apocalypsenow:planksb>'
[18:25:31.806][INFO]: Removing 'crafting' recipes with output: 'com.blamejared.crafttweaker.api.item.MCItemStack@a61f1c9'
[18:25:31.807][INFO]: Adding 'minecraft:crafting' recipe, of type: "shaped", with name: 'crafttweaker:metal_bars' that outputs: '<item:apocalypsenow:metal_bars>'
[18:25:31.807][INFO]: Removing 'crafting' recipes with output: 'com.blamejared.crafttweaker.api.item.MCItemStack@13f83342'
[18:25:31.809][INFO]: Adding 'minecraft:crafting' recipe, of type: "shaped", with name: 'crafttweaker:traffic_barricade' that outputs: '<item:apocalypsenow:traffic_barricade> * 3'
[18:25:31.809][INFO]: Removing 'crafting' recipes with output: 'com.blamejared.crafttweaker.api.item.MCItemStack@d9a85dec'
[18:25:31.810][INFO]: Adding 'minecraft:crafting' recipe, of type: "shaped", with name: 'crafttweaker:construction_barricade' that outputs: '<item:apocalypsenow:construction_barricade> * 3'
[18:25:31.810][INFO]: Removing 'crafting' recipes with output: 'com.blamejared.crafttweaker.api.item.MCItemStack@c74a5dc1'
[18:25:31.812][INFO]: Adding 'minecraft:crafting' recipe, of type: "shaped", with name: 'crafttweaker:medical_storage' that outputs: '<item:apocalypsenow:medical_storage>'
[18:25:31.812][INFO]: Removing 'crafting' recipes with output: 'com.blamejared.crafttweaker.api.item.MCItemStack@585f581e'
[18:25:31.814][INFO]: Adding 'minecraft:crafting' recipe, of type: "shaped", with name: 'crafttweaker:safe' that outputs: '<item:apocalypsenow:safe>'
[18:25:31.814][INFO]: Removing 'crafting' recipes with output: 'com.blamejared.crafttweaker.api.item.MCItemStack@96eb4603'
[18:25:31.815][INFO]: Adding 'minecraft:crafting' recipe, of type: "shaped", with name: 'crafttweaker:sedexbox' that outputs: '<item:apocalypsenow:sedexbox>'
[18:25:31.815][INFO]: Removing 'crafting' recipes with output: 'com.blamejared.crafttweaker.api.item.MCItemStack@c735caec'
[18:25:31.817][INFO]: Adding 'minecraft:crafting' recipe, of type: "shapeless", with name: 'crafttweaker:bomb_defusing_kit' that outputs: '<item:apocalypsenow:bomb_defusing_kit>'
[18:25:31.818][INFO]: Removing 'minecraft:crafting' recipe(s) with name(s): '[car:battery]'
[18:25:31.819][INFO]: Adding 'create:sequenced_assembly' recipe, with name: 'crafttweaker:sequenced_assembly/battery' that outputs: '<item:car:battery>'
[18:25:31.820][INFO]: Removing 'minecraft:crafting' recipe(s) with name(s): '[car:engine_piston]'
[18:25:31.820][INFO]: Adding 'create:sequenced_assembly' recipe, with name: 'crafttweaker:sequenced_assembly/engine_piston' that outputs: '<item:car:engine_piston>'
[18:25:31.820][INFO]: Removing 'minecraft:crafting' recipe(s) with name(s): '[car:engine_3_cylinder]'
[18:25:31.821][INFO]: Adding 'create:sequenced_assembly' recipe, with name: 'crafttweaker:sequenced_assembly/engine_3_cylinder' that outputs: '<item:car:engine_3_cylinder>'
[18:25:31.821][INFO]: Removing 'minecraft:crafting' recipe(s) with name(s): '[car:engine_6_cylinder]'
[18:25:31.822][INFO]: Adding 'create:sequenced_assembly' recipe, with name: 'crafttweaker:sequenced_assembly/engine_6_cylinder' that outputs: '<item:car:engine_6_cylinder>'
[18:25:31.822][INFO]: Removing 'minecraft:crafting' recipe(s) with name(s): '[car:engine_truck]'
[18:25:31.823][INFO]: Adding 'create:sequenced_assembly' recipe, with name: 'crafttweaker:sequenced_assembly/engine_truck' that outputs: '<item:car:engine_truck>'
[18:25:31.824][INFO]: Removing 'minecraft:crafting' recipe(s) with name(s): '[car:wheel]'
[18:25:31.824][INFO]: Adding 'create:sequenced_assembly' recipe, with name: 'crafttweaker:sequenced_assembly/wheel' that outputs: '<item:car:wheel>'
[18:25:31.824][INFO]: Removing 'minecraft:crafting' recipe(s) with name(s): '[car:big_wheel]'
[18:25:31.825][INFO]: Adding 'create:sequenced_assembly' recipe, with name: 'crafttweaker:sequenced_assembly/big_wheel' that outputs: '<item:car:big_wheel>'
[18:25:31.825][INFO]: Removing 'minecraft:crafting' recipe(s) with name(s): '[car:small_tank]'
[18:25:31.825][INFO]: Adding 'create:sequenced_assembly' recipe, with name: 'crafttweaker:sequenced_assembly/small_tank' that outputs: '<item:car:small_tank>'
[18:25:31.825][INFO]: Removing 'minecraft:crafting' recipe(s) with name(s): '[car:medium_tank]'
[18:25:31.825][INFO]: Adding 'create:sequenced_assembly' recipe, with name: 'crafttweaker:sequenced_assembly/medium_tank' that outputs: '<item:car:medium_tank>'
[18:25:31.825][INFO]: Removing 'minecraft:crafting' recipe(s) with name(s): '[car:large_tank]'
[18:25:31.826][INFO]: Adding 'create:sequenced_assembly' recipe, with name: 'crafttweaker:sequenced_assembly/large_tank' that outputs: '<item:car:large_tank>'
[18:25:31.826][INFO]: Removing 'minecraft:crafting' recipe(s) with name(s): '[car:canister]'
[18:25:31.826][INFO]: Adding 'minecraft:crafting' recipe, of type: "shaped", with name: 'crafttweaker:canister' that outputs: '<item:car:canister>'
[18:25:31.827][INFO]: Removing 'minecraft:crafting' recipe(s) with name(s): '[car:gas_station]'
[18:25:31.827][INFO]: Adding 'create:mechanical_crafting' recipe, with name: 'crafttweaker:gas_station' that outputs: '<item:car:gas_station>'
[18:25:31.827][INFO]: Removing 'minecraft:crafting' recipe(s) with name(s): '[car:oak_body]'
[18:25:31.828][INFO]: Adding 'create:mechanical_crafting' recipe, with name: 'crafttweaker:oak_body' that outputs: '<item:car:oak_body>'
[18:25:31.828][INFO]: Removing 'minecraft:crafting' recipe(s) with name(s): '[car:acacia_body]'
[18:25:31.828][INFO]: Adding 'create:mechanical_crafting' recipe, with name: 'crafttweaker:acacia_body' that outputs: '<item:car:acacia_body>'
[18:25:31.828][INFO]: Removing 'minecraft:crafting' recipe(s) with name(s): '[car:dark_oak_body]'
[18:25:31.829][INFO]: Adding 'create:mechanical_crafting' recipe, with name: 'crafttweaker:dark_oak_body' that outputs: '<item:car:dark_oak_body>'
[18:25:31.829][INFO]: Removing 'minecraft:crafting' recipe(s) with name(s): '[car:birch_body]'
[18:25:31.829][INFO]: Adding 'create:mechanical_crafting' recipe, with name: 'crafttweaker:birch_body' that outputs: '<item:car:birch_body>'
[18:25:31.829][INFO]: Removing 'minecraft:crafting' recipe(s) with name(s): '[car:jungle_body]'
[18:25:31.830][INFO]: Adding 'create:mechanical_crafting' recipe, with name: 'crafttweaker:jungle_body' that outputs: '<item:car:jungle_body>'
[18:25:31.830][INFO]: Removing 'minecraft:crafting' recipe(s) with name(s): '[car:spruce_body]'
[18:25:31.830][INFO]: Adding 'create:mechanical_crafting' recipe, with name: 'crafttweaker:spruce_body' that outputs: '<item:car:spruce_body>'
[18:25:31.830][INFO]: Removing 'minecraft:crafting' recipe(s) with name(s): '[car:crimson_body]'
[18:25:31.830][INFO]: Adding 'create:mechanical_crafting' recipe, with name: 'crafttweaker:crimson_body' that outputs: '<item:car:crimson_body>'
[18:25:31.830][INFO]: Removing 'minecraft:crafting' recipe(s) with name(s): '[car:warped_body]'
[18:25:31.830][INFO]: Adding 'create:mechanical_crafting' recipe, with name: 'crafttweaker:warped_body' that outputs: '<item:car:warped_body>'
[18:25:31.831][INFO]: Removing 'minecraft:crafting' recipe(s) with name(s): '[car:big_oak_body]'
[18:25:31.831][INFO]: Adding 'create:mechanical_crafting' recipe, with name: 'crafttweaker:big_oak_body' that outputs: '<item:car:big_oak_body>'
[18:25:31.831][INFO]: Removing 'minecraft:crafting' recipe(s) with name(s): '[car:big_acacia_body]'
[18:25:31.831][INFO]: Adding 'create:mechanical_crafting' recipe, with name: 'crafttweaker:big_acacia_body' that outputs: '<item:car:big_acacia_body>'
[18:25:31.831][INFO]: Removing 'minecraft:crafting' recipe(s) with name(s): '[car:big_dark_oak_body]'
[18:25:31.832][INFO]: Adding 'create:mechanical_crafting' recipe, with name: 'crafttweaker:big_dark_oak_body' that outputs: '<item:car:big_dark_oak_body>'
[18:25:31.832][INFO]: Removing 'minecraft:crafting' recipe(s) with name(s): '[car:big_birch_body]'
[18:25:31.832][INFO]: Adding 'create:mechanical_crafting' recipe, with name: 'crafttweaker:big_birch_body' that outputs: '<item:car:big_birch_body>'
[18:25:31.832][INFO]: Removing 'minecraft:crafting' recipe(s) with name(s): '[car:big_jungle_body]'
[18:25:31.833][INFO]: Adding 'create:mechanical_crafting' recipe, with name: 'crafttweaker:big_jungle_body' that outputs: '<item:car:big_jungle_body>'
[18:25:31.833][INFO]: Removing 'minecraft:crafting' recipe(s) with name(s): '[car:big_spruce_body]'
[18:25:31.833][INFO]: Adding 'create:mechanical_crafting' recipe, with name: 'crafttweaker:big_spruce_body' that outputs: '<item:car:big_spruce_body>'
[18:25:31.833][INFO]: Removing 'minecraft:crafting' recipe(s) with name(s): '[car:big_crimson_body]'
[18:25:31.833][INFO]: Adding 'create:mechanical_crafting' recipe, with name: 'crafttweaker:big_crimson_body' that outputs: '<item:car:big_crimson_body>'
[18:25:31.833][INFO]: Removing 'minecraft:crafting' recipe(s) with name(s): '[car:big_warped_body]'
[18:25:31.834][INFO]: Adding 'create:mechanical_crafting' recipe, with name: 'crafttweaker:big_warped_body' that outputs: '<item:car:big_warped_body>'
[18:25:31.834][INFO]: Removing 'minecraft:crafting' recipe(s) with name(s): '[car:black_transporter_body]'
[18:25:31.834][INFO]: Adding 'create:mechanical_crafting' recipe, with name: 'crafttweaker:black_transporter_body' that outputs: '<item:car:black_transporter_body>'
[18:25:31.834][INFO]: Removing 'minecraft:crafting' recipe(s) with name(s): '[car:white_transporter_body]'
[18:25:31.835][INFO]: Adding 'create:mechanical_crafting' recipe, with name: 'crafttweaker:white_transporter_body' that outputs: '<item:car:white_transporter_body>'
[18:25:31.835][INFO]: Removing 'minecraft:crafting' recipe(s) with name(s): '[car:blue_transporter_body]'
[18:25:31.835][INFO]: Adding 'create:mechanical_crafting' recipe, with name: 'crafttweaker:blue_transporter_body' that outputs: '<item:car:blue_transporter_body>'
[18:25:31.835][INFO]: Removing 'minecraft:crafting' recipe(s) with name(s): '[car:brown_transporter_body]'
[18:25:31.836][INFO]: Adding 'create:mechanical_crafting' recipe, with name: 'crafttweaker:brown_transporter_body' that outputs: '<item:car:brown_transporter_body>'
[18:25:31.836][INFO]: Removing 'minecraft:crafting' recipe(s) with name(s): '[car:cyan_transporter_body]'
[18:25:31.836][INFO]: Adding 'create:mechanical_crafting' recipe, with name: 'crafttweaker:cyan_transporter_body' that outputs: '<item:car:cyan_transporter_body>'
[18:25:31.836][INFO]: Removing 'minecraft:crafting' recipe(s) with name(s): '[car:gray_transporter_body]'
[18:25:31.836][INFO]: Adding 'create:mechanical_crafting' recipe, with name: 'crafttweaker:gray_transporter_body' that outputs: '<item:car:gray_transporter_body>'
[18:25:31.837][INFO]: Removing 'minecraft:crafting' recipe(s) with name(s): '[car:green_transporter_body]'
[18:25:31.837][INFO]: Adding 'create:mechanical_crafting' recipe, with name: 'crafttweaker:green_transporter_body' that outputs: '<item:car:green_transporter_body>'
[18:25:31.837][INFO]: Removing 'minecraft:crafting' recipe(s) with name(s): '[car:light_blue_transporter_body]'
[18:25:31.837][INFO]: Adding 'create:mechanical_crafting' recipe, with name: 'crafttweaker:light_blue_transporter_body' that outputs: '<item:car:light_blue_transporter_body>'
[18:25:31.837][INFO]: Removing 'minecraft:crafting' recipe(s) with name(s): '[car:lime_transporter_body]'
[18:25:31.838][INFO]: Adding 'create:mechanical_crafting' recipe, with name: 'crafttweaker:lime_transporter_body' that outputs: '<item:car:lime_transporter_body>'
[18:25:31.838][INFO]: Removing 'minecraft:crafting' recipe(s) with name(s): '[car:magenta_transporter_body]'
[18:25:31.838][INFO]: Adding 'create:mechanical_crafting' recipe, with name: 'crafttweaker:magenta_transporter_body' that outputs: '<item:car:magenta_transporter_body>'
[18:25:31.838][INFO]: Removing 'minecraft:crafting' recipe(s) with name(s): '[car:orange_transporter_body]'
[18:25:31.839][INFO]: Adding 'create:mechanical_crafting' recipe, with name: 'crafttweaker:orange_transporter_body' that outputs: '<item:car:orange_transporter_body>'
[18:25:31.839][INFO]: Removing 'minecraft:crafting' recipe(s) with name(s): '[car:pink_transporter_body]'
[18:25:31.839][INFO]: Adding 'create:mechanical_crafting' recipe, with name: 'crafttweaker:pink_transporter_body' that outputs: '<item:car:pink_transporter_body>'
[18:25:31.839][INFO]: Removing 'minecraft:crafting' recipe(s) with name(s): '[car:purple_transporter_body]'
[18:25:31.839][INFO]: Adding 'create:mechanical_crafting' recipe, with name: 'crafttweaker:purple_transporter_body' that outputs: '<item:car:purple_transporter_body>'
[18:25:31.839][INFO]: Removing 'minecraft:crafting' recipe(s) with name(s): '[car:red_transporter_body]'
[18:25:31.840][INFO]: Adding 'create:mechanical_crafting' recipe, with name: 'crafttweaker:red_transporter_body' that outputs: '<item:car:red_transporter_body>'
[18:25:31.840][INFO]: Removing 'minecraft:crafting' recipe(s) with name(s): '[car:light_gray_transporter_body]'
[18:25:31.840][INFO]: Adding 'create:mechanical_crafting' recipe, with name: 'crafttweaker:light_gray_transporter_body' that outputs: '<item:car:light_gray_transporter_body>'
[18:25:31.840][INFO]: Removing 'minecraft:crafting' recipe(s) with name(s): '[car:yellow_transporter_body]'
[18:25:31.841][INFO]: Adding 'create:mechanical_crafting' recipe, with name: 'crafttweaker:yellow_transporter_body' that outputs: '<item:car:yellow_transporter_body>'
[18:25:31.841][INFO]: Removing 'minecraft:crafting' recipe(s) with name(s): '[car:white_suv_body]'
[18:25:31.841][INFO]: Adding 'create:mechanical_crafting' recipe, with name: 'crafttweaker:white_suv_body' that outputs: '<item:car:white_suv_body>'
[18:25:31.841][INFO]: Removing 'minecraft:crafting' recipe(s) with name(s): '[car:black_suv_body]'
[18:25:31.842][INFO]: Adding 'create:mechanical_crafting' recipe, with name: 'crafttweaker:black_suv_body' that outputs: '<item:car:black_suv_body>'
[18:25:31.842][INFO]: Removing 'minecraft:crafting' recipe(s) with name(s): '[car:blue_suv_body]'
[18:25:31.842][INFO]: Adding 'create:mechanical_crafting' recipe, with name: 'crafttweaker:blue_suv_body' that outputs: '<item:car:blue_suv_body>'
[18:25:31.842][INFO]: Removing 'minecraft:crafting' recipe(s) with name(s): '[car:brown_suv_body]'
[18:25:31.843][INFO]: Adding 'create:mechanical_crafting' recipe, with name: 'crafttweaker:brown_suv_body' that outputs: '<item:car:brown_suv_body>'
[18:25:31.843][INFO]: Removing 'minecraft:crafting' recipe(s) with name(s): '[car:cyan_suv_body]'
[18:25:31.843][INFO]: Adding 'create:mechanical_crafting' recipe, with name: 'crafttweaker:cyan_suv_body' that outputs: '<item:car:cyan_suv_body>'
[18:25:31.843][INFO]: Removing 'minecraft:crafting' recipe(s) with name(s): '[car:gray_suv_body]'
[18:25:31.843][INFO]: Adding 'create:mechanical_crafting' recipe, with name: 'crafttweaker:gray_suv_body' that outputs: '<item:car:gray_suv_body>'
[18:25:31.843][INFO]: Removing 'minecraft:crafting' recipe(s) with name(s): '[car:green_suv_body]'
[18:25:31.844][INFO]: Adding 'create:mechanical_crafting' recipe, with name: 'crafttweaker:green_suv_body' that outputs: '<item:car:green_suv_body>'
[18:25:31.844][INFO]: Removing 'minecraft:crafting' recipe(s) with name(s): '[car:light_blue_suv_body]'
[18:25:31.844][INFO]: Adding 'create:mechanical_crafting' recipe, with name: 'crafttweaker:light_blue_suv_body' that outputs: '<item:car:light_blue_suv_body>'
[18:25:31.844][INFO]: Removing 'minecraft:crafting' recipe(s) with name(s): '[car:lime_suv_body]'
[18:25:31.845][INFO]: Adding 'create:mechanical_crafting' recipe, with name: 'crafttweaker:lime_suv_body' that outputs: '<item:car:lime_suv_body>'
[18:25:31.845][INFO]: Removing 'minecraft:crafting' recipe(s) with name(s): '[car:magenta_suv_body]'
[18:25:31.845][INFO]: Adding 'create:mechanical_crafting' recipe, with name: 'crafttweaker:magenta_suv_body' that outputs: '<item:car:magenta_suv_body>'
[18:25:31.845][INFO]: Removing 'minecraft:crafting' recipe(s) with name(s): '[car:orange_suv_body]'
[18:25:31.845][INFO]: Adding 'create:mechanical_crafting' recipe, with name: 'crafttweaker:orange_suv_body' that outputs: '<item:car:orange_suv_body>'
[18:25:31.845][INFO]: Removing 'minecraft:crafting' recipe(s) with name(s): '[car:pink_suv_body]'
[18:25:31.846][INFO]: Adding 'create:mechanical_crafting' recipe, with name: 'crafttweaker:pink_suv_body' that outputs: '<item:car:pink_suv_body>'
[18:25:31.846][INFO]: Removing 'minecraft:crafting' recipe(s) with name(s): '[car:purple_suv_body]'
[18:25:31.846][INFO]: Adding 'create:mechanical_crafting' recipe, with name: 'crafttweaker:purple_suv_body' that outputs: '<item:car:purple_suv_body>'
[18:25:31.846][INFO]: Removing 'minecraft:crafting' recipe(s) with name(s): '[car:red_suv_body]'
[18:25:31.847][INFO]: Adding 'create:mechanical_crafting' recipe, with name: 'crafttweaker:red_suv_body' that outputs: '<item:car:red_suv_body>'
[18:25:31.847][INFO]: Removing 'minecraft:crafting' recipe(s) with name(s): '[car:light_gray_suv_body]'
[18:25:31.847][INFO]: Adding 'create:mechanical_crafting' recipe, with name: 'crafttweaker:light_gray_suv_body' that outputs: '<item:car:light_gray_suv_body>'
[18:25:31.847][INFO]: Removing 'minecraft:crafting' recipe(s) with name(s): '[car:yellow_suv_body]'
[18:25:31.847][INFO]: Adding 'create:mechanical_crafting' recipe, with name: 'crafttweaker:yellow_suv_body' that outputs: '<item:car:yellow_suv_body>'
[18:25:31.847][INFO]: Removing 'minecraft:crafting' recipe(s) with name(s): '[car:white_sport_body]'
[18:25:31.848][INFO]: Adding 'create:mechanical_crafting' recipe, with name: 'crafttweaker:white_sport_body' that outputs: '<item:car:white_sport_body>'
[18:25:31.848][INFO]: Removing 'minecraft:crafting' recipe(s) with name(s): '[car:black_sport_body]'
[18:25:31.848][INFO]: Adding 'create:mechanical_crafting' recipe, with name: 'crafttweaker:black_sport_body' that outputs: '<item:car:black_sport_body>'
[18:25:31.848][INFO]: Removing 'minecraft:crafting' recipe(s) with name(s): '[car:blue_sport_body]'
[18:25:31.849][INFO]: Adding 'create:mechanical_crafting' recipe, with name: 'crafttweaker:blue_sport_body' that outputs: '<item:car:blue_sport_body>'
[18:25:31.849][INFO]: Removing 'minecraft:crafting' recipe(s) with name(s): '[car:brown_sport_body]'
[18:25:31.849][INFO]: Adding 'create:mechanical_crafting' recipe, with name: 'crafttweaker:brown_sport_body' that outputs: '<item:car:brown_sport_body>'
[18:25:31.849][INFO]: Removing 'minecraft:crafting' recipe(s) with name(s): '[car:cyan_sport_body]'
[18:25:31.849][INFO]: Adding 'create:mechanical_crafting' recipe, with name: 'crafttweaker:cyan_sport_body' that outputs: '<item:car:cyan_sport_body>'
[18:25:31.849][INFO]: Removing 'minecraft:crafting' recipe(s) with name(s): '[car:gray_sport_body]'
[18:25:31.850][INFO]: Adding 'create:mechanical_crafting' recipe, with name: 'crafttweaker:gray_sport_body' that outputs: '<item:car:gray_sport_body>'
[18:25:31.850][INFO]: Removing 'minecraft:crafting' recipe(s) with name(s): '[car:green_sport_body]'
[18:25:31.850][INFO]: Adding 'create:mechanical_crafting' recipe, with name: 'crafttweaker:green_sport_body' that outputs: '<item:car:green_sport_body>'
[18:25:31.850][INFO]: Removing 'minecraft:crafting' recipe(s) with name(s): '[car:light_blue_sport_body]'
[18:25:31.850][INFO]: Adding 'create:mechanical_crafting' recipe, with name: 'crafttweaker:light_blue_sport_body' that outputs: '<item:car:light_blue_sport_body>'
[18:25:31.850][INFO]: Removing 'minecraft:crafting' recipe(s) with name(s): '[car:lime_sport_body]'
[18:25:31.851][INFO]: Adding 'create:mechanical_crafting' recipe, with name: 'crafttweaker:lime_sport_body' that outputs: '<item:car:lime_sport_body>'
[18:25:31.851][INFO]: Removing 'minecraft:crafting' recipe(s) with name(s): '[car:magenta_sport_body]'
[18:25:31.851][INFO]: Adding 'create:mechanical_crafting' recipe, with name: 'crafttweaker:magenta_sport_body' that outputs: '<item:car:magenta_sport_body>'
[18:25:31.851][INFO]: Removing 'minecraft:crafting' recipe(s) with name(s): '[car:orange_sport_body]'
[18:25:31.851][INFO]: Adding 'create:mechanical_crafting' recipe, with name: 'crafttweaker:orange_sport_body' that outputs: '<item:car:orange_sport_body>'
[18:25:31.852][INFO]: Removing 'minecraft:crafting' recipe(s) with name(s): '[car:pink_sport_body]'
[18:25:31.852][INFO]: Adding 'create:mechanical_crafting' recipe, with name: 'crafttweaker:pink_sport_body' that outputs: '<item:car:pink_sport_body>'
[18:25:31.852][INFO]: Removing 'minecraft:crafting' recipe(s) with name(s): '[car:purple_sport_body]'
[18:25:31.852][INFO]: Adding 'create:mechanical_crafting' recipe, with name: 'crafttweaker:purple_sport_body' that outputs: '<item:car:purple_sport_body>'
[18:25:31.852][INFO]: Removing 'minecraft:crafting' recipe(s) with name(s): '[car:red_sport_body]'
[18:25:31.853][INFO]: Adding 'create:mechanical_crafting' recipe, with name: 'crafttweaker:red_sport_body' that outputs: '<item:car:red_sport_body>'
[18:25:31.853][INFO]: Removing 'minecraft:crafting' recipe(s) with name(s): '[car:light_gray_sport_body]'
[18:25:31.853][INFO]: Adding 'create:mechanical_crafting' recipe, with name: 'crafttweaker:light_gray_sport_body' that outputs: '<item:car:light_gray_sport_body>'
[18:25:31.853][INFO]: Removing 'minecraft:crafting' recipe(s) with name(s): '[car:yellow_sport_body]'
[18:25:31.853][INFO]: Adding 'create:mechanical_crafting' recipe, with name: 'crafttweaker:yellow_sport_body' that outputs: '<item:car:yellow_sport_body>'
[18:25:31.854][INFO]: Removing 'minecraft:crafting' recipe(s) with name(s): '[car:white_container]'
[18:25:31.854][INFO]: Adding 'minecraft:crafting' recipe, of type: "shaped", with name: 'crafttweaker:white_container' that outputs: '<item:car:white_container>'
[18:25:31.854][INFO]: Removing 'minecraft:crafting' recipe(s) with name(s): '[car:black_container]'
[18:25:31.855][INFO]: Adding 'minecraft:crafting' recipe, of type: "shaped", with name: 'crafttweaker:black_container' that outputs: '<item:car:black_container>'
[18:25:31.855][INFO]: Removing 'minecraft:crafting' recipe(s) with name(s): '[car:blue_container]'
[18:25:31.855][INFO]: Adding 'minecraft:crafting' recipe, of type: "shaped", with name: 'crafttweaker:blue_container' that outputs: '<item:car:blue_container>'
[18:25:31.855][INFO]: Removing 'minecraft:crafting' recipe(s) with name(s): '[car:brown_container]'
[18:25:31.855][INFO]: Adding 'minecraft:crafting' recipe, of type: "shaped", with name: 'crafttweaker:brown_container' that outputs: '<item:car:brown_container>'
[18:25:31.855][INFO]: Removing 'minecraft:crafting' recipe(s) with name(s): '[car:cyan_container]'
[18:25:31.856][INFO]: Adding 'minecraft:crafting' recipe, of type: "shaped", with name: 'crafttweaker:cyan_container' that outputs: '<item:car:cyan_container>'
[18:25:31.856][INFO]: Removing 'minecraft:crafting' recipe(s) with name(s): '[car:gray_container]'
[18:25:31.856][INFO]: Adding 'minecraft:crafting' recipe, of type: "shaped", with name: 'crafttweaker:gray_container' that outputs: '<item:car:gray_container>'
[18:25:31.856][INFO]: Removing 'minecraft:crafting' recipe(s) with name(s): '[car:green_container]'
[18:25:31.856][INFO]: Adding 'minecraft:crafting' recipe, of type: "shaped", with name: 'crafttweaker:green_container' that outputs: '<item:car:green_container>'
[18:25:31.856][INFO]: Removing 'minecraft:crafting' recipe(s) with name(s): '[car:light_blue_container]'
[18:25:31.856][INFO]: Adding 'minecraft:crafting' recipe, of type: "shaped", with name: 'crafttweaker:light_blue_container' that outputs: '<item:car:light_blue_container>'
[18:25:31.857][INFO]: Removing 'minecraft:crafting' recipe(s) with name(s): '[car:lime_container]'
[18:25:31.857][INFO]: Adding 'minecraft:crafting' recipe, of type: "shaped", with name: 'crafttweaker:lime_container' that outputs: '<item:car:lime_container>'
[18:25:31.857][INFO]: Removing 'minecraft:crafting' recipe(s) with name(s): '[car:magenta_container]'
[18:25:31.857][INFO]: Adding 'minecraft:crafting' recipe, of type: "shaped", with name: 'crafttweaker:magenta_container' that outputs: '<item:car:magenta_container>'
[18:25:31.857][INFO]: Removing 'minecraft:crafting' recipe(s) with name(s): '[car:orange_container]'
[18:25:31.857][INFO]: Adding 'minecraft:crafting' recipe, of type: "shaped", with name: 'crafttweaker:orange_container' that outputs: '<item:car:orange_container>'
[18:25:31.857][INFO]: Removing 'minecraft:crafting' recipe(s) with name(s): '[car:pink_container]'
[18:25:31.858][INFO]: Adding 'minecraft:crafting' recipe, of type: "shaped", with name: 'crafttweaker:pink_container' that outputs: '<item:car:pink_container>'
[18:25:31.858][INFO]: Removing 'minecraft:crafting' recipe(s) with name(s): '[car:purple_container]'
[18:25:31.858][INFO]: Adding 'minecraft:crafting' recipe, of type: "shaped", with name: 'crafttweaker:purple_container' that outputs: '<item:car:purple_container>'
[18:25:31.858][INFO]: Removing 'minecraft:crafting' recipe(s) with name(s): '[car:red_container]'
[18:25:31.858][INFO]: Adding 'minecraft:crafting' recipe, of type: "shaped", with name: 'crafttweaker:red_container' that outputs: '<item:car:red_container>'
[18:25:31.858][INFO]: Removing 'minecraft:crafting' recipe(s) with name(s): '[car:light_gray_container]'
[18:25:31.859][INFO]: Adding 'minecraft:crafting' recipe, of type: "shaped", with name: 'crafttweaker:light_gray_container' that outputs: '<item:car:light_gray_container>'
[18:25:31.859][INFO]: Removing 'minecraft:crafting' recipe(s) with name(s): '[car:yellow_container]'
[18:25:31.859][INFO]: Adding 'minecraft:crafting' recipe, of type: "shaped", with name: 'crafttweaker:yellow_container' that outputs: '<item:car:yellow_container>'
[18:25:31.859][INFO]: Removing 'minecraft:crafting' recipe(s) with name(s): '[car:white_tank_container]'
[18:25:31.859][INFO]: Adding 'minecraft:crafting' recipe, of type: "shaped", with name: 'crafttweaker:white_tank_container' that outputs: '<item:car:white_tank_container>'
[18:25:31.859][INFO]: Removing 'minecraft:crafting' recipe(s) with name(s): '[car:black_tank_container]'
[18:25:31.859][INFO]: Adding 'minecraft:crafting' recipe, of type: "shaped", with name: 'crafttweaker:black_tank_container' that outputs: '<item:car:black_tank_container>'
[18:25:31.860][INFO]: Removing 'minecraft:crafting' recipe(s) with name(s): '[car:blue_tank_container]'
[18:25:31.860][INFO]: Adding 'minecraft:crafting' recipe, of type: "shaped", with name: 'crafttweaker:blue_tank_container' that outputs: '<item:car:blue_tank_container>'
[18:25:31.860][INFO]: Removing 'minecraft:crafting' recipe(s) with name(s): '[car:brown_tank_container]'
[18:25:31.860][INFO]: Adding 'minecraft:crafting' recipe, of type: "shaped", with name: 'crafttweaker:brown_tank_container' that outputs: '<item:car:brown_tank_container>'
[18:25:31.860][INFO]: Removing 'minecraft:crafting' recipe(s) with name(s): '[car:cyan_tank_container]'
[18:25:31.860][INFO]: Adding 'minecraft:crafting' recipe, of type: "shaped", with name: 'crafttweaker:cyan_tank_container' that outputs: '<item:car:cyan_tank_container>'
[18:25:31.860][INFO]: Removing 'minecraft:crafting' recipe(s) with name(s): '[car:gray_tank_container]'
[18:25:31.861][INFO]: Adding 'minecraft:crafting' recipe, of type: "shaped", with name: 'crafttweaker:gray_tank_container' that outputs: '<item:car:gray_tank_container>'
[18:25:31.861][INFO]: Removing 'minecraft:crafting' recipe(s) with name(s): '[car:green_tank_container]'
[18:25:31.861][INFO]: Adding 'minecraft:crafting' recipe, of type: "shaped", with name: 'crafttweaker:green_tank_container' that outputs: '<item:car:green_tank_container>'
[18:25:31.861][INFO]: Removing 'minecraft:crafting' recipe(s) with name(s): '[car:light_blue_tank_container]'
[18:25:31.861][INFO]: Adding 'minecraft:crafting' recipe, of type: "shaped", with name: 'crafttweaker:light_blue_tank_container' that outputs: '<item:car:light_blue_tank_container>'
[18:25:31.861][INFO]: Removing 'minecraft:crafting' recipe(s) with name(s): '[car:lime_tank_container]'
[18:25:31.862][INFO]: Adding 'minecraft:crafting' recipe, of type: "shaped", with name: 'crafttweaker:lime_tank_container' that outputs: '<item:car:lime_tank_container>'
[18:25:31.862][INFO]: Removing 'minecraft:crafting' recipe(s) with name(s): '[car:magenta_tank_container]'
[18:25:31.862][INFO]: Adding 'minecraft:crafting' recipe, of type: "shaped", with name: 'crafttweaker:magenta_tank_container' that outputs: '<item:car:magenta_tank_container>'
[18:25:31.862][INFO]: Removing 'minecraft:crafting' recipe(s) with name(s): '[car:orange_tank_container]'
[18:25:31.862][INFO]: Adding 'minecraft:crafting' recipe, of type: "shaped", with name: 'crafttweaker:orange_tank_container' that outputs: '<item:car:orange_tank_container>'
[18:25:31.862][INFO]: Removing 'minecraft:crafting' recipe(s) with name(s): '[car:pink_tank_container]'
[18:25:31.862][INFO]: Adding 'minecraft:crafting' recipe, of type: "shaped", with name: 'crafttweaker:pink_tank_container' that outputs: '<item:car:pink_tank_container>'
[18:25:31.862][INFO]: Removing 'minecraft:crafting' recipe(s) with name(s): '[car:purple_tank_container]'
[18:25:31.863][INFO]: Adding 'minecraft:crafting' recipe, of type: "shaped", with name: 'crafttweaker:purple_tank_container' that outputs: '<item:car:purple_tank_container>'
[18:25:31.863][INFO]: Removing 'minecraft:crafting' recipe(s) with name(s): '[car:red_tank_container]'
[18:25:31.863][INFO]: Adding 'minecraft:crafting' recipe, of type: "shaped", with name: 'crafttweaker:red_tank_container' that outputs: '<item:car:red_tank_container>'
[18:25:31.863][INFO]: Removing 'minecraft:crafting' recipe(s) with name(s): '[car:light_gray_tank_container]'
[18:25:31.863][INFO]: Adding 'minecraft:crafting' recipe, of type: "shaped", with name: 'crafttweaker:light_gray_tank_container' that outputs: '<item:car:light_gray_tank_container>'
[18:25:31.863][INFO]: Removing 'minecraft:crafting' recipe(s) with name(s): '[car:yellow_tank_container]'
[18:25:31.864][INFO]: Adding 'minecraft:crafting' recipe, of type: "shaped", with name: 'crafttweaker:yellow_tank_container' that outputs: '<item:car:yellow_tank_container>'
[18:25:31.865][INFO]: Removing 'crafting' recipes with output: 'com.blamejared.crafttweaker.api.item.MCItemStack@59a35342'
[18:25:31.868][INFO]: Adding 'minecraft:crafting' recipe, of type: "shaped", with name: 'crafttweaker:hearth' that outputs: '<item:cold_sweat:hearth>'
[18:25:31.869][INFO]: Registering new items tag with name <tag:items:forge:cooler_materials>
[18:25:31.869][INFO]: Registering new items tag with name <tag:items:forge:ice>
[18:25:31.870][INFO]: Adding: [minecraft:ice] to tag: <tag:items:forge:ice>
[18:25:31.870][INFO]: Adding: [minecraft:packed_ice] to tag: <tag:items:forge:ice>
[18:25:31.870][INFO]: Adding: [minecraft:blue_ice] to tag: <tag:items:forge:ice>
[18:25:31.870][INFO]: Removing 'crafting' recipes with output: 'com.blamejared.crafttweaker.api.item.MCItemStack@39d18f88'
[18:25:31.872][INFO]: Adding 'minecraft:crafting' recipe, of type: "shaped", with name: 'crafttweaker:black_cooler' that outputs: '<item:cfm:black_cooler>'
[18:25:31.872][INFO]: Removing 'crafting' recipes with output: 'com.blamejared.crafttweaker.api.item.MCItemStack@851761d4'
[18:25:31.873][INFO]: Adding 'minecraft:crafting' recipe, of type: "shaped", with name: 'crafttweaker:white_cooler' that outputs: '<item:cfm:white_cooler>'
[18:25:31.873][INFO]: Removing 'crafting' recipes with output: 'com.blamejared.crafttweaker.api.item.MCItemStack@150bcf26'
[18:25:31.875][INFO]: Adding 'minecraft:crafting' recipe, of type: "shaped", with name: 'crafttweaker:orange_cooler' that outputs: '<item:cfm:orange_cooler>'
[18:25:31.875][INFO]: Removing 'crafting' recipes with output: 'com.blamejared.crafttweaker.api.item.MCItemStack@760d7971'
[18:25:31.876][INFO]: Adding 'minecraft:crafting' recipe, of type: "shaped", with name: 'crafttweaker:magenta_cooler' that outputs: '<item:cfm:magenta_cooler>'
[18:25:31.876][INFO]: Removing 'crafting' recipes with output: 'com.blamejared.crafttweaker.api.item.MCItemStack@5f500e1c'
[18:25:31.878][INFO]: Adding 'minecraft:crafting' recipe, of type: "shaped", with name: 'crafttweaker:light_blue_cooler' that outputs: '<item:cfm:light_blue_cooler>'
[18:25:31.878][INFO]: Removing 'crafting' recipes with output: 'com.blamejared.crafttweaker.api.item.MCItemStack@35df31ad'
[18:25:31.879][INFO]: Adding 'minecraft:crafting' recipe, of type: "shaped", with name: 'crafttweaker:yellow_cooler' that outputs: '<item:cfm:yellow_cooler>'
[18:25:31.879][INFO]: Removing 'crafting' recipes with output: 'com.blamejared.crafttweaker.api.item.MCItemStack@b83622f8'
[18:25:31.880][INFO]: Adding 'minecraft:crafting' recipe, of type: "shaped", with name: 'crafttweaker:lime_cooler' that outputs: '<item:cfm:lime_cooler>'
[18:25:31.880][INFO]: Removing 'crafting' recipes with output: 'com.blamejared.crafttweaker.api.item.MCItemStack@e7661ed7'
[18:25:31.882][INFO]: Adding 'minecraft:crafting' recipe, of type: "shaped", with name: 'crafttweaker:pink_cooler' that outputs: '<item:cfm:pink_cooler>'
[18:25:31.882][INFO]: Removing 'crafting' recipes with output: 'com.blamejared.crafttweaker.api.item.MCItemStack@c9565e40'
[18:25:31.883][INFO]: Adding 'minecraft:crafting' recipe, of type: "shaped", with name: 'crafttweaker:gray_cooler' that outputs: '<item:cfm:gray_cooler>'
[18:25:31.883][INFO]: Removing 'crafting' recipes with output: 'com.blamejared.crafttweaker.api.item.MCItemStack@a368cb9f'
[18:25:31.885][INFO]: Adding 'minecraft:crafting' recipe, of type: "shaped", with name: 'crafttweaker:light_gray_cooler' that outputs: '<item:cfm:light_gray_cooler>'
[18:25:31.885][INFO]: Removing 'crafting' recipes with output: 'com.blamejared.crafttweaker.api.item.MCItemStack@8e759c93'
[18:25:31.886][INFO]: Adding 'minecraft:crafting' recipe, of type: "shaped", with name: 'crafttweaker:cyan_cooler' that outputs: '<item:cfm:cyan_cooler>'
[18:25:31.886][INFO]: Removing 'crafting' recipes with output: 'com.blamejared.crafttweaker.api.item.MCItemStack@4e1c0821'
[18:25:31.888][INFO]: Adding 'minecraft:crafting' recipe, of type: "shaped", with name: 'crafttweaker:purple_cooler' that outputs: '<item:cfm:purple_cooler>'
[18:25:31.888][INFO]: Removing 'crafting' recipes with output: 'com.blamejared.crafttweaker.api.item.MCItemStack@6d53ff24'
[18:25:31.889][INFO]: Adding 'minecraft:crafting' recipe, of type: "shaped", with name: 'crafttweaker:blue_cooler' that outputs: '<item:cfm:blue_cooler>'
[18:25:31.889][INFO]: Removing 'crafting' recipes with output: 'com.blamejared.crafttweaker.api.item.MCItemStack@29e1c36f'
[18:25:31.891][INFO]: Adding 'minecraft:crafting' recipe, of type: "shaped", with name: 'crafttweaker:brown_cooler' that outputs: '<item:cfm:brown_cooler>'
[18:25:31.891][INFO]: Removing 'crafting' recipes with output: 'com.blamejared.crafttweaker.api.item.MCItemStack@6db7d6bb'
[18:25:31.892][INFO]: Adding 'minecraft:crafting' recipe, of type: "shaped", with name: 'crafttweaker:green_cooler' that outputs: '<item:cfm:green_cooler>'
[18:25:31.892][INFO]: Removing 'crafting' recipes with output: 'com.blamejared.crafttweaker.api.item.MCItemStack@68f71d2b'
[18:25:31.893][INFO]: Adding 'minecraft:crafting' recipe, of type: "shaped", with name: 'crafttweaker:red_cooler' that outputs: '<item:cfm:red_cooler>'
[18:25:31.896][INFO]: Batching replacement for recipes from mods {createdeco} according to replacement rules {Replacing stacks <item:createdeco:cast_iron_ingot> --> <tag:items:forge:ingots/cast_iron>} (Warnings are suppressed for this batch replacement)
[18:25:31.899][INFO]: - Replacing "minecraft:crafting" recipe with name "createdeco:cast_iron_bars", renaming it to "crafttweaker:autogenerated/createdeco.cast_iron_bars"
[18:25:31.899][INFO]: - Replacing "minecraft:crafting" recipe with name "createdeco:cast_iron_hull", renaming it to "crafttweaker:autogenerated/createdeco.cast_iron_hull"
[18:25:31.901][INFO]: - Replacing "minecraft:crafting" recipe with name "createdeco:cast_iron_nugget_from_cast_iron_ingot", renaming it to "crafttweaker:autogenerated/createdeco.cast_iron_nugget_from_cast_iron_ingot"
[18:25:31.902][INFO]: - Replacing "minecraft:crafting" recipe with name "createdeco:cast_iron_trapdoor", renaming it to "crafttweaker:autogenerated/createdeco.cast_iron_trapdoor"
[18:25:31.910][INFO]: - Replacing "minecraft:crafting" recipe with name "createdeco:cast_iron_block", renaming it to "crafttweaker:autogenerated/createdeco.cast_iron_block"
[18:25:31.911][INFO]: - Replacing "minecraft:crafting" recipe with name "createdeco:cast_iron_door", renaming it to "crafttweaker:autogenerated/createdeco.cast_iron_door"
[18:25:31.915][INFO]: - Replacing "minecraft:stonecutting" recipe with name "createdeco:cast_iron_bars_from_cast_iron_ingot_stonecutting", renaming it to "crafttweaker:autogenerated/createdeco.cast_iron_bars_from_cast_iron_ingot_stonecutting"
[18:25:31.916][INFO]: Batch replacement completed
[18:25:31.916][INFO]: Removing 'create:pressing' recipe(s) with name(s): '[minecraft:pressing/cast_iron_sheet]'
[18:25:31.917][INFO]: Adding 'create:pressing' recipe, with name: 'crafttweaker:cast_iron_sheet' that outputs: '<item:createdeco:cast_iron_sheet>'
[18:25:31.917][INFO]: Removing 'crafting' recipes with output: 'com.blamejared.crafttweaker.api.item.MCItemStack@2ffbfa4a'
[18:25:31.920][INFO]: Adding 'minecraft:crafting' recipe, of type: "shaped", with name: 'crafttweaker:solid_shot' that outputs: '<item:createbigcannons:solid_shot>'
[18:25:31.920][INFO]: Removing 'crafting' recipes with output: 'com.blamejared.crafttweaker.api.item.MCItemStack@394ed16b'
[18:25:31.921][INFO]: Adding 'minecraft:crafting' recipe, of type: "shaped", with name: 'crafttweaker:bag_of_grapeshot' that outputs: '<item:createbigcannons:bag_of_grapeshot>'
[18:25:31.921][INFO]: Removing 'crafting' recipes with output: 'com.blamejared.crafttweaker.api.item.MCItemStack@398fa636'
[18:25:31.923][INFO]: Removing 'create:mechanical_crafting' recipes with output: 'com.blamejared.crafttweaker.api.item.MCItemStack@398fa636'
[18:25:31.923][INFO]: Adding 'create:mechanical_crafting' recipe, with name: 'crafttweaker:he_shell' that outputs: '<item:createbigcannons:he_shell>'
[18:25:31.923][INFO]: Removing 'crafting' recipes with output: 'com.blamejared.crafttweaker.api.item.MCItemStack@1a25ad94'
[18:25:31.925][INFO]: Removing 'create:mechanical_crafting' recipes with output: 'com.blamejared.crafttweaker.api.item.MCItemStack@1a25ad94'
[18:25:31.926][INFO]: Adding 'create:mechanical_crafting' recipe, with name: 'crafttweaker:shrapnel_shell' that outputs: '<item:createbigcannons:shrapnel_shell>'
[18:25:31.926][INFO]: Removing 'crafting' recipes with output: 'com.blamejared.crafttweaker.api.item.MCItemStack@b64a329a'
[18:25:31.927][INFO]: Removing 'create:mechanical_crafting' recipes with output: 'com.blamejared.crafttweaker.api.item.MCItemStack@b64a329a'
[18:25:31.927][INFO]: Adding 'create:mechanical_crafting' recipe, with name: 'crafttweaker:ap_shot' that outputs: '<item:createbigcannons:ap_shot>'
[18:25:31.928][INFO]: Removing 'crafting' recipes with output: 'com.blamejared.crafttweaker.api.item.MCItemStack@471c3d11'
[18:25:31.929][INFO]: Removing 'create:mechanical_crafting' recipes with output: 'com.blamejared.crafttweaker.api.item.MCItemStack@471c3d11'
[18:25:31.929][INFO]: Adding 'create:mechanical_crafting' recipe, with name: 'crafttweaker:ap_shell' that outputs: '<item:createbigcannons:ap_shell>'
[18:25:31.929][INFO]: Removing 'crafting' recipes with output: 'com.blamejared.crafttweaker.api.item.MCItemStack@41ab7a0d'
[18:25:31.930][INFO]: Removing 'create:mechanical_crafting' recipes with output: 'com.blamejared.crafttweaker.api.item.MCItemStack@41ab7a0d'
[18:25:31.930][INFO]: Adding 'create:mechanical_crafting' recipe, with name: 'crafttweaker:fluid_shell' that outputs: '<item:createbigcannons:fluid_shell>'
[18:25:31.930][INFO]: Removing 'crafting' recipes with output: 'com.blamejared.crafttweaker.api.item.MCItemStack@31326770'
[18:25:31.932][INFO]: Removing 'create:mechanical_crafting' recipes with output: 'com.blamejared.crafttweaker.api.item.MCItemStack@31326770'
[18:25:31.932][INFO]: Adding 'create:mechanical_crafting' recipe, with name: 'crafttweaker:smoke_shell' that outputs: '<item:createbigcannons:smoke_shell>'
[18:25:31.932][INFO]: Removing 'crafting' recipes with output: 'com.blamejared.crafttweaker.api.item.MCItemStack@f8ca0ba2'
[18:25:31.933][INFO]: Adding 'minecraft:crafting' recipe, of type: "shaped", with name: 'crafttweaker:ap_autocannon_round' that outputs: '<item:createbigcannons:ap_autocannon_round>'
[18:25:31.935][INFO]: Adding 'minecraft:crafting' recipe, of type: "shapeless", with name: 'crafttweaker:9mm_round' that outputs: '<item:tac:9mm_round> * 2'
[18:25:31.935][INFO]: Adding 'create:sequenced_assembly' recipe, with name: 'crafttweaker:sequenced_assembly/9mm_round' that outputs: '<item:tac:9mm_round> * 4'
[18:25:31.935][INFO]: Adding 'minecraft:crafting' recipe, of type: "shapeless", with name: 'crafttweaker:10_gauge_round' that outputs: '<item:tac:10_gauge_round> * 2'
[18:25:31.936][INFO]: Adding 'create:sequenced_assembly' recipe, with name: 'crafttweaker:sequenced_assembly/10_gauge_round' that outputs: '<item:tac:10_gauge_round> * 4'
[18:25:31.936][INFO]: Adding 'minecraft:crafting' recipe, of type: "shapeless", with name: 'crafttweaker:46x30' that outputs: '<item:tac:46x30> * 2'
[18:25:31.936][INFO]: Adding 'create:sequenced_assembly' recipe, with name: 'crafttweaker:sequenced_assembly/46x30' that outputs: '<item:tac:46x30> * 4'
[18:25:31.937][INFO]: Adding 'minecraft:crafting' recipe, of type: "shapeless", with name: 'crafttweaker:50bmg' that outputs: '<item:tac:50bmg>'
[18:25:31.937][INFO]: Adding 'create:sequenced_assembly' recipe, with name: 'crafttweaker:sequenced_assembly/50bmg' that outputs: '<item:tac:50bmg> * 2'
[18:25:31.937][INFO]: Adding 'minecraft:crafting' recipe, of type: "shapeless", with name: 'crafttweaker:57x28' that outputs: '<item:tac:57x28> * 2'
[18:25:31.937][INFO]: Adding 'create:sequenced_assembly' recipe, with name: 'crafttweaker:sequenced_assembly/57x28' that outputs: '<item:tac:57x28> * 4'
[18:25:31.938][INFO]: Adding 'minecraft:crafting' recipe, of type: "shapeless", with name: 'crafttweaker:58x42' that outputs: '<item:tac:58x42> * 2'
[18:25:31.938][INFO]: Adding 'create:sequenced_assembly' recipe, with name: 'crafttweaker:sequenced_assembly/58x42' that outputs: '<item:tac:58x42> * 3'
[18:25:31.938][INFO]: Adding 'minecraft:crafting' recipe, of type: "shapeless", with name: 'crafttweaker:762x25' that outputs: '<item:tac:762x25> * 2'
[18:25:31.939][INFO]: Adding 'create:sequenced_assembly' recipe, with name: 'crafttweaker:sequenced_assembly/762x25' that outputs: '<item:tac:762x25> * 3'
[18:25:31.939][INFO]: Adding 'minecraft:crafting' recipe, of type: "shapeless", with name: 'crafttweaker:762x39' that outputs: '<item:tac:762x39> * 2'
[18:25:31.939][INFO]: Adding 'create:sequenced_assembly' recipe, with name: 'crafttweaker:sequenced_assembly/762x39' that outputs: '<item:tac:762x39> * 3'
[18:25:31.940][INFO]: Adding 'minecraft:crafting' recipe, of type: "shapeless", with name: 'crafttweaker:762x54' that outputs: '<item:tac:762x54> * 2'
[18:25:31.940][INFO]: Adding 'create:sequenced_assembly' recipe, with name: 'crafttweaker:sequenced_assembly/762x54' that outputs: '<item:tac:762x54> * 3'
[18:25:31.940][INFO]: Adding 'minecraft:crafting' recipe, of type: "shapeless", with name: 'crafttweaker:ae50' that outputs: '<item:tac:ae50> * 2'
[18:25:31.941][INFO]: Adding 'create:sequenced_assembly' recipe, with name: 'crafttweaker:sequenced_assembly/ae50' that outputs: '<item:tac:ae50> * 4'
[18:25:31.941][INFO]: Adding 'minecraft:crafting' recipe, of type: "shapeless", with name: 'crafttweaker:b_magnum' that outputs: '<item:tac:b_magnum> * 2'
[18:25:31.941][INFO]: Adding 'create:sequenced_assembly' recipe, with name: 'crafttweaker:sequenced_assembly/b_magnum' that outputs: '<item:tac:b_magnum> * 4'
[18:25:31.942][INFO]: Adding 'minecraft:crafting' recipe, of type: "shapeless", with name: 'crafttweaker:bullet68' that outputs: '<item:tac:bullet68>'
[18:25:31.942][INFO]: Adding 'create:sequenced_assembly' recipe, with name: 'crafttweaker:sequenced_assembly/bullet68' that outputs: '<item:tac:bullet68> * 2'
[18:25:31.942][INFO]: Adding 'minecraft:crafting' recipe, of type: "shapeless", with name: 'crafttweaker:bullet_308' that outputs: '<item:tac:bullet_308>'
[18:25:31.943][INFO]: Adding 'create:sequenced_assembly' recipe, with name: 'crafttweaker:sequenced_assembly/bullet_308' that outputs: '<item:tac:bullet_308> * 2'
[18:25:31.943][INFO]: Adding 'minecraft:crafting' recipe, of type: "shapeless", with name: 'crafttweaker:lapua338' that outputs: '<item:tac:lapua338>'
[18:25:31.943][INFO]: Adding 'create:sequenced_assembly' recipe, with name: 'crafttweaker:sequenced_assembly/lapua338' that outputs: '<item:tac:lapua338> * 2'
[18:25:31.943][INFO]: Adding 'minecraft:crafting' recipe, of type: "shapeless", with name: 'crafttweaker:nato_556_bullet' that outputs: '<item:tac:nato_556_bullet> * 2'
[18:25:31.944][INFO]: Adding 'create:sequenced_assembly' recipe, with name: 'crafttweaker:sequenced_assembly/nato_556_bullet' that outputs: '<item:tac:nato_556_bullet> * 3'
[18:25:31.944][INFO]: Adding 'minecraft:crafting' recipe, of type: "shapeless", with name: 'crafttweaker:round45' that outputs: '<item:tac:round45> * 2'
[18:25:31.944][INFO]: Adding 'create:sequenced_assembly' recipe, with name: 'crafttweaker:sequenced_assembly/round45' that outputs: '<item:tac:round45> * 4'
[18:25:31.945][INFO]: Adding 'minecraft:crafting' recipe, of type: "shapeless", with name: 'crafttweaker:win_30-30' that outputs: '<item:tac:win_30-30>'
[18:25:31.945][INFO]: Adding 'create:sequenced_assembly' recipe, with name: 'crafttweaker:sequenced_assembly/win_30-30' that outputs: '<item:tac:win_30-30> * 2'
[18:25:31.946][INFO]: Adding 'create:sequenced_assembly' recipe, with name: 'crafttweaker:sequenced_assembly/rpg_missile' that outputs: '<item:tac:rpg7_missile>'
[18:25:31.946][INFO]: Adding 'create:sequenced_assembly' recipe, with name: 'crafttweaker:sequenced_assembly/advanced_bullet' that outputs: '<item:cgm:advanced_bullet>'
[18:25:31.946][INFO]: Adding 'create:sequenced_assembly' recipe, with name: 'crafttweaker:sequenced_assembly/missile' that outputs: '<item:cgm:missile>'
[18:25:31.947][INFO]: Adding 'minecraft:crafting' recipe, of type: "shapeless", with name: 'crafttweaker:stun_grenade' that outputs: '<item:cgm:stun_grenade>'
[18:25:31.947][INFO]: Adding 'create:sequenced_assembly' recipe, with name: 'crafttweaker:sequenced_assembly/stun_grenade' that outputs: '<item:cgm:stun_grenade> * 2'
[18:25:31.947][INFO]: Removing 'minecraft:crafting' recipe(s) with name(s): '[immersiveposts:has_gold_rod]'
[18:25:31.947][INFO]: Removing 'minecraft:crafting' recipe(s) with name(s): '[immersiveposts:has_copper_rod]'
[18:25:31.947][INFO]: Removing 'minecraft:crafting' recipe(s) with name(s): '[immersiveposts:has_lead_rod]'
[18:25:31.947][INFO]: Removing 'minecraft:crafting' recipe(s) with name(s): '[immersiveposts:has_silver_rod]'
[18:25:31.947][INFO]: Removing 'minecraft:crafting' recipe(s) with name(s): '[immersiveposts:has_nickel_rod]'
[18:25:31.947][INFO]: Removing 'minecraft:crafting' recipe(s) with name(s): '[immersiveposts:has_constantan_rod]'
[18:25:31.947][INFO]: Removing 'minecraft:crafting' recipe(s) with name(s): '[immersiveposts:has_electrum_rod]'
[18:25:31.947][INFO]: Removing 'minecraft:crafting' recipe(s) with name(s): '[immersiveposts:has_uranium_rod]'
[18:25:31.948][INFO]: Removing 'crafting' recipes with output: 'com.blamejared.crafttweaker.api.item.MCItemStack@4795f850'
[18:25:31.950][INFO]: Adding 'minecraft:crafting' recipe, of type: "shaped", with name: 'crafttweaker:energy_pipe' that outputs: '<item:pipez:energy_pipe> * 32'
[18:25:31.950][INFO]: Removing 'crafting' recipes with output: 'com.blamejared.crafttweaker.api.item.MCItemStack@53a6a3f3'
[18:25:31.952][INFO]: Adding 'minecraft:crafting' recipe, of type: "shaped", with name: 'crafttweaker:fluid_pipe' that outputs: '<item:pipez:fluid_pipe> * 32'
[18:25:31.952][INFO]: Removing 'crafting' recipes with output: 'com.blamejared.crafttweaker.api.item.MCItemStack@6638a588'
[18:25:31.954][INFO]: Adding 'minecraft:crafting' recipe, of type: "shaped", with name: 'crafttweaker:item_pipe' that outputs: '<item:pipez:item_pipe> * 32'
[18:25:31.954][INFO]: Adding 'minecraft:crafting' recipe, of type: "shaped", with name: 'crafttweaker:energy_pipe_plastic' that outputs: '<item:pipez:energy_pipe> * 16'
[18:25:31.955][INFO]: Adding 'minecraft:crafting' recipe, of type: "shaped", with name: 'crafttweaker:fluid_pipe_plastic' that outputs: '<item:pipez:fluid_pipe> * 16'
[18:25:31.955][INFO]: Adding 'minecraft:crafting' recipe, of type: "shaped", with name: 'crafttweaker:item_pipe_plastic' that outputs: '<item:pipez:item_pipe> * 16'
[18:25:31.955][INFO]: Removing 'crafting' recipes with output: 'com.blamejared.crafttweaker.api.item.MCItemStack@a170e747'
[18:25:31.956][INFO]: Adding 'minecraft:crafting' recipe, of type: "shaped", with name: 'crafttweaker:universal_pipe' that outputs: '<item:pipez:universal_pipe> * 12'
[18:25:31.956][INFO]: Removing 'crafting' recipes with output: 'com.blamejared.crafttweaker.api.item.MCItemStack@35fbdd4b'
[18:25:31.958][INFO]: Adding 'minecraft:crafting' recipe, of type: "shaped", with name: 'crafttweaker:pipe_basic_upgrade' that outputs: '<item:pipez:basic_upgrade>'
[18:25:31.958][INFO]: Removing 'crafting' recipes with output: 'com.blamejared.crafttweaker.api.item.MCItemStack@9a48b5a3'
[18:25:31.959][INFO]: Adding 'minecraft:crafting' recipe, of type: "shaped", with name: 'crafttweaker:pipe_improved_upgrade' that outputs: '<item:pipez:improved_upgrade>'
[18:25:31.959][INFO]: Removing 'crafting' recipes with output: 'com.blamejared.crafttweaker.api.item.MCItemStack@b00d5c0'
[18:25:31.961][INFO]: Adding 'minecraft:crafting' recipe, of type: "shaped", with name: 'crafttweaker:pipe_advanced_upgrade' that outputs: '<item:pipez:advanced_upgrade>'
[18:25:31.961][INFO]: Removing 'crafting' recipes with output: 'com.blamejared.crafttweaker.api.item.MCItemStack@8eb62eeb'
[18:25:31.962][INFO]: Adding 'minecraft:crafting' recipe, of type: "shaped", with name: 'crafttweaker:pipe_ultimate_upgrade' that outputs: '<item:pipez:ultimate_upgrade>'
[18:25:31.964][INFO]: Adding 'minecraft:crafting' recipe, of type: "shaped", with name: 'crafttweaker:cable' that outputs: '<item:refinedstorage:cable> * 16'
[18:25:31.964][INFO]: Adding 'minecraft:crafting' recipe, of type: "shaped", with name: 'crafttweaker:machine_casing' that outputs: '<item:refinedstorage:machine_casing>'
[18:25:31.965][INFO]: Adding 'minecraft:crafting' recipe, of type: "shaped", with name: 'crafttweaker:storage_housing' that outputs: '<item:refinedstorage:storage_housing>'
[18:25:31.965][INFO]: Adding 'create:mixing' recipe, with name: 'crafttweaker:redstone_acid' that outputs: '<item:minecraft:air>'
[18:25:31.971][INFO]: - Replacing "minecraft:crafting" recipe with name "refinedstorage:pattern", renaming it to "crafttweaker:autogenerated/refinedstorage.pattern"
[18:25:31.971][INFO]: - Replacing "minecraft:crafting" recipe with name "refinedstorage:detector", renaming it to "crafttweaker:autogenerated/refinedstorage.detector"
[18:25:31.972][INFO]: - Replacing "minecraft:crafting" recipe with name "refinedstorage:256k_fluid_storage_disk", renaming it to "crafttweaker:autogenerated/refinedstorage.256k_fluid_storage_disk"
[18:25:31.972][INFO]: - Replacing "minecraft:crafting" recipe with name "refinedstorage:destructor", renaming it to "crafttweaker:autogenerated/refinedstorage.destructor"
[18:25:31.973][INFO]: - Replacing "minecraft:crafting" recipe with name "refinedstorage:crafting_upgrade", renaming it to "crafttweaker:autogenerated/refinedstorage.crafting_upgrade"
[18:25:31.973][INFO]: - Replacing "minecraft:crafting" recipe with name "refinedstorage:wireless_fluid_grid", renaming it to "crafttweaker:autogenerated/refinedstorage.wireless_fluid_grid"
[18:25:31.973][INFO]: - Replacing "minecraft:crafting" recipe with name "refinedstorage:64k_storage_block", renaming it to "crafttweaker:autogenerated/refinedstorage.64k_storage_block"
[18:25:31.974][INFO]: - Replacing "minecraft:crafting" recipe with name "refinedstorage:storage_monitor", renaming it to "crafttweaker:autogenerated/refinedstorage.storage_monitor"
[18:25:31.974][INFO]: - Replacing "minecraft:crafting" recipe with name "refinedstorage:4k_storage_part", renaming it to "crafttweaker:autogenerated/refinedstorage.4k_storage_part"
[18:25:31.975][INFO]: - Replacing "minecraft:crafting" recipe with name "refinedstorage:1k_storage_disk", renaming it to "crafttweaker:autogenerated/refinedstorage.1k_storage_disk"
[18:25:31.975][INFO]: - Replacing "minecraft:crafting" recipe with name "refinedstorage:4096k_fluid_storage_disk", renaming it to "crafttweaker:autogenerated/refinedstorage.4096k_fluid_storage_disk"
[18:25:31.975][INFO]: - Replacing "minecraft:crafting" recipe with name "refinedstorage:cable", renaming it to "crafttweaker:autogenerated/refinedstorage.cable"
[18:25:31.975][INFO]: - Replacing "minecraft:crafting" recipe with name "refinedstorage:grid", renaming it to "crafttweaker:autogenerated/refinedstorage.grid"
[18:25:31.976][INFO]: - Replacing "minecraft:crafting" recipe with name "refinedstorage:range_upgrade", renaming it to "crafttweaker:autogenerated/refinedstorage.range_upgrade"
[18:25:31.976][INFO]: - Replacing "minecraft:crafting" recipe with name "refinedstorage:16k_storage_block", renaming it to "crafttweaker:autogenerated/refinedstorage.16k_storage_block"
[18:25:31.976][INFO]: - Replacing "minecraft:crafting" recipe with name "refinedstorage:wrench", renaming it to "crafttweaker:autogenerated/refinedstorage.wrench"
[18:25:31.977][INFO]: - Replacing "minecraft:crafting" recipe with name "refinedstorage:64k_storage_part", renaming it to "crafttweaker:autogenerated/refinedstorage.64k_storage_part"
[18:25:31.977][INFO]: - Replacing "minecraft:crafting" recipe with name "refinedstorage:interface", renaming it to "crafttweaker:autogenerated/refinedstorage.interface"
[18:25:31.977][INFO]: - Replacing "minecraft:crafting" recipe with name "refinedstorage:upgrade", renaming it to "crafttweaker:autogenerated/refinedstorage.upgrade"
[18:25:31.978][INFO]: - Replacing "minecraft:crafting" recipe with name "refinedstorage:fortune_3_upgrade", renaming it to "crafttweaker:autogenerated/refinedstorage.fortune_3_upgrade"
[18:25:31.979][INFO]: - Replacing "minecraft:crafting" recipe with name "refinedstorage:1024k_fluid_storage_block", renaming it to "crafttweaker:autogenerated/refinedstorage.1024k_fluid_storage_block"
[18:25:31.979][INFO]: - Replacing "minecraft:crafting" recipe with name "refinedstorage:silk_touch_upgrade", renaming it to "crafttweaker:autogenerated/refinedstorage.silk_touch_upgrade"
[18:25:31.979][INFO]: - Replacing "minecraft:crafting" recipe with name "refinedstorage:64k_fluid_storage_part", renaming it to "crafttweaker:autogenerated/refinedstorage.64k_fluid_storage_part"
[18:25:31.980][INFO]: - Replacing "minecraft:crafting" recipe with name "refinedstorage:1k_storage_part", renaming it to "crafttweaker:autogenerated/refinedstorage.1k_storage_part"
[18:25:31.980][INFO]: - Replacing "minecraft:crafting" recipe with name "refinedstorage:fortune_2_upgrade", renaming it to "crafttweaker:autogenerated/refinedstorage.fortune_2_upgrade"
[18:25:31.980][INFO]: - Replacing "minecraft:crafting" recipe with name "refinedstorage:filter", renaming it to "crafttweaker:autogenerated/refinedstorage.filter"
[18:25:31.980][INFO]: - Replacing "minecraft:crafting" recipe with name "refinedstorage:network_card", renaming it to "crafttweaker:autogenerated/refinedstorage.network_card"
[18:25:31.981][INFO]: - Replacing "minecraft:crafting" recipe with name "refinedstorage:16k_storage_part", renaming it to "crafttweaker:autogenerated/refinedstorage.16k_storage_part"
[18:25:31.981][INFO]: - Replacing "minecraft:crafting" recipe with name "refinedstorage:64k_fluid_storage_block", renaming it to "crafttweaker:autogenerated/refinedstorage.64k_fluid_storage_block"
[18:25:31.981][INFO]: - Replacing "minecraft:crafting" recipe with name "refinedstorage:external_storage", renaming it to "crafttweaker:autogenerated/refinedstorage.external_storage"
[18:25:31.982][INFO]: - Replacing "minecraft:crafting" recipe with name "refinedstorage:fortune_1_upgrade", renaming it to "crafttweaker:autogenerated/refinedstorage.fortune_1_upgrade"
[18:25:31.982][INFO]: - Replacing "minecraft:crafting" recipe with name "refinedstorage:256k_fluid_storage_block", renaming it to "crafttweaker:autogenerated/refinedstorage.256k_fluid_storage_block"
[18:25:31.983][INFO]: - Replacing "minecraft:crafting" recipe with name "refinedstorage:portable_grid", renaming it to "crafttweaker:autogenerated/refinedstorage.portable_grid"
[18:25:31.983][INFO]: - Replacing "minecraft:crafting" recipe with name "refinedstorage:4096k_fluid_storage_block", renaming it to "crafttweaker:autogenerated/refinedstorage.4096k_fluid_storage_block"
[18:25:31.984][INFO]: - Replacing "minecraft:crafting" recipe with name "refinedstorage:4k_storage_disk", renaming it to "crafttweaker:autogenerated/refinedstorage.4k_storage_disk"
[18:25:31.984][INFO]: - Replacing "minecraft:crafting" recipe with name "refinedstorage:disk_manipulator", renaming it to "crafttweaker:autogenerated/refinedstorage.disk_manipulator"
[18:25:31.985][INFO]: - Replacing "minecraft:crafting" recipe with name "refinedstorage:constructor", renaming it to "crafttweaker:autogenerated/refinedstorage.constructor"
[18:25:31.985][INFO]: - Replacing "minecraft:crafting" recipe with name "refinedstorage:4096k_fluid_storage_part", renaming it to "crafttweaker:autogenerated/refinedstorage.4096k_fluid_storage_part"
[18:25:31.985][INFO]: - Replacing "minecraft:crafting" recipe with name "refinedstorage:1024k_fluid_storage_part", renaming it to "crafttweaker:autogenerated/refinedstorage.1024k_fluid_storage_part"
[18:25:31.986][INFO]: - Replacing "minecraft:crafting" recipe with name "refinedstorage:disk_drive", renaming it to "crafttweaker:autogenerated/refinedstorage.disk_drive"
[18:25:31.986][INFO]: - Replacing "minecraft:crafting" recipe with name "refinedstorage:controller", renaming it to "crafttweaker:autogenerated/refinedstorage.controller"
[18:25:31.986][INFO]: - Replacing "minecraft:crafting" recipe with name "refinedstorage:4k_storage_block", renaming it to "crafttweaker:autogenerated/refinedstorage.4k_storage_block"
[18:25:31.987][INFO]: - Replacing "minecraft:crafting" recipe with name "refinedstorage:machine_casing", renaming it to "crafttweaker:autogenerated/refinedstorage.machine_casing"
[18:25:31.987][INFO]: - Replacing "minecraft:crafting" recipe with name "refinedstorage:256k_fluid_storage_part", renaming it to "crafttweaker:autogenerated/refinedstorage.256k_fluid_storage_part"
[18:25:31.988][INFO]: - Replacing "minecraft:crafting" recipe with name "refinedstorage:speed_upgrade", renaming it to "crafttweaker:autogenerated/refinedstorage.speed_upgrade"
[18:25:31.988][INFO]: - Replacing "minecraft:crafting" recipe with name "refinedstorage:security_manager", renaming it to "crafttweaker:autogenerated/refinedstorage.security_manager"
[18:25:31.989][INFO]: - Replacing "minecraft:crafting" recipe with name "refinedstorage:block_of_quartz_enriched_iron", renaming it to "crafttweaker:autogenerated/refinedstorage.block_of_quartz_enriched_iron"
[18:25:31.989][INFO]: - Replacing "minecraft:crafting" recipe with name "refinedstorage:1024k_fluid_storage_disk", renaming it to "crafttweaker:autogenerated/refinedstorage.1024k_fluid_storage_disk"
[18:25:31.990][INFO]: - Replacing "minecraft:crafting" recipe with name "refinedstorage:storage_housing", renaming it to "crafttweaker:autogenerated/refinedstorage.storage_housing"
[18:25:31.990][INFO]: - Replacing "minecraft:crafting" recipe with name "refinedstorage:crafter", renaming it to "crafttweaker:autogenerated/refinedstorage.crafter"
[18:25:31.991][INFO]: - Replacing "minecraft:crafting" recipe with name "refinedstorage:64k_fluid_storage_disk", renaming it to "crafttweaker:autogenerated/refinedstorage.64k_fluid_storage_disk"
[18:25:31.991][INFO]: - Replacing "minecraft:crafting" recipe with name "refinedstorage:wireless_crafting_monitor", renaming it to "crafttweaker:autogenerated/refinedstorage.wireless_crafting_monitor"
[18:25:31.992][INFO]: - Replacing "minecraft:crafting" recipe with name "refinedstorage:security_card", renaming it to "crafttweaker:autogenerated/refinedstorage.security_card"
[18:25:31.992][INFO]: - Replacing "minecraft:crafting" recipe with name "refinedstorage:1k_storage_block", renaming it to "crafttweaker:autogenerated/refinedstorage.1k_storage_block"
[18:25:31.992][INFO]: - Replacing "minecraft:crafting" recipe with name "refinedstorage:regulator_upgrade", renaming it to "crafttweaker:autogenerated/refinedstorage.regulator_upgrade"
[18:25:31.993][INFO]: - Replacing "minecraft:crafting" recipe with name "refinedstorage:16k_storage_disk", renaming it to "crafttweaker:autogenerated/refinedstorage.16k_storage_disk"
[18:25:31.993][INFO]: - Replacing "minecraft:crafting" recipe with name "refinedstorage:wireless_grid", renaming it to "crafttweaker:autogenerated/refinedstorage.wireless_grid"
[18:25:31.993][INFO]: - Replacing "minecraft:crafting" recipe with name "refinedstorage:crafting_monitor", renaming it to "crafttweaker:autogenerated/refinedstorage.crafting_monitor"
[18:25:31.994][INFO]: - Replacing "minecraft:crafting" recipe with name "refinedstorage:64k_storage_disk", renaming it to "crafttweaker:autogenerated/refinedstorage.64k_storage_disk"
[18:25:31.994][INFO]: - Replacing "minecraft:crafting" recipe with name "refinedstorage:wireless_transmitter", renaming it to "crafttweaker:autogenerated/refinedstorage.wireless_transmitter"
[18:25:31.995][INFO]: - Replacing "minecraft:crafting" recipe with name "refinedstorage:crafter_manager", renaming it to "crafttweaker:autogenerated/refinedstorage.crafter_manager"
[18:25:31.996][INFO]: Batch replacement completed
[18:25:31.997][INFO]: Adding 'create:sequenced_assembly' recipe, with name: 'crafttweaker:sequenced_assembly/basic_processor' that outputs: '<item:refinedstorage:basic_processor>'
[18:25:31.998][INFO]: Adding 'create:sequenced_assembly' recipe, with name: 'crafttweaker:sequenced_assembly/improved_processor' that outputs: '<item:refinedstorage:improved_processor>'
[18:25:31.999][INFO]: Adding 'create:sequenced_assembly' recipe, with name: 'crafttweaker:sequenced_assembly/advanced_processor' that outputs: '<item:refinedstorage:advanced_processor>'
[18:25:31.999][INFO]: Adding 'create:sequenced_assembly' recipe, with name: 'crafttweaker:sequenced_assembly/1k_storage_part' that outputs: '<item:refinedstorage:1k_storage_part>'
[18:25:32.000][INFO]: Adding 'create:sequenced_assembly' recipe, with name: 'crafttweaker:sequenced_assembly/4k_storage_part' that outputs: '<item:refinedstorage:4k_storage_part>'
[18:25:32.001][INFO]: Adding 'create:sequenced_assembly' recipe, with name: 'crafttweaker:sequenced_assembly/16k_storage_part' that outputs: '<item:refinedstorage:16k_storage_part>'
[18:25:32.002][INFO]: Adding 'create:sequenced_assembly' recipe, with name: 'crafttweaker:sequenced_assembly/64k_storage_part' that outputs: '<item:refinedstorage:64k_storage_part>'
[18:25:32.003][INFO]: Adding 'create:sequenced_assembly' recipe, with name: 'crafttweaker:sequenced_assembly/64k_fluid_storage_part' that outputs: '<item:refinedstorage:64k_fluid_storage_part>'
[18:25:32.003][INFO]: Adding 'create:sequenced_assembly' recipe, with name: 'crafttweaker:sequenced_assembly/256k_fluid_storage_part' that outputs: '<item:refinedstorage:256k_fluid_storage_part>'
[18:25:32.004][INFO]: Adding 'create:sequenced_assembly' recipe, with name: 'crafttweaker:sequenced_assembly/1024k_fluid_storage_part' that outputs: '<item:refinedstorage:1024k_fluid_storage_part>'
[18:25:32.005][INFO]: Adding 'create:sequenced_assembly' recipe, with name: 'crafttweaker:sequenced_assembly/4096k_fluid_storage_part' that outputs: '<item:refinedstorage:4096k_fluid_storage_part>'
[18:25:32.005][INFO]: Removing 'minecraft:crafting' recipe(s) with name(s): '[crafttweaker:autogenerated/refinedstorage.cable]'
[18:25:32.005][INFO]: Removing 'minecraft:crafting' recipe(s) with name(s): '[crafttweaker:autogenerated/refinedstorage.machine_casing]'
[18:25:32.005][INFO]: Removing 'minecraft:smelting' recipe(s) with name(s): '[refinedstorage:silicon]'
[18:25:32.005][INFO]: Removing 'minecraft:crafting' recipe(s) with name(s): '[refinedstorage:raw_basic_processor]'
[18:25:32.005][INFO]: Removing 'minecraft:crafting' recipe(s) with name(s): '[refinedstorage:raw_improved_processor]'
[18:25:32.005][INFO]: Removing 'minecraft:crafting' recipe(s) with name(s): '[refinedstorage:raw_advanced_processor]'
[18:25:32.005][INFO]: Removing 'minecraft:smelting' recipe(s) with name(s): '[refinedstorage:basic_processor]'
[18:25:32.005][INFO]: Removing 'minecraft:smelting' recipe(s) with name(s): '[refinedstorage:improved_processor]'
[18:25:32.005][INFO]: Removing 'minecraft:smelting' recipe(s) with name(s): '[refinedstorage:advanced_processor]'
[18:25:32.005][INFO]: Removing 'minecraft:crafting' recipe(s) with name(s): '[crafttweaker:autogenerated/refinedstorage.1k_storage_part]'
[18:25:32.005][INFO]: Removing 'minecraft:crafting' recipe(s) with name(s): '[crafttweaker:autogenerated/refinedstorage.4k_storage_part]'
[18:25:32.006][INFO]: Removing 'minecraft:crafting' recipe(s) with name(s): '[crafttweaker:autogenerated/refinedstorage.16k_storage_part]'
[18:25:32.006][INFO]: Removing 'minecraft:crafting' recipe(s) with name(s): '[crafttweaker:autogenerated/refinedstorage.64k_storage_part]'
[18:25:32.006][INFO]: Removing 'minecraft:crafting' recipe(s) with name(s): '[crafttweaker:autogenerated/refinedstorage.64k_fluid_storage_part]'
[18:25:32.006][INFO]: Removing 'minecraft:crafting' recipe(s) with name(s): '[crafttweaker:autogenerated/refinedstorage.256k_fluid_storage_part]'
[18:25:32.006][INFO]: Removing 'minecraft:crafting' recipe(s) with name(s): '[crafttweaker:autogenerated/refinedstorage.1024k_fluid_storage_part]'
[18:25:32.006][INFO]: Removing 'minecraft:crafting' recipe(s) with name(s): '[crafttweaker:autogenerated/refinedstorage.4096k_fluid_storage_part]'
[18:25:32.006][INFO]: Removing 'minecraft:crafting' recipe(s) with name(s): '[crafttweaker:autogenerated/refinedstorage.1k_storage_disk]'
[18:25:32.006][INFO]: Removing 'minecraft:crafting' recipe(s) with name(s): '[crafttweaker:autogenerated/refinedstorage.4k_storage_disk]'
[18:25:32.006][INFO]: Removing 'minecraft:crafting' recipe(s) with name(s): '[crafttweaker:autogenerated/refinedstorage.16k_storage_disk]'
[18:25:32.006][INFO]: Removing 'minecraft:crafting' recipe(s) with name(s): '[crafttweaker:autogenerated/refinedstorage.64k_storage_disk]'
[18:25:32.006][INFO]: Removing 'minecraft:crafting' recipe(s) with name(s): '[crafttweaker:autogenerated/refinedstorage.64k_fluid_storage_disk]'
[18:25:32.006][INFO]: Removing 'minecraft:crafting' recipe(s) with name(s): '[crafttweaker:autogenerated/refinedstorage.256k_fluid_storage_disk]'
[18:25:32.006][INFO]: Removing 'minecraft:crafting' recipe(s) with name(s): '[crafttweaker:autogenerated/refinedstorage.1024k_fluid_storage_disk]'
[18:25:32.006][INFO]: Removing 'minecraft:crafting' recipe(s) with name(s): '[crafttweaker:autogenerated/refinedstorage.4096k_fluid_storage_disk]'
[18:25:32.006][INFO]: Removing 'minecraft:crafting' recipe(s) with name(s): '[crafttweaker:autogenerated/refinedstorage.storage_housing]'
[18:25:32.006][INFO]: Removing 'minecraft:crafting' recipe(s) with name(s): '[refinedstorage:processor_binding]'
[18:25:32.006][INFO]: Removing 'minecraft:crafting' recipe(s) with name(s): '[refinedstorage:quartz_enriched_iron]'
[18:25:32.006][INFO]: Removing 'minecraft:crafting' recipe(s) with name(s): '[crafttweaker:autogenerated/refinedstorage.block_of_quartz_enriched_iron]'
[18:25:32.007][INFO]: Removing 'crafting' recipes with output: 'com.blamejared.crafttweaker.api.item.MCItemStack@dee8819'
[18:25:32.011][INFO]: Adding 'minecraft:crafting' recipe, of type: "shaped", with name: 'crafttweaker:briefcase' that outputs: '<item:securitycraft:briefcase>'
[18:25:32.011][INFO]: Removing 'crafting' recipes with output: 'com.blamejared.crafttweaker.api.item.MCItemStack@581d90d2'
[18:25:32.013][INFO]: Adding 'minecraft:crafting' recipe, of type: "shaped", with name: 'crafttweaker:camera_monitor' that outputs: '<item:securitycraft:camera_monitor>'
[18:25:32.013][INFO]: Removing 'crafting' recipes with output: 'com.blamejared.crafttweaker.api.item.MCItemStack@ac01ee21'
[18:25:32.015][INFO]: Adding 'minecraft:crafting' recipe, of type: "shaped", with name: 'crafttweaker:codebreaker' that outputs: '<item:securitycraft:codebreaker>'
[18:25:32.015][INFO]: Removing 'crafting' recipes with output: 'com.blamejared.crafttweaker.api.item.MCItemStack@5823435e'
[18:25:32.017][INFO]: Adding 'minecraft:crafting' recipe, of type: "shaped", with name: 'crafttweaker:display_case' that outputs: '<item:securitycraft:display_case>'
[18:25:32.017][INFO]: Removing 'crafting' recipes with output: 'com.blamejared.crafttweaker.api.item.MCItemStack@de24ee72'
[18:25:32.019][INFO]: Adding 'minecraft:crafting' recipe, of type: "shaped", with name: 'crafttweaker:glow_display_case' that outputs: '<item:securitycraft:glow_display_case>'
[18:25:32.019][INFO]: Removing 'crafting' recipes with output: 'com.blamejared.crafttweaker.api.item.MCItemStack@1a579773'
[18:25:32.021][INFO]: Adding 'minecraft:crafting' recipe, of type: "shaped", with name: 'crafttweaker:keycard_holder' that outputs: '<item:securitycraft:keycard_holder>'
[18:25:32.021][INFO]: Removing 'minecraft:crafting' recipe(s) with name(s): '[securitycraft:keycard_lv1]'
[18:25:32.021][INFO]: Adding 'minecraft:crafting' recipe, of type: "shaped", with name: 'crafttweaker:keycard_lv1' that outputs: '<item:securitycraft:keycard_lv1>'
[18:25:32.021][INFO]: Removing 'minecraft:crafting' recipe(s) with name(s): '[securitycraft:keycard_lv2]'
[18:25:32.022][INFO]: Adding 'minecraft:crafting' recipe, of type: "shaped", with name: 'crafttweaker:keycard_lv2' that outputs: '<item:securitycraft:keycard_lv2>'
[18:25:32.022][INFO]: Removing 'minecraft:crafting' recipe(s) with name(s): '[securitycraft:keycard_lv3]'
[18:25:32.022][INFO]: Adding 'minecraft:crafting' recipe, of type: "shaped", with name: 'crafttweaker:keycard_lv3' that outputs: '<item:securitycraft:keycard_lv3>'
[18:25:32.022][INFO]: Removing 'minecraft:crafting' recipe(s) with name(s): '[securitycraft:keycard_lv4]'
[18:25:32.022][INFO]: Adding 'minecraft:crafting' recipe, of type: "shaped", with name: 'crafttweaker:keycard_lv4' that outputs: '<item:securitycraft:keycard_lv4>'
[18:25:32.023][INFO]: Removing 'minecraft:crafting' recipe(s) with name(s): '[securitycraft:keycard_lv5]'
[18:25:32.023][INFO]: Adding 'minecraft:crafting' recipe, of type: "shaped", with name: 'crafttweaker:keycard_lv5' that outputs: '<item:securitycraft:keycard_lv5>'
[18:25:32.023][INFO]: Removing 'minecraft:crafting' recipe(s) with name(s): '[securitycraft:limited_use_keycard]'
[18:25:32.023][INFO]: Adding 'minecraft:crafting' recipe, of type: "shaped", with name: 'crafttweaker:limited_use_keycard' that outputs: '<item:securitycraft:limited_use_keycard>'
[18:25:32.023][INFO]: Removing 'crafting' recipes with output: 'com.blamejared.crafttweaker.api.item.MCItemStack@d841bfb6'
[18:25:32.025][INFO]: Adding 'minecraft:crafting' recipe, of type: "shaped", with name: 'crafttweaker:keypad_item' that outputs: '<item:securitycraft:keypad_item>'
[18:25:32.025][INFO]: Removing 'crafting' recipes with output: 'com.blamejared.crafttweaker.api.item.MCItemStack@43fd9e5a'
[18:25:32.027][INFO]: Adding 'minecraft:crafting' recipe, of type: "shaped", with name: 'crafttweaker:portable_tune_player' that outputs: '<item:securitycraft:portable_tune_player>'
[18:25:32.027][INFO]: Removing 'crafting' recipes with output: 'com.blamejared.crafttweaker.api.item.MCItemStack@ea6db6e3'
[18:25:32.029][INFO]: Adding 'minecraft:crafting' recipe, of type: "shaped", with name: 'crafttweaker:remote_access_mine' that outputs: '<item:securitycraft:remote_access_mine>'
[18:25:32.029][INFO]: Removing 'crafting' recipes with output: 'com.blamejared.crafttweaker.api.item.MCItemStack@11b679b5'
[18:25:32.031][INFO]: Adding 'minecraft:crafting' recipe, of type: "shaped", with name: 'crafttweaker:rift_stabilizer' that outputs: '<item:securitycraft:rift_stabilizer>'
[18:25:32.031][INFO]: Removing 'crafting' recipes with output: 'com.blamejared.crafttweaker.api.item.MCItemStack@9f36e77e'
[18:25:32.033][INFO]: Adding 'minecraft:crafting' recipe, of type: "shaped", with name: 'crafttweaker:sonic_security_system' that outputs: '<item:securitycraft:sonic_security_system>'
[18:25:32.033][INFO]: Removing 'crafting' recipes with output: 'com.blamejared.crafttweaker.api.item.MCItemStack@b28b07d4'
[18:25:32.035][INFO]: Adding 'minecraft:crafting' recipe, of type: "shaped", with name: 'crafttweaker:portable_radar' that outputs: '<item:securitycraft:portable_radar>'
[18:25:32.035][INFO]: Removing 'crafting' recipes with output: 'com.blamejared.crafttweaker.api.item.MCItemStack@7e781736'
[18:25:32.036][INFO]: Adding 'minecraft:crafting' recipe, of type: "shaped", with name: 'crafttweaker:smart_module' that outputs: '<item:securitycraft:smart_module>'
[18:25:32.036][INFO]: Removing 'crafting' recipes with output: 'com.blamejared.crafttweaker.api.item.MCItemStack@799a82c7'
[18:25:32.037][INFO]: Adding 'minecraft:crafting' recipe, of type: "shaped", with name: 'crafttweaker:alarm' that outputs: '<item:securitycraft:alarm>'
[18:25:32.037][INFO]: Removing 'crafting' recipes with output: 'com.blamejared.crafttweaker.api.item.MCItemStack@ac46d2c'
[18:25:32.039][INFO]: Adding 'minecraft:crafting' recipe, of type: "shaped", with name: 'crafttweaker:username_logger' that outputs: '<item:securitycraft:username_logger>'
[18:25:32.039][INFO]: Removing 'crafting' recipes with output: 'com.blamejared.crafttweaker.api.item.MCItemStack@ac46d2c'
[18:25:32.040][INFO]: Adding 'minecraft:crafting' recipe, of type: "shaped", with name: 'crafttweaker:username_logger' that outputs: '<item:securitycraft:username_logger>'
[18:25:32.040][INFO]: Removing 'crafting' recipes with output: 'com.blamejared.crafttweaker.api.item.MCItemStack@805f6b38'
[18:25:32.042][INFO]: Adding 'minecraft:crafting' recipe, of type: "shaped", with name: 'crafttweaker:bouncing_betty' that outputs: '<item:securitycraft:bouncing_betty>'
[18:25:32.042][INFO]: Removing 'crafting' recipes with output: 'com.blamejared.crafttweaker.api.item.MCItemStack@a805f2f'
[18:25:32.043][INFO]: Adding 'minecraft:crafting' recipe, of type: "shaped", with name: 'crafttweaker:mine' that outputs: '<item:securitycraft:mine>'
[18:25:32.043][INFO]: Removing 'crafting' recipes with output: 'com.blamejared.crafttweaker.api.item.MCItemStack@d41ca373'
[18:25:32.045][INFO]: Adding 'minecraft:crafting' recipe, of type: "shaped", with name: 'crafttweaker:keycard_reader' that outputs: '<item:securitycraft:keycard_reader>'
[18:25:32.045][INFO]: Removing 'crafting' recipes with output: 'com.blamejared.crafttweaker.api.item.MCItemStack@676a9574'
[18:25:32.046][INFO]: Adding 'minecraft:crafting' recipe, of type: "shaped", with name: 'crafttweaker:inventory_scanner' that outputs: '<item:securitycraft:inventory_scanner>'
[18:25:32.046][INFO]: Removing 'crafting' recipes with output: 'com.blamejared.crafttweaker.api.item.MCItemStack@a08ac7d1'
[18:25:32.048][INFO]: Adding 'minecraft:crafting' recipe, of type: "shaped", with name: 'crafttweaker:laser_block' that outputs: '<item:securitycraft:laser_block>'
[18:25:32.048][INFO]: Removing 'crafting' recipes with output: 'com.blamejared.crafttweaker.api.item.MCItemStack@bb4f0be5'
[18:25:32.049][INFO]: Adding 'minecraft:crafting' recipe, of type: "shaped", with name: 'crafttweaker:projector' that outputs: '<item:securitycraft:projector>'
[18:25:32.049][INFO]: Removing 'crafting' recipes with output: 'com.blamejared.crafttweaker.api.item.MCItemStack@b2a9bfe9'
[18:25:32.051][INFO]: Adding 'minecraft:crafting' recipe, of type: "shaped", with name: 'crafttweaker:retinal_scanner' that outputs: '<item:securitycraft:retinal_scanner>'
[18:25:32.051][INFO]: Removing 'crafting' recipes with output: 'com.blamejared.crafttweaker.api.item.MCItemStack@64e777f1'
[18:25:32.054][INFO]: Adding 'minecraft:crafting' recipe, of type: "shaped", with name: 'crafttweaker:security_camera' that outputs: '<item:securitycraft:security_camera>'
[18:25:32.054][INFO]: Removing 'crafting' recipes with output: 'com.blamejared.crafttweaker.api.item.MCItemStack@18f3e31'
[18:25:32.056][INFO]: Adding 'minecraft:crafting' recipe, of type: "shaped", with name: 'crafttweaker:universal_block_reinforcer_lvl1' that outputs: '<item:securitycraft:universal_block_reinforcer_lvl1>'
[18:25:32.057][INFO]: Removing 'minecraft:crafting' recipe(s) with name(s): '[simpleplanes:parachute]'
[18:25:32.057][INFO]: Adding 'minecraft:crafting' recipe, of type: "shaped", with name: 'crafttweaker:plane_parachute' that outputs: '<item:simpleplanes:parachute>'
[18:25:32.057][INFO]: Removing 'minecraft:crafting' recipe(s) with name(s): '[simpleplanes:seats]'
[18:25:32.058][INFO]: Adding 'create:mechanical_crafting' recipe, with name: 'crafttweaker:plane_seats' that outputs: '<item:simpleplanes:seats>'
[18:25:32.058][INFO]: Removing 'minecraft:crafting' recipe(s) with name(s): '[simpleplanes:armor]'
[18:25:32.059][INFO]: Adding 'create:mechanical_crafting' recipe, with name: 'crafttweaker:plane_armor' that outputs: '<item:simpleplanes:armor>'
[18:25:32.059][INFO]: Removing 'minecraft:crafting' recipe(s) with name(s): '[simpleplanes:healing_enchanted]'
[18:25:32.059][INFO]: Removing 'minecraft:crafting' recipe(s) with name(s): '[simpleplanes:healing]'
[18:25:32.059][INFO]: Adding 'minecraft:crafting' recipe, of type: "shaped", with name: 'crafttweaker:plane_healing' that outputs: '<item:simpleplanes:healing>'
[18:25:32.059][INFO]: Removing 'minecraft:crafting' recipe(s) with name(s): '[simpleplanes:electric_engine]'
[18:25:32.060][INFO]: Adding 'create:mechanical_crafting' recipe, with name: 'crafttweaker:plane_electric_engine' that outputs: '<item:simpleplanes:electric_engine>'
[18:25:32.060][INFO]: Removing 'minecraft:crafting' recipe(s) with name(s): '[simpleplanes:furnace_engine]'
[18:25:32.060][INFO]: Adding 'create:mechanical_crafting' recipe, with name: 'crafttweaker:plane_furnace_engine' that outputs: '<item:simpleplanes:furnace_engine>'
[18:25:32.060][INFO]: Removing 'minecraft:crafting' recipe(s) with name(s): '[simpleplanes:liquid_engine]'
[18:25:32.061][INFO]: Adding 'create:mechanical_crafting' recipe, with name: 'crafttweaker:plane_liquid_engine' that outputs: '<item:simpleplanes:liquid_engine>'
[18:25:32.061][INFO]: Removing 'minecraft:crafting' recipe(s) with name(s): '[simpleplanes:propeller]'
[18:25:32.061][INFO]: Adding 'create:mechanical_crafting' recipe, with name: 'crafttweaker:plane_propeller' that outputs: '<item:simpleplanes:propeller>'
[18:25:32.061][INFO]: Removing 'minecraft:crafting' recipe(s) with name(s): '[simpleplanes:booster]'
[18:25:32.061][INFO]: Adding 'create:mechanical_crafting' recipe, with name: 'crafttweaker:plane_booster' that outputs: '<item:simpleplanes:booster>'
[18:25:32.061][INFO]: Removing 'minecraft:crafting' recipe(s) with name(s): '[simpleplanes:solar_panel]'
[18:25:32.062][INFO]: Adding 'create:sequenced_assembly' recipe, with name: 'crafttweaker:sequenced_assembly/plane_solar_panel' that outputs: '<item:simpleplanes:solar_panel>'
[18:25:32.063][INFO]: Removing 'crafting' recipes with output: 'com.blamejared.crafttweaker.api.item.MCItemStack@c09d0d47'
[18:25:32.064][INFO]: Adding 'minecraft:crafting' recipe, of type: "shaped", with name: 'crafttweaker:upgrade_base' that outputs: '<item:sophisticatedbackpacks:upgrade_base>'
[18:25:32.064][INFO]: Removing 'crafting' recipes with output: 'com.blamejared.crafttweaker.api.item.MCItemStack@21ce5dda'
[18:25:32.066][INFO]: Adding 'minecraft:crafting' recipe, of type: "shaped", with name: 'crafttweaker:storage_drawer_controller' that outputs: '<item:storagedrawers:controller>'
[18:25:32.066][INFO]: Removing 'crafting' recipes with output: 'com.blamejared.crafttweaker.api.item.MCItemStack@c30f89b2'
[18:25:32.067][INFO]: Adding 'minecraft:crafting' recipe, of type: "shaped", with name: 'crafttweaker:storage_drawer_controller_slave' that outputs: '<item:storagedrawers:controller_slave>'
[18:25:32.067][INFO]: Removing 'crafting' recipes with output: 'com.blamejared.crafttweaker.api.item.MCItemStack@3178e64d'
[18:25:32.069][INFO]: Removing 'crafting' recipes with output: 'com.blamejared.crafttweaker.api.item.MCItemStack@55ecb927'
[18:25:32.070][INFO]: Removing 'crafting' recipes with output: 'com.blamejared.crafttweaker.api.item.MCItemStack@d322e34b'
[18:25:32.071][INFO]: Removing 'crafting' recipes with output: 'com.blamejared.crafttweaker.api.item.MCItemStack@4562dc8f'
[18:25:32.072][INFO]: Removing 'crafting' recipes with output: 'com.blamejared.crafttweaker.api.item.MCItemStack@4d395f90'
[18:25:32.073][INFO]: Removing 'crafting' recipes with output: 'com.blamejared.crafttweaker.api.item.MCItemStack@d9380b14'
[18:25:32.074][INFO]: Removing 'crafting' recipes with output: 'com.blamejared.crafttweaker.api.item.MCItemStack@34915326'
[18:25:32.075][INFO]: Removing 'crafting' recipes with output: 'com.blamejared.crafttweaker.api.item.MCItemStack@d6eb0007'
[18:25:32.077][INFO]: Removing 'crafting' recipes with output: 'com.blamejared.crafttweaker.api.item.MCItemStack@52262b7b'
[18:25:32.078][INFO]: Removing 'crafting' recipes with output: 'com.blamejared.crafttweaker.api.item.MCItemStack@cfefd494'
[18:25:32.079][INFO]: Removing 'crafting' recipes with output: 'com.blamejared.crafttweaker.api.item.MCItemStack@36607ab7'
[18:25:32.080][INFO]: Removing 'crafting' recipes with output: 'com.blamejared.crafttweaker.api.item.MCItemStack@d07da018'
[18:25:32.081][INFO]: Removing 'crafting' recipes with output: 'com.blamejared.crafttweaker.api.item.MCItemStack@b993be'
[18:25:32.082][INFO]: Removing 'crafting' recipes with output: 'com.blamejared.crafttweaker.api.item.MCItemStack@3778fa44'
[18:25:32.083][INFO]: Removing 'crafting' recipes with output: 'com.blamejared.crafttweaker.api.item.MCItemStack@779da8d3'
[18:25:32.084][INFO]: Removing 'crafting' recipes with output: 'com.blamejared.crafttweaker.api.item.MCItemStack@ff4c8904'
[18:25:32.086][INFO]: Removing 'crafting' recipes with output: 'com.blamejared.crafttweaker.api.item.MCItemStack@8c3fbe37'
[18:25:32.087][INFO]: Removing 'crafting' recipes with output: 'com.blamejared.crafttweaker.api.item.MCItemStack@cb8ad6eb'
[18:25:32.088][INFO]: Removing 'crafting' recipes with output: 'com.blamejared.crafttweaker.api.item.MCItemStack@14b34366'
[18:25:32.089][INFO]: Removing 'crafting' recipes with output: 'com.blamejared.crafttweaker.api.item.MCItemStack@dbac88be'
[18:25:32.090][INFO]: Removing 'crafting' recipes with output: 'com.blamejared.crafttweaker.api.item.MCItemStack@9baf41db'
[18:25:32.091][INFO]: Removing 'crafting' recipes with output: 'com.blamejared.crafttweaker.api.item.MCItemStack@e82e6650'
[18:25:32.092][INFO]: Removing 'crafting' recipes with output: 'com.blamejared.crafttweaker.api.item.MCItemStack@c2a2e3df'
[18:25:32.094][INFO]: Removing 'crafting' recipes with output: 'com.blamejared.crafttweaker.api.item.MCItemStack@8f859505'
[18:25:32.095][INFO]: Removing 'crafting' recipes with output: 'com.blamejared.crafttweaker.api.item.MCItemStack@86aa39ec'
[18:25:32.096][INFO]: Removing 'crafting' recipes with output: 'com.blamejared.crafttweaker.api.item.MCItemStack@9da648d9'
[18:25:32.097][INFO]: Removing 'crafting' recipes with output: 'com.blamejared.crafttweaker.api.item.MCItemStack@9ae4a1f8'
[18:25:32.098][INFO]: Removing 'crafting' recipes with output: 'com.blamejared.crafttweaker.api.item.MCItemStack@4f2e7b8'
[18:25:32.099][INFO]: Removing 'crafting' recipes with output: 'com.blamejared.crafttweaker.api.item.MCItemStack@14e8e16c'
[18:25:32.101][INFO]: Removing 'crafting' recipes with output: 'com.blamejared.crafttweaker.api.item.MCItemStack@1b8a552c'
[18:25:32.102][INFO]: Removing 'crafting' recipes with output: 'com.blamejared.crafttweaker.api.item.MCItemStack@ed95bacb'
[18:25:32.104][INFO]: Removing 'crafting' recipes with output: 'com.blamejared.crafttweaker.api.item.MCItemStack@37fb1848'
[18:25:32.105][INFO]: Removing 'crafting' recipes with output: 'com.blamejared.crafttweaker.api.item.MCItemStack@35ba850'
[18:25:32.106][INFO]: Removing 'crafting' recipes with output: 'com.blamejared.crafttweaker.api.item.MCItemStack@5c43837c'
[18:25:32.108][INFO]: Removing 'crafting' recipes with output: 'com.blamejared.crafttweaker.api.item.MCItemStack@c5013db9'
[18:25:32.109][INFO]: Removing 'crafting' recipes with output: 'com.blamejared.crafttweaker.api.item.MCItemStack@d06c703a'
[18:25:32.112][INFO]: Removing all recipes that output <item:apocalypsenow:plastic>
[18:25:32.114][INFO]: Removed 11 recipes registered in these 1 recipe managers: [<recipetype:minecraft:smelting>: 11]
[18:25:32.114][INFO]: Removing 'minecraft:crafting' recipe(s) with name(s): '[apocalypsenow:gunpowder]'
[18:25:32.115][INFO]: Removing all recipes that output <item:apocalypsenow:fixed_baseball_bat>
[18:25:32.116][INFO]: Removed 1 recipes registered in these 1 recipe managers: [<recipetype:minecraft:crafting>: 1]
[18:25:32.117][INFO]: Removing all recipes that output <item:apocalypsenow:head_cutter>
[18:25:32.118][INFO]: Removed 1 recipes registered in these 1 recipe managers: [<recipetype:minecraft:crafting>: 1]
[18:25:32.118][INFO]: Removing all recipes that output <item:apocalypsenow:rock>
[18:25:32.120][INFO]: Removed 3 recipes registered in these 1 recipe managers: [<recipetype:minecraft:crafting>: 3]
[18:25:32.120][INFO]: Removing all recipes that output <item:apocalypsenow:table_leg>
[18:25:32.122][INFO]: Removed 1 recipes registered in these 1 recipe managers: [<recipetype:minecraft:crafting>: 1]
[18:25:32.122][INFO]: Removing all recipes that output <item:apocalypsenow:tennis_racket>
[18:25:32.124][INFO]: Removed 1 recipes registered in these 1 recipe managers: [<recipetype:minecraft:crafting>: 1]
[18:25:32.124][INFO]: Removing all recipes that output <item:apocalypsenow:drill>
[18:25:32.125][INFO]: Removed 1 recipes registered in these 1 recipe managers: [<recipetype:minecraft:crafting>: 1]
[18:25:32.126][INFO]: Removing all recipes that output <item:apocalypsenow:fire_extinguisher>
[18:25:32.127][INFO]: Removed 1 recipes registered in these 1 recipe managers: [<recipetype:minecraft:crafting>: 1]
[18:25:32.127][INFO]: Removing all recipes that output <item:apocalypsenow:wooden_hammer>
[18:25:32.129][INFO]: Removed 1 recipes registered in these 1 recipe managers: [<recipetype:minecraft:crafting>: 1]
[18:25:32.129][INFO]: Removing all recipes that output <item:apocalypsenow:hammer_pickaxe>
[18:25:32.131][INFO]: Removed 1 recipes registered in these 1 recipe managers: [<recipetype:minecraft:crafting>: 1]
[18:25:32.131][INFO]: Removing all recipes that output <item:apocalypsenow:chainsaw_bat>
[18:25:32.132][INFO]: Removed 1 recipes registered in these 1 recipe managers: [<recipetype:minecraft:crafting>: 1]
[18:25:32.133][INFO]: Removing all recipes that output <item:apocalypsenow:chainsaw>
[18:25:32.134][INFO]: Removed 1 recipes registered in these 1 recipe managers: [<recipetype:minecraft:crafting>: 1]
[18:25:32.134][INFO]: Removing all recipes that output <item:apocalypsenow:sytche_machete>
[18:25:32.136][INFO]: Removed 1 recipes registered in these 1 recipe managers: [<recipetype:minecraft:crafting>: 1]
[18:25:32.136][INFO]: Removing all recipes that output <item:apocalypsenow:rusty_machete>
[18:25:32.138][INFO]: Removed 1 recipes registered in these 1 recipe managers: [<recipetype:minecraft:crafting>: 1]
[18:25:32.138][INFO]: Removing all recipes that output <item:apocalypsenow:simple_machete>
[18:25:32.139][INFO]: Removed 1 recipes registered in these 1 recipe managers: [<recipetype:minecraft:crafting>: 1]
[18:25:32.140][INFO]: Removing all recipes that output <item:apocalypsenow:scythe_knife>
[18:25:32.141][INFO]: Removed 1 recipes registered in these 1 recipe managers: [<recipetype:minecraft:crafting>: 1]
[18:25:32.141][INFO]: Removing all recipes that output <item:apocalypsenow:table_knife>
[18:25:32.143][INFO]: Removed 1 recipes registered in these 1 recipe managers: [<recipetype:minecraft:crafting>: 1]
[18:25:32.143][INFO]: Removing all recipes that output <item:apocalypsenow:comb_knife>
[18:25:32.145][INFO]: Removed 1 recipes registered in these 1 recipe managers: [<recipetype:minecraft:crafting>: 1]
[18:25:32.145][INFO]: Removing all recipes that output <item:apocalypsenow:rusty_knife>
[18:25:32.146][INFO]: Removed 1 recipes registered in these 1 recipe managers: [<recipetype:minecraft:crafting>: 1]
[18:25:32.146][INFO]: Removing all recipes that output <item:apocalypsenow:cheap_survival_knife>
[18:25:32.148][INFO]: Removed 1 recipes registered in these 1 recipe managers: [<recipetype:minecraft:crafting>: 1]
[18:25:32.148][INFO]: Removing all recipes that output <item:apocalypsenow:cheap_survival_axe>
[18:25:32.150][INFO]: Removed 1 recipes registered in these 1 recipe managers: [<recipetype:minecraft:crafting>: 1]
[18:25:32.150][INFO]: Removing all recipes that output <item:apocalypsenow:cheap_survival_machete>
[18:25:32.152][INFO]: Removed 1 recipes registered in these 1 recipe managers: [<recipetype:minecraft:crafting>: 1]
[18:25:32.152][INFO]: Removing all recipes that output <item:apocalypsenow:goldenstilletoknife>
[18:25:32.153][INFO]: Removed 1 recipes registered in these 1 recipe managers: [<recipetype:minecraft:crafting>: 1]
[18:25:32.153][INFO]: Removing all recipes that output <item:apocalypsenow:stylus_knife>
[18:25:32.155][INFO]: Removed 1 recipes registered in these 1 recipe managers: [<recipetype:minecraft:crafting>: 1]
[18:25:32.155][INFO]: Removing all recipes that output <item:apocalypsenow:hammer>
[18:25:32.157][INFO]: Removed 1 recipes registered in these 1 recipe managers: [<recipetype:minecraft:crafting>: 1]
[18:25:32.157][INFO]: Removing all recipes that output <item:apocalypsenow:sledgehammerr>
[18:25:32.159][INFO]: Removed 1 recipes registered in these 1 recipe managers: [<recipetype:minecraft:crafting>: 1]
[18:25:32.159][INFO]: Removing all recipes that output <item:apocalypsenow:broken_glass>
[18:25:32.160][INFO]: Removed 1 recipes registered in these 1 recipe managers: [<recipetype:minecraft:crafting>: 1]
[18:25:32.160][INFO]: Removing all recipes that output <item:apocalypsenow:broken_bottle>
[18:25:32.162][INFO]: Removed 3 recipes registered in these 1 recipe managers: [<recipetype:minecraft:crafting>: 3]
[18:25:32.162][INFO]: Removing all recipes that output <item:apocalypsenow:saw>
[18:25:32.164][INFO]: Removed 1 recipes registered in these 1 recipe managers: [<recipetype:minecraft:crafting>: 1]
[18:25:32.164][INFO]: Removing all recipes that output <item:apocalypsenow:broken_pool_cue>
[18:25:32.165][INFO]: Removed 1 recipes registered in these 1 recipe managers: [<recipetype:minecraft:crafting>: 1]
[18:25:32.166][INFO]: Removing all recipes that output <item:apocalypsenow:podao>
[18:25:32.167][INFO]: Removed 1 recipes registered in these 1 recipe managers: [<recipetype:minecraft:crafting>: 1]
[18:25:32.167][INFO]: Removing all recipes that output <item:apocalypsenow:nailed_stick>
[18:25:32.169][INFO]: Removed 1 recipes registered in these 1 recipe managers: [<recipetype:minecraft:crafting>: 1]
[18:25:32.169][INFO]: Removing all recipes that output <item:apocalypsenow:pick>
[18:25:32.171][INFO]: Removed 1 recipes registered in these 1 recipe managers: [<recipetype:minecraft:crafting>: 1]
[18:25:32.171][INFO]: Removing all recipes that output <item:apocalypsenow:stake>
[18:25:32.172][INFO]: Removed 2 recipes registered in these 1 recipe managers: [<recipetype:minecraft:crafting>: 2]
[18:25:32.172][INFO]: Removing all recipes that output <item:apocalypsenow:plank>
[18:25:32.174][INFO]: Removed 2 recipes registered in these 1 recipe managers: [<recipetype:minecraft:crafting>: 2]
[18:25:32.174][INFO]: Removing all recipes that output <item:apocalypsenow:spiked_plank>
[18:25:32.176][INFO]: Removed 1 recipes registered in these 1 recipe managers: [<recipetype:minecraft:crafting>: 1]
[18:25:32.176][INFO]: Removing all recipes that output <item:apocalypsenow:hatchet>
[18:25:32.178][INFO]: Removed 1 recipes registered in these 1 recipe managers: [<recipetype:minecraft:crafting>: 1]
[18:25:32.178][INFO]: Removing all recipes that output <item:apocalypsenow:concrete_mallet>
[18:25:32.180][INFO]: Removed 1 recipes registered in these 1 recipe managers: [<recipetype:minecraft:crafting>: 1]
[18:25:32.180][INFO]: Removing all recipes that output <item:apocalypsenow:rowing>
[18:25:32.183][INFO]: Removed 1 recipes registered in these 1 recipe managers: [<recipetype:minecraft:crafting>: 1]
[18:25:32.183][INFO]: Removing all recipes that output <item:apocalypsenow:modern_rowing>
[18:25:32.185][INFO]: Removed 1 recipes registered in these 1 recipe managers: [<recipetype:minecraft:crafting>: 1]
[18:25:32.185][INFO]: Removing all recipes that output <item:apocalypsenow:pool_cue>
[18:25:32.188][INFO]: Removed 1 recipes registered in these 1 recipe managers: [<recipetype:minecraft:crafting>: 1]
[18:25:32.188][INFO]: Removing all recipes that output <item:apocalypsenow:slander>
[18:25:32.190][INFO]: Removed 1 recipes registered in these 1 recipe managers: [<recipetype:minecraft:crafting>: 1]
[18:25:32.190][INFO]: Removing all recipes that output <item:apocalypsenow:slitting_pears>
[18:25:32.192][INFO]: Removed 1 recipes registered in these 1 recipe managers: [<recipetype:minecraft:crafting>: 1]
[18:25:32.192][INFO]: Removing all recipes that output <item:apocalypsenow:emptycanteen>
[18:25:32.194][INFO]: Removed 1 recipes registered in these 1 recipe managers: [<recipetype:minecraft:crafting>: 1]
[18:25:32.194][INFO]: Removing all recipes that output <item:apocalypsenow:broken_radio>
[18:25:32.196][INFO]: Removed 0 recipes registered in these 0 recipe managers: []
[18:25:32.196][INFO]: Removing all recipes that output <item:apocalypsenow:glassbottle>
[18:25:32.198][INFO]: Removed 2 recipes registered in these 1 recipe managers: [<recipetype:minecraft:crafting>: 2]
[18:25:32.199][INFO]: Removing all recipes that output <item:apocalypsenow:bottle>
[18:25:32.200][INFO]: Removed 0 recipes registered in these 0 recipe managers: []
[18:25:32.200][INFO]: Removing all recipes that output <item:apocalypsenow:textilethread>
[18:25:32.202][INFO]: Removed 1 recipes registered in these 1 recipe managers: [<recipetype:minecraft:crafting>: 1]
[18:25:32.202][INFO]: Removing all recipes that output <item:apocalypsenow:kevlarthread>
[18:25:32.203][INFO]: Removed 1 recipes registered in these 1 recipe managers: [<recipetype:minecraft:crafting>: 1]
[18:25:32.203][INFO]: Removing all recipes that output <item:apocalypsenow:polyesterthread>
[18:25:32.205][INFO]: Removed 1 recipes registered in these 1 recipe managers: [<recipetype:minecraft:crafting>: 1]
[18:25:32.205][INFO]: Removing all recipes that output <item:apocalypsenow:scrapmetal>
[18:25:32.206][INFO]: Removed 4 recipes registered in these 1 recipe managers: [<recipetype:minecraft:crafting>: 4]
[18:25:32.206][INFO]: Removing all recipes that output <item:apocalypsenow:electric_fence>
[18:25:32.207][INFO]: Removed 1 recipes registered in these 1 recipe managers: [<recipetype:minecraft:crafting>: 1]
[18:25:32.207][INFO]: Removing all recipes that output <item:apocalypsenow:ducttape>
[18:25:32.209][INFO]: Removed 1 recipes registered in these 1 recipe managers: [<recipetype:minecraft:crafting>: 1]
[18:25:32.209][INFO]: Removing all recipes that output <item:apocalypsenow:sawi>
[18:25:32.210][INFO]: Removed 1 recipes registered in these 1 recipe managers: [<recipetype:minecraft:crafting>: 1]
[18:25:32.210][INFO]: Removing all recipes that output <item:apocalypsenow:emptyshampoo>
[18:25:32.211][INFO]: Removed 0 recipes registered in these 0 recipe managers: []
[18:25:32.211][INFO]: Removing all recipes that output <item:apocalypsenow:emptyconditioner>
[18:25:32.213][INFO]: Removed 0 recipes registered in these 0 recipe managers: []
[18:25:32.213][INFO]: Removing all recipes that output <item:apocalypsenow:electrical_scrap>
[18:25:32.214][INFO]: Removed 4 recipes registered in these 1 recipe managers: [<recipetype:minecraft:crafting>: 4]
[18:25:32.214][INFO]: Removing all recipes that output <item:apocalypsenow:engineering_parts>
[18:25:32.216][INFO]: Removed 4 recipes registered in these 1 recipe managers: [<recipetype:minecraft:crafting>: 4]
[18:25:32.216][INFO]: Removing all recipes that output <item:apocalypsenow:glue>
[18:25:32.218][INFO]: Removed 1 recipes registered in these 1 recipe managers: [<recipetype:minecraft:crafting>: 1]
[18:25:32.218][INFO]: Removing all recipes that output <item:apocalypsenow:comb>
[18:25:32.220][INFO]: Removed 1 recipes registered in these 1 recipe managers: [<recipetype:minecraft:crafting>: 1]
[18:25:32.220][INFO]: Removing all recipes that output <item:apocalypsenow:cellphone>
[18:25:32.222][INFO]: Removed 0 recipes registered in these 0 recipe managers: []
[18:25:32.222][INFO]: Removing all recipes that output <item:apocalypsenow:watch>
[18:25:32.223][INFO]: Removed 0 recipes registered in these 0 recipe managers: []
[18:25:32.223][INFO]: Removing all recipes that output <item:apocalypsenow:goldenwatch>
[18:25:32.225][INFO]: Removed 0 recipes registered in these 0 recipe managers: []
[18:25:32.225][INFO]: Removing all recipes that output <item:apocalypsenow:newspaper>
[18:25:32.227][INFO]: Removed 1 recipes registered in these 1 recipe managers: [<recipetype:minecraft:crafting>: 1]
[18:25:32.227][INFO]: Removing all recipes that output <item:apocalypsenow:magazine>
[18:25:32.228][INFO]: Removed 1 recipes registered in these 1 recipe managers: [<recipetype:minecraft:crafting>: 1]
[18:25:32.228][INFO]: Removing all recipes that output <item:apocalypsenow:toothbrush>
[18:25:32.230][INFO]: Removed 0 recipes registered in these 0 recipe managers: []
[18:25:32.230][INFO]: Removing all recipes that output <item:apocalypsenow:cigarettes>
[18:25:32.232][INFO]: Removed 0 recipes registered in these 0 recipe managers: []
[18:25:32.232][INFO]: Removing all recipes that output <item:apocalypsenow:aabattery>
[18:25:32.233][INFO]: Removed 0 recipes registered in these 0 recipe managers: []
[18:25:32.233][INFO]: Removing all recipes that output <item:apocalypsenow:toothpaste>
[18:25:32.235][INFO]: Removed 0 recipes registered in these 0 recipe managers: []
[18:25:32.235][INFO]: Removing all recipes that output <item:apocalypsenow:broken_baseball_bat>
[18:25:32.237][INFO]: Removed 0 recipes registered in these 0 recipe managers: []
[18:25:32.237][INFO]: Removing all recipes that output <item:apocalypsenow:trash>
[18:25:32.239][INFO]: Removed 1 recipes registered in these 1 recipe managers: [<recipetype:minecraft:crafting>: 1]
[18:25:32.239][INFO]: Removing all recipes that output <item:apocalypsenow:rope>
[18:25:32.241][INFO]: Removed 1 recipes registered in these 1 recipe managers: [<recipetype:minecraft:crafting>: 1]
[18:25:32.241][INFO]: Removing all recipes that output <item:apocalypsenow:eletricfencesign>
[18:25:32.242][INFO]: Removed 0 recipes registered in these 0 recipe managers: []
[18:25:32.242][INFO]: Removing all recipes that output <item:apocalypsenow:sandbags>
[18:25:32.244][INFO]: Removed 1 recipes registered in these 1 recipe managers: [<recipetype:minecraft:crafting>: 1]
[18:25:32.244][INFO]: Removing all recipes that output <item:apocalypsenow:sandbagsstar>
[18:25:32.245][INFO]: Removed 1 recipes registered in these 1 recipe managers: [<recipetype:minecraft:crafting>: 1]
[18:25:32.245][INFO]: Removing all recipes that output <item:apocalypsenow:sandbagsslab>
[18:25:32.247][INFO]: Removed 1 recipes registered in these 1 recipe managers: [<recipetype:minecraft:crafting>: 1]
[18:25:32.247][INFO]: Removing all recipes that output <item:apocalypsenow:cocktail_molotov_green>
[18:25:32.248][INFO]: Removed 5 recipes registered in these 1 recipe managers: [<recipetype:minecraft:crafting>: 5]
[18:25:32.248][INFO]: Removing all recipes that output <item:apocalypsenow:cocktail_molotov_brown>
[18:25:32.249][INFO]: Removed 2 recipes registered in these 1 recipe managers: [<recipetype:minecraft:crafting>: 2]
[18:25:32.249][INFO]: Removing all recipes that output <item:apocalypsenow:cocktail_molotov_white>
[18:25:32.251][INFO]: Removed 2 recipes registered in these 1 recipe managers: [<recipetype:minecraft:crafting>: 2]
[18:25:32.251][INFO]: Removing all recipes that output <item:apocalypsenow:matches>
[18:25:32.252][INFO]: Removed 0 recipes registered in these 0 recipe managers: []
[18:25:32.252][INFO]: Removing all recipes that output <item:apocalypsenow:fertilizer>
[18:25:32.253][INFO]: Removed 1 recipes registered in these 1 recipe managers: [<recipetype:minecraft:crafting>: 1]
[18:25:32.253][INFO]: Removing all recipes that output <item:apocalypsenow:glassbottle>
[18:25:32.254][INFO]: Removed 0 recipes registered in these 0 recipe managers: []
[18:25:32.254][INFO]: Removing all recipes that output <item:apocalypsenow:glassbottle_2>
[18:25:32.255][INFO]: Removed 1 recipes registered in these 1 recipe managers: [<recipetype:minecraft:crafting>: 1]
[18:25:32.255][INFO]: Removing all recipes that output <item:apocalypsenow:glassbottle_3>
[18:25:32.256][INFO]: Removed 1 recipes registered in these 1 recipe managers: [<recipetype:minecraft:crafting>: 1]
[18:25:32.256][INFO]: Removing all recipes that output <item:apocalypsenow:soap>
[18:25:32.257][INFO]: Removed 1 recipes registered in these 1 recipe managers: [<recipetype:minecraft:crafting>: 1]
[18:25:32.258][INFO]: Removing all recipes that output <item:apocalypsenow:towel>
[18:25:32.259][INFO]: Removed 1 recipes registered in these 1 recipe managers: [<recipetype:minecraft:crafting>: 1]
[18:25:32.259][INFO]: Removing all recipes that output <item:apocalypsenow:plastic>
[18:25:32.260][INFO]: Removed 0 recipes registered in these 0 recipe managers: []
[18:25:32.260][INFO]: Removing all recipes that output <item:apocalypsenow:foam>
[18:25:32.262][INFO]: Removed 1 recipes registered in these 1 recipe managers: [<recipetype:minecraft:crafting>: 1]
[18:25:32.262][INFO]: Removing all recipes that output <item:apocalypsenow:oil_canister>
[18:25:32.263][INFO]: Removed 1 recipes registered in these 1 recipe managers: [<recipetype:minecraft:crafting>: 1]
[18:25:32.263][INFO]: Removing all recipes that output <item:apocalypsenow:cleanbucket>
[18:25:32.264][INFO]: Removed 1 recipes registered in these 1 recipe managers: [<recipetype:minecraft:crafting>: 1]
[18:25:32.264][INFO]: Removing all recipes that output <item:apocalypsenow:sock>
[18:25:32.266][INFO]: Removed 0 recipes registered in these 0 recipe managers: []
[18:25:32.266][INFO]: Removing all recipes that output <item:apocalypsenow:toy>
[18:25:32.267][INFO]: Removed 0 recipes registered in these 0 recipe managers: []
[18:25:32.267][INFO]: Removing all recipes that output <item:apocalypsenow:bricktoys>
[18:25:32.268][INFO]: Removed 0 recipes registered in these 0 recipe managers: []
[18:25:32.268][INFO]: Removing all recipes that output <item:apocalypsenow:toiletpaper>
[18:25:32.269][INFO]: Removed 0 recipes registered in these 0 recipe managers: []
[18:25:32.269][INFO]: Removing all recipes that output <item:apocalypsenow:handlegripp>
[18:25:32.270][INFO]: Removed 1 recipes registered in these 1 recipe managers: [<recipetype:minecraft:crafting>: 1]
[18:25:32.270][INFO]: Removing all recipes that output <item:apocalypsenow:ironhandlegripp>
[18:25:32.271][INFO]: Removed 1 recipes registered in these 1 recipe managers: [<recipetype:minecraft:crafting>: 1]
[18:25:32.271][INFO]: Removing all recipes that output <item:apocalypsenow:salt>
[18:25:32.272][INFO]: Removed 1 recipes registered in these 1 recipe managers: [<recipetype:minecraft:smelting>: 1]
[18:25:32.272][INFO]: Removing all recipes that output <item:apocalypsenow:perfume>
[18:25:32.273][INFO]: Removed 0 recipes registered in these 0 recipe managers: []
[18:25:32.274][INFO]: Removing all recipes that output <item:apocalypsenow:pet_bottle>
[18:25:32.275][INFO]: Removed 0 recipes registered in these 0 recipe managers: []
[18:25:32.275][INFO]: Removing all recipes that output <item:apocalypsenow:deodorant>
[18:25:32.276][INFO]: Removed 0 recipes registered in these 0 recipe managers: []
[18:25:32.276][INFO]: Removing all recipes that output <item:apocalypsenow:copperwire>
[18:25:32.277][INFO]: Removed 1 recipes registered in these 1 recipe managers: [<recipetype:minecraft:crafting>: 1]
[18:25:32.277][INFO]: Removing all recipes that output <item:apocalypsenow:radio>
[18:25:32.278][INFO]: Removed 0 recipes registered in these 0 recipe managers: []
[18:25:32.278][INFO]: Removing all recipes that output <item:apocalypsenow:military_radio>
[18:25:32.279][INFO]: Removed 0 recipes registered in these 0 recipe managers: []
[18:25:32.279][INFO]: Removing all recipes that output <item:apocalypsenow:gravediggers_shovel>
[18:25:32.280][INFO]: Removed 1 recipes registered in these 1 recipe managers: [<recipetype:minecraft:crafting>: 1]
[18:25:32.280][INFO]: Removing all recipes that output <item:apocalypsenow:taser>
[18:25:32.281][INFO]: Removed 1 recipes registered in these 1 recipe managers: [<recipetype:minecraft:crafting>: 1]
[18:25:32.281][INFO]: Removing all recipes that output <item:apocalypsenow:beer>
[18:25:32.282][INFO]: Removed 0 recipes registered in these 0 recipe managers: []
[18:25:32.282][INFO]: Removing all recipes that output <item:apocalypsenow:tomato>
[18:25:32.283][INFO]: Removed 0 recipes registered in these 0 recipe managers: []
[18:25:32.284][INFO]: Removing all recipes that output <item:apocalypsenow:butter>
[18:25:32.285][INFO]: Removed 1 recipes registered in these 1 recipe managers: [<recipetype:minecraft:crafting>: 1]
[18:25:32.285][INFO]: Removing all recipes that output <item:apocalypsenow:canteen_41>
[18:25:32.286][INFO]: Removed 0 recipes registered in these 0 recipe managers: []
[18:25:32.286][INFO]: Removing all recipes that output <item:apocalypsenow:canteen_42>
[18:25:32.287][INFO]: Removed 0 recipes registered in these 0 recipe managers: []
[18:25:32.287][INFO]: Removing all recipes that output <item:apocalypsenow:canteen_43>
[18:25:32.289][INFO]: Removed 0 recipes registered in these 0 recipe managers: []
[18:25:32.289][INFO]: Removing all recipes that output <item:apocalypsenow:canteen_44>
[18:25:32.290][INFO]: Removed 0 recipes registered in these 0 recipe managers: []
[18:25:32.290][INFO]: Removing all recipes that output <item:apocalypsenow:chicken_wing>
[18:25:32.291][INFO]: Removed 0 recipes registered in these 0 recipe managers: []
[18:25:32.291][INFO]: Removing all recipes that output <item:apocalypsenow:cooked_chicken_wing>
[18:25:32.292][INFO]: Removed 2 recipes registered in these 2 recipe managers: [<recipetype:minecraft:smelting>: 1, <recipetype:minecraft:smoking>: 1]
[18:25:32.292][INFO]: Removing all recipes that output <item:apocalypsenow:chocolate_bar>
[18:25:32.293][INFO]: Removed 0 recipes registered in these 0 recipe managers: []
[18:25:32.293][INFO]: Removing all recipes that output <item:apocalypsenow:cheese>
[18:25:32.294][INFO]: Removed 1 recipes registered in these 1 recipe managers: [<recipetype:minecraft:crafting>: 1]
[18:25:32.294][INFO]: Removing all recipes that output <item:apocalypsenow:donut>
[18:25:32.296][INFO]: Removed 0 recipes registered in these 0 recipe managers: []
[18:25:32.296][INFO]: Removing all recipes that output <item:apocalypsenow:cooked_canned_chilie>
[18:25:32.297][INFO]: Removed 3 recipes registered in these 3 recipe managers: [<recipetype:minecraft:campfire_cooking>: 1, <recipetype:minecraft:smelting>: 1, <recipetype:minecraft:smoking>: 1]
[18:25:32.297][INFO]: Removing all recipes that output <item:apocalypsenow:cooked_canned_food>
[18:25:32.298][INFO]: Removed 3 recipes registered in these 3 recipe managers: [<recipetype:minecraft:campfire_cooking>: 1, <recipetype:minecraft:smelting>: 1, <recipetype:minecraft:smoking>: 1]
[18:25:32.298][INFO]: Removing all recipes that output <item:apocalypsenow:cooked_canned_soup>
[18:25:32.299][INFO]: Removed 3 recipes registered in these 3 recipe managers: [<recipetype:minecraft:campfire_cooking>: 1, <recipetype:minecraft:smelting>: 1, <recipetype:minecraft:smoking>: 1]
[18:25:32.299][INFO]: Removing all recipes that output <item:apocalypsenow:open_canned_chili>
[18:25:32.300][INFO]: Removed 1 recipes registered in these 1 recipe managers: [<recipetype:minecraft:crafting>: 1]
[18:25:32.300][INFO]: Removing all recipes that output <item:apocalypsenow:open_canned_strawberry>
[18:25:32.301][INFO]: Removed 1 recipes registered in these 1 recipe managers: [<recipetype:minecraft:crafting>: 1]
[18:25:32.301][INFO]: Removing all recipes that output <item:apocalypsenow:open_canned_corn>
[18:25:32.302][INFO]: Removed 1 recipes registered in these 1 recipe managers: [<recipetype:minecraft:crafting>: 1]
[18:25:32.302][INFO]: Removing all recipes that output <item:apocalypsenow:open_canned_beans>
[18:25:32.303][INFO]: Removed 1 recipes registered in these 1 recipe managers: [<recipetype:minecraft:crafting>: 1]
[18:25:32.303][INFO]: Removing all recipes that output <item:apocalypsenow:open_canned_food>
[18:25:32.304][INFO]: Removed 1 recipes registered in these 1 recipe managers: [<recipetype:minecraft:crafting>: 1]
[18:25:32.305][INFO]: Removing all recipes that output <item:apocalypsenow:open_canned_soup>
[18:25:32.306][INFO]: Removed 1 recipes registered in these 1 recipe managers: [<recipetype:minecraft:crafting>: 1]
[18:25:32.306][INFO]: Removing all recipes that output <item:apocalypsenow:open_dogs_food>
[18:25:32.307][INFO]: Removed 1 recipes registered in these 1 recipe managers: [<recipetype:minecraft:crafting>: 1]
[18:25:32.307][INFO]: Removing all recipes that output <item:apocalypsenow:cooked_canned_beans>
[18:25:32.308][INFO]: Removed 2 recipes registered in these 2 recipe managers: [<recipetype:minecraft:smelting>: 1, <recipetype:minecraft:smoking>: 1]
[18:25:32.308][INFO]: Removing all recipes that output <item:apocalypsenow:canned_beans>
[18:25:32.309][INFO]: Removed 1 recipes registered in these 1 recipe managers: [<recipetype:minecraft:crafting>: 1]
[18:25:32.309][INFO]: Removing all recipes that output <item:apocalypsenow:canned_strawberry>
[18:25:32.310][INFO]: Removed 0 recipes registered in these 0 recipe managers: []
[18:25:32.310][INFO]: Removing all recipes that output <item:apocalypsenow:canned_corn>
[18:25:32.311][INFO]: Removed 1 recipes registered in these 1 recipe managers: [<recipetype:minecraft:crafting>: 1]
[18:25:32.311][INFO]: Removing all recipes that output <item:apocalypsenow:canned_chili>
[18:25:32.312][INFO]: Removed 1 recipes registered in these 1 recipe managers: [<recipetype:minecraft:crafting>: 1]
[18:25:32.312][INFO]: Removing all recipes that output <item:apocalypsenow:canned_food>
[18:25:32.314][INFO]: Removed 1 recipes registered in these 1 recipe managers: [<recipetype:minecraft:crafting>: 1]
[18:25:32.314][INFO]: Removing all recipes that output <item:apocalypsenow:canned_soup>
[18:25:32.315][INFO]: Removed 1 recipes registered in these 1 recipe managers: [<recipetype:minecraft:crafting>: 1]
[18:25:32.315][INFO]: Removing all recipes that output <item:apocalypsenow:dogs_food>
[18:25:32.316][INFO]: Removed 1 recipes registered in these 1 recipe managers: [<recipetype:minecraft:crafting>: 1]
[18:25:32.316][INFO]: Removing all recipes that output <item:apocalypsenow:orange>
[18:25:32.317][INFO]: Removed 0 recipes registered in these 0 recipe managers: []
[18:25:32.317][INFO]: Removing all recipes that output <item:apocalypsenow:tomato>
[18:25:32.318][INFO]: Removed 0 recipes registered in these 0 recipe managers: []
[18:25:32.318][INFO]: Removing all recipes that output <item:apocalypsenow:milk>
[18:25:32.319][INFO]: Removed 2 recipes registered in these 1 recipe managers: [<recipetype:minecraft:crafting>: 2]
[18:25:32.319][INFO]: Removing all recipes that output <item:apocalypsenow:lettuce>
[18:25:32.320][INFO]: Removed 0 recipes registered in these 0 recipe managers: []
[18:25:32.320][INFO]: Removing all recipes that output <item:apocalypsenow:fried_egg>
[18:25:32.321][INFO]: Removed 2 recipes registered in these 2 recipe managers: [<recipetype:minecraft:smelting>: 1, <recipetype:minecraft:smoking>: 1]
[18:25:32.321][INFO]: Removing all recipes that output <item:apocalypsenow:fries>
[18:25:32.322][INFO]: Removed 1 recipes registered in these 1 recipe managers: [<recipetype:minecraft:crafting>: 1]
[18:25:32.322][INFO]: Removing all recipes that output <item:apocalypsenow:hamburger>
[18:25:32.323][INFO]: Removed 1 recipes registered in these 1 recipe managers: [<recipetype:minecraft:crafting>: 1]
[18:25:32.324][INFO]: Removing all recipes that output <item:apocalypsenow:bottle>
[18:25:32.325][INFO]: Removed 0 recipes registered in these 0 recipe managers: []
[18:25:32.325][INFO]: Removing all recipes that output <item:apocalypsenow:reinforced_wooden_door>
[18:25:32.326][INFO]: Removed 1 recipes registered in these 1 recipe managers: [<recipetype:minecraft:crafting>: 1]
[18:25:32.326][INFO]: Removing all recipes that output <item:apocalypsenow:reinforced_door>
[18:25:32.327][INFO]: Removed 1 recipes registered in these 1 recipe managers: [<recipetype:minecraft:crafting>: 1]
[18:25:32.327][INFO]: Removing all recipes that output <item:apocalypsenow:scrap_metal_block>
[18:25:32.328][INFO]: Removed 1 recipes registered in these 1 recipe managers: [<recipetype:minecraft:crafting>: 1]
[18:25:32.328][INFO]: Removing all recipes that output <item:apocalypsenow:wooden_crate>
[18:25:32.329][INFO]: Removed 1 recipes registered in these 1 recipe managers: [<recipetype:minecraft:crafting>: 1]
[18:25:32.329][INFO]: Removing all recipes that output <item:apocalypsenow:military_crate>
[18:25:32.330][INFO]: Removed 1 recipes registered in these 1 recipe managers: [<recipetype:minecraft:crafting>: 1]
[18:25:32.331][INFO]: Removing all recipes that output <item:apocalypsenow:soap_in_a_sock>
[18:25:32.332][INFO]: Removed 1 recipes registered in these 1 recipe managers: [<recipetype:minecraft:crafting>: 1]
[18:25:32.332][INFO]: Removing all recipes that output <item:apocalypsenow:makeshift_machete>
[18:25:32.333][INFO]: Removed 1 recipes registered in these 1 recipe managers: [<recipetype:minecraft:crafting>: 1]
[18:25:32.333][INFO]: Removing all recipes that output <item:apocalypsenow:makeshift_axe>
[18:25:32.334][INFO]: Removed 1 recipes registered in these 1 recipe managers: [<recipetype:minecraft:crafting>: 1]
[18:25:32.334][INFO]: Removing all recipes that output <item:apocalypsenow:makeshift_knife>
[18:25:32.335][INFO]: Removed 1 recipes registered in these 1 recipe managers: [<recipetype:minecraft:crafting>: 1]
[18:25:32.335][INFO]: Removing all recipes that output <item:apocalypsenow:mosquito_knife>
[18:25:32.336][INFO]: Removed 1 recipes registered in these 1 recipe managers: [<recipetype:minecraft:crafting>: 1]
[18:25:32.336][INFO]: Removing all recipes that output <item:apocalypsenow:barbecuestick>
[18:25:32.337][INFO]: Removed 1 recipes registered in these 1 recipe managers: [<recipetype:minecraft:crafting>: 1]
[18:25:32.337][INFO]: Removing all recipes that output <item:apocalypsenow:phillipsscrewdriver>
[18:25:32.338][INFO]: Removed 1 recipes registered in these 1 recipe managers: [<recipetype:minecraft:crafting>: 1]
[18:25:32.338][INFO]: Removing all recipes that output <item:apocalypsenow:rubberduck>
[18:25:32.339][INFO]: Removed 1 recipes registered in these 1 recipe managers: [<recipetype:minecraft:crafting>: 1]
[18:25:32.339][INFO]: Removing all recipes that output <item:apocalypsenow:ontario_sp_8>
[18:25:32.340][INFO]: Removed 1 recipes registered in these 1 recipe managers: [<recipetype:minecraft:crafting>: 1]
[18:25:32.340][INFO]: Removing all recipes that output <item:apocalypsenow:marmalade>
[18:25:32.341][INFO]: Removed 1 recipes registered in these 1 recipe managers: [<recipetype:minecraft:crafting>: 1]
[18:25:32.341][INFO]: Removing all recipes that output <item:apocalypsenow:passportred>
[18:25:32.342][INFO]: Removed 0 recipes registered in these 0 recipe managers: []
[18:25:32.342][INFO]: Removing all recipes that output <item:apocalypsenow:passportblue>
[18:25:32.343][INFO]: Removed 0 recipes registered in these 0 recipe managers: []
[18:25:32.344][INFO]: Removing all recipes that output <item:apocalypsenow:passport_green>
[18:25:32.345][INFO]: Removed 0 recipes registered in these 0 recipe managers: []
[18:25:32.345][INFO]: Removing all recipes that output <item:apocalypsenow:credit_card>
[18:25:32.346][INFO]: Removed 0 recipes registered in these 0 recipe managers: []
[18:25:32.346][INFO]: Removing all recipes that output <item:apocalypsenow:wallet>
[18:25:32.347][INFO]: Removed 0 recipes registered in these 0 recipe managers: []
[18:25:32.347][INFO]: Removing all recipes that output <item:apocalypsenow:kevlar>
[18:25:32.348][INFO]: Removed 1 recipes registered in these 1 recipe managers: [<recipetype:minecraft:crafting>: 1]
[18:25:32.348][INFO]: Removing all recipes that output <item:apocalypsenow:polyester>
[18:25:32.349][INFO]: Removed 1 recipes registered in these 1 recipe managers: [<recipetype:minecraft:crafting>: 1]
[18:25:32.349][INFO]: Removing all recipes that output <item:apocalypsenow:armorplate>
[18:25:32.350][INFO]: Removed 1 recipes registered in these 1 recipe managers: [<recipetype:minecraft:crafting>: 1]
[18:25:32.350][INFO]: Removing all recipes that output <item:apocalypsenow:reinforced_armor_plate>
[18:25:32.351][INFO]: Removed 1 recipes registered in these 1 recipe managers: [<recipetype:minecraft:crafting>: 1]
[18:25:32.351][INFO]: Removing all recipes that output <item:apocalypsenow:plasticplate>
[18:25:32.352][INFO]: Removed 1 recipes registered in these 1 recipe managers: [<recipetype:minecraft:crafting>: 1]
[18:25:32.352][INFO]: Removing all recipes that output <item:apocalypsenow:crafts_and_wood>
[18:25:32.353][INFO]: Removed 0 recipes registered in these 0 recipe managers: []
[18:25:32.353][INFO]: Removing all recipes that output <item:apocalypsenow:thecookingguide>
[18:25:32.354][INFO]: Removed 0 recipes registered in these 0 recipe managers: []
[18:25:32.354][INFO]: Removing all recipes that output <item:apocalypsenow:electricalengineering>
[18:25:32.355][INFO]: Removed 0 recipes registered in these 0 recipe managers: []
[18:25:32.355][INFO]: Removing all recipes that output <item:apocalypsenow:firstaidbook>
[18:25:32.356][INFO]: Removed 0 recipes registered in these 0 recipe managers: []
[18:25:32.356][INFO]: Removing all recipes that output <item:apocalypsenow:craftsand_wood_ii>
[18:25:32.357][INFO]: Removed 0 recipes registered in these 0 recipe managers: []
[18:25:32.357][INFO]: Removing all recipes that output <item:apocalypsenow:bandage>
[18:25:32.358][INFO]: Removed 2 recipes registered in these 1 recipe managers: [<recipetype:minecraft:crafting>: 2]
[18:25:32.358][INFO]: Removing all recipes that output <item:apocalypsenow:pain_killers>
[18:25:32.359][INFO]: Removed 0 recipes registered in these 0 recipe managers: []
[18:25:32.359][INFO]: Removing all recipes that output <item:apocalypsenow:antibiotics>
[18:25:32.360][INFO]: Removed 0 recipes registered in these 0 recipe managers: []
[18:25:32.360][INFO]: Removing all recipes that output <item:apocalypsenow:homemadeantibiotics>
[18:25:32.361][INFO]: Removed 1 recipes registered in these 1 recipe managers: [<recipetype:minecraft:crafting>: 1]
[18:25:32.361][INFO]: Removing all recipes that output <item:apocalypsenow:stringandneedle>
[18:25:32.362][INFO]: Removed 1 recipes registered in these 1 recipe managers: [<recipetype:minecraft:crafting>: 1]
[18:25:32.363][INFO]: Removing all recipes that output <item:apocalypsenow:syringe>
[18:25:32.364][INFO]: Removed 2 recipes registered in these 1 recipe managers: [<recipetype:minecraft:crafting>: 2]
[18:25:32.364][INFO]: Removing all recipes that output <item:apocalypsenow:adrenalinepot>
[18:25:32.365][INFO]: Removed 1 recipes registered in these 1 recipe managers: [<recipetype:minecraft:crafting>: 1]
[18:25:32.365][INFO]: Removing all recipes that output <item:apocalypsenow:morphinepot>
[18:25:32.366][INFO]: Removed 1 recipes registered in these 1 recipe managers: [<recipetype:minecraft:crafting>: 1]
[18:25:32.366][INFO]: Removing all recipes that output <item:apocalypsenow:saline>
[18:25:32.367][INFO]: Removed 0 recipes registered in these 0 recipe managers: []
[18:25:32.367][INFO]: Removing all recipes that output <item:apocalypsenow:morphine>
[18:25:32.369][INFO]: Removed 1 recipes registered in these 1 recipe managers: [<recipetype:minecraft:crafting>: 1]
[18:25:32.369][INFO]: Removing all recipes that output <item:apocalypsenow:adrenaline_syringe>
[18:25:32.370][INFO]: Removed 1 recipes registered in these 1 recipe managers: [<recipetype:minecraft:crafting>: 1]
[18:25:32.370][INFO]: Removing all recipes that output <item:apocalypsenow:hydrochloricacid>
[18:25:32.372][INFO]: Removed 1 recipes registered in these 1 recipe managers: [<recipetype:minecraft:crafting>: 1]
[18:25:32.372][INFO]: Removing all recipes that output <item:apocalypsenow:sulfuricacid>
[18:25:32.373][INFO]: Removed 1 recipes registered in these 1 recipe managers: [<recipetype:minecraft:crafting>: 1]
[18:25:32.373][INFO]: Removing all recipes that output <item:apocalypsenow:chlorine_dioxed>
[18:25:32.374][INFO]: Removed 1 recipes registered in these 1 recipe managers: [<recipetype:minecraft:crafting>: 1]
[18:25:32.374][INFO]: Removing all recipes that output <item:apocalypsenow:bloodsyringe>
[18:25:32.375][INFO]: Removed 0 recipes registered in these 0 recipe managers: []
[18:25:32.375][INFO]: Removing all recipes that output <item:apocalypsenow:purificationtablets>
[18:25:32.377][INFO]: Removed 1 recipes registered in these 1 recipe managers: [<recipetype:minecraft:crafting>: 1]
[18:25:32.377][INFO]: Removing all recipes that output <item:apocalypsenow:surgicalclamps>
[18:25:32.378][INFO]: Removed 1 recipes registered in these 1 recipe managers: [<recipetype:minecraft:crafting>: 1]
[18:25:32.378][INFO]: Removing all recipes that output <item:apocalypsenow:slipt>
[18:25:32.379][INFO]: Removed 1 recipes registered in these 1 recipe managers: [<recipetype:minecraft:crafting>: 1]
[18:25:32.379][INFO]: Removing all recipes that output <item:apocalypsenow:rags>
[18:25:32.380][INFO]: Removed 2 recipes registered in these 1 recipe managers: [<recipetype:minecraft:crafting>: 2]
[18:25:32.381][INFO]: Removing all recipes that output <item:apocalypsenow:cleanrags>
[18:25:32.382][INFO]: Removed 1 recipes registered in these 1 recipe managers: [<recipetype:minecraft:crafting>: 1]
[18:25:32.382][INFO]: Removing all recipes that output <item:apocalypsenow:simplebackpack>
[18:25:32.383][INFO]: Removed 0 recipes registered in these 0 recipe managers: []
[18:25:32.383][INFO]: Removing all recipes that output <item:apocalypsenow:pinksimplebackpack>
[18:25:32.384][INFO]: Removed 0 recipes registered in these 0 recipe managers: []
[18:25:32.384][INFO]: Removing all recipes that output <item:apocalypsenow:bluesimplebackpack>
[18:25:32.385][INFO]: Removed 0 recipes registered in these 0 recipe managers: []
[18:25:32.386][INFO]: Removing all recipes that output <item:apocalypsenow:normalbackpack>
[18:25:32.387][INFO]: Removed 0 recipes registered in these 0 recipe managers: []
[18:25:32.387][INFO]: Removing all recipes that output <item:apocalypsenow:bigbackpack>
[18:25:32.388][INFO]: Removed 0 recipes registered in these 0 recipe managers: []
[18:25:32.388][INFO]: Removing all recipes that output <item:apocalypsenow:campingbackpack>
[18:25:32.389][INFO]: Removed 0 recipes registered in these 0 recipe managers: []
[18:25:32.389][INFO]: Removing all recipes that output <item:apocalypsenow:militarybackpack>
[18:25:32.391][INFO]: Removed 0 recipes registered in these 0 recipe managers: []
[18:25:32.391][INFO]: Removing all recipes that output <item:apocalypsenow:alicepack>
[18:25:32.392][INFO]: Removed 0 recipes registered in these 0 recipe managers: []
[18:25:32.392][INFO]: Removing all recipes that output <item:apocalypsenow:sack_helmet>
[18:25:32.393][INFO]: Removed 1 recipes registered in these 1 recipe managers: [<recipetype:minecraft:crafting>: 1]
[18:25:32.393][INFO]: Removing all recipes that output <item:apocalypsenow:nonalcoholic_beer>
[18:25:32.394][INFO]: Removed 0 recipes registered in these 0 recipe managers: []
[18:25:32.394][INFO]: Removing all recipes that output <item:apocalypsenow:vitamins>
[18:25:32.395][INFO]: Removed 1 recipes registered in these 1 recipe managers: [<recipetype:minecraft:crafting>: 1]
[18:25:32.395][INFO]: Removing all recipes that output <item:apocalypsenow:bloodybandages>
[18:25:32.396][INFO]: Removed 0 recipes registered in these 0 recipe managers: []
[18:25:32.396][INFO]: Removing all recipes that output <item:apocalypsenow:bloodyrags>
[18:25:32.397][INFO]: Removed 0 recipes registered in these 0 recipe managers: []
[18:25:32.397][INFO]: Removing all recipes that output <item:apocalypsenow:grenade_belt_chestplate>
[18:25:32.398][INFO]: Removed 1 recipes registered in these 1 recipe managers: [<recipetype:minecraft:crafting>: 1]
[18:25:32.398][INFO]: Removing all recipes that output <item:apocalypsenow:gpnvg_18_helmet_helmet>
[18:25:32.399][INFO]: Removed 1 recipes registered in these 1 recipe managers: [<recipetype:minecraft:crafting>: 1]
[18:25:32.399][INFO]: Removing all recipes that output <item:apocalypsenow:whisky>
[18:25:32.400][INFO]: Removed 1 recipes registered in these 1 recipe managers: [<recipetype:minecraft:crafting>: 1]
[18:25:32.400][INFO]: Removing all recipes that output <item:apocalypsenow:vodka>
[18:25:32.401][INFO]: Removed 3 recipes registered in these 1 recipe managers: [<recipetype:minecraft:crafting>: 3]
[18:25:32.401][INFO]: Removing all recipes that output <item:apocalypsenow:metal_shelves>
[18:25:32.402][INFO]: Removed 1 recipes registered in these 1 recipe managers: [<recipetype:minecraft:crafting>: 1]
[18:25:32.403][INFO]: Removing all recipes that output <item:apocalypsenow:metal_shelvels_two>
[18:25:32.404][INFO]: Removed 0 recipes registered in these 0 recipe managers: []
[18:25:32.404][INFO]: Removing all recipes that output <item:apocalypsenow:metal_shelves_three>
[18:25:32.405][INFO]: Removed 0 recipes registered in these 0 recipe managers: []
[18:25:32.405][INFO]: Removing all recipes that output <item:apocalypsenow:pallet>
[18:25:32.406][INFO]: Removed 1 recipes registered in these 1 recipe managers: [<recipetype:minecraft:crafting>: 1]
[18:25:32.406][INFO]: Removing all recipes that output <item:apocalypsenow:pallet_slab>
[18:25:32.407][INFO]: Removed 1 recipes registered in these 1 recipe managers: [<recipetype:minecraft:crafting>: 1]
[18:25:32.407][INFO]: Removing all recipes that output <item:apocalypsenow:pallet_storage>
[18:25:32.408][INFO]: Removed 1 recipes registered in these 1 recipe managers: [<recipetype:minecraft:crafting>: 1]
[18:25:32.408][INFO]: Removing all recipes that output <item:apocalypsenow:sandbagbarrier>
[18:25:32.409][INFO]: Removed 1 recipes registered in these 1 recipe managers: [<recipetype:minecraft:crafting>: 1]
[18:25:32.409][INFO]: Removing all recipes that output <item:apocalypsenow:salt>
[18:25:32.410][INFO]: Removed 0 recipes registered in these 0 recipe managers: []
[18:25:32.410][INFO]: Removing all recipes that output <item:apocalypsenow:water>
[18:25:32.411][INFO]: Removed 2 recipes registered in these 2 recipe managers: [<recipetype:minecraft:crafting>: 1, <recipetype:minecraft:smelting>: 1]
[18:25:32.411][INFO]: Removing all recipes that output <item:apocalypsenow:fried_egg>
[18:25:32.412][INFO]: Removed 0 recipes registered in these 0 recipe managers: []
[18:25:32.412][INFO]: Removing all recipes that output <item:apocalypsenow:petrol_barrel>
[18:25:32.413][INFO]: Removed 1 recipes registered in these 1 recipe managers: [<recipetype:minecraft:crafting>: 1]
[18:25:32.413][INFO]: Removing all recipes that output <item:apocalypsenow:hospital_door>
[18:25:32.414][INFO]: Removed 1 recipes registered in these 1 recipe managers: [<recipetype:minecraft:crafting>: 1]
[18:25:32.414][INFO]: Removing all recipes that output <item:apocalypsenow:prison_door>
[18:25:32.415][INFO]: Removed 1 recipes registered in these 1 recipe managers: [<recipetype:minecraft:crafting>: 1]
[18:25:32.415][INFO]: Removing all recipes that output <item:apocalypsenow:military_door>
[18:25:32.416][INFO]: Removed 1 recipes registered in these 1 recipe managers: [<recipetype:minecraft:crafting>: 1]
[18:25:32.416][INFO]: Removing all recipes that output <item:apocalypsenow:plane_door>
[18:25:32.417][INFO]: Removed 1 recipes registered in these 1 recipe managers: [<recipetype:minecraft:crafting>: 1]
[18:25:32.417][INFO]: Removing all recipes that output <item:apocalypsenow:glass_door>
[18:25:32.418][INFO]: Removed 1 recipes registered in these 1 recipe managers: [<recipetype:minecraft:crafting>: 1]
[18:25:32.418][INFO]: Removing all recipes that output <item:apocalypsenow:bunker_hatch>
[18:25:32.419][INFO]: Removed 1 recipes registered in these 1 recipe managers: [<recipetype:minecraft:crafting>: 1]
[18:25:32.419][INFO]: Removing all recipes that output <item:apocalypsenow:dynamite>
[18:25:32.420][INFO]: Removed 1 recipes registered in these 1 recipe managers: [<recipetype:minecraft:crafting>: 1]
[18:25:32.420][INFO]: Removing all recipes that output <item:apocalypsenow:dynamite_roll>
[18:25:32.421][INFO]: Removed 1 recipes registered in these 1 recipe managers: [<recipetype:minecraft:crafting>: 1]
[18:25:32.421][INFO]: Removing all recipes that output <item:apocalypsenow:improvised_dynamite_roll>
[18:25:32.422][INFO]: Removed 1 recipes registered in these 1 recipe managers: [<recipetype:minecraft:crafting>: 1]
[18:25:32.423][INFO]: Removing all recipes that output <item:apocalypsenow:small_can>
[18:25:32.424][INFO]: Removed 1 recipes registered in these 1 recipe managers: [<recipetype:minecraft:crafting>: 1]
[18:25:32.424][INFO]: Removing all recipes that output <item:apocalypsenow:water>
[18:25:32.425][INFO]: Removed 0 recipes registered in these 0 recipe managers: []
[18:25:32.425][INFO]: Removing all recipes that output <item:apocalypsenow:macandcheese>
[18:25:32.426][INFO]: Removed 0 recipes registered in these 0 recipe managers: []
[18:25:32.426][INFO]: Removing all recipes that output <item:apocalypsenow:tank_trap>
[18:25:32.427][INFO]: Removed 1 recipes registered in these 1 recipe managers: [<recipetype:minecraft:crafting>: 1]
[18:25:32.427][INFO]: Removing all recipes that output <item:apocalypsenow:worldcompass>
[18:25:32.428][INFO]: Removed 1 recipes registered in these 1 recipe managers: [<recipetype:minecraft:crafting>: 1]
[18:25:32.428][INFO]: Removing all recipes that output <item:apocalypsenow:iron_ladder>
[18:25:32.429][INFO]: Removed 1 recipes registered in these 1 recipe managers: [<recipetype:minecraft:crafting>: 1]
[18:25:32.429][INFO]: Removing all recipes that output <item:apocalypsenow:iron_plate>
[18:25:32.430][INFO]: Removed 1 recipes registered in these 1 recipe managers: [<recipetype:minecraft:crafting>: 1]
[18:25:32.430][INFO]: Removing all recipes that output <item:apocalypsenow:spike_log>
[18:25:32.431][INFO]: Removed 1 recipes registered in these 1 recipe managers: [<recipetype:minecraft:crafting>: 1]
[18:25:32.431][INFO]: Removing all recipes that output <item:apocalypsenow:mossbricks>
[18:25:32.432][INFO]: Removed 1 recipes registered in these 1 recipe managers: [<recipetype:minecraft:crafting>: 1]
[18:25:32.432][INFO]: Removing all recipes that output <item:apocalypsenow:mosstairs>
[18:25:32.433][INFO]: Removed 1 recipes registered in these 1 recipe managers: [<recipetype:minecraft:crafting>: 1]
[18:25:32.433][INFO]: Removing all recipes that output <item:apocalypsenow:mossbrickslab>
[18:25:32.434][INFO]: Removed 1 recipes registered in these 1 recipe managers: [<recipetype:minecraft:crafting>: 1]
[18:25:32.434][INFO]: Removing all recipes that output <item:apocalypsenow:mossbrickwall>
[18:25:32.435][INFO]: Removed 1 recipes registered in these 1 recipe managers: [<recipetype:minecraft:crafting>: 1]
[18:25:32.435][INFO]: Removing all recipes that output <item:apocalypsenow:cross>
[18:25:32.436][INFO]: Removed 1 recipes registered in these 1 recipe managers: [<recipetype:minecraft:crafting>: 1]
[18:25:32.436][INFO]: Removing all recipes that output <item:apocalypsenow:gravestone>
[18:25:32.437][INFO]: Removed 1 recipes registered in these 1 recipe managers: [<recipetype:minecraft:stonecutting>: 1]
[18:25:32.437][INFO]: Removing all recipes that output <item:apocalypsenow:rockpile>
[18:25:32.438][INFO]: Removed 1 recipes registered in these 1 recipe managers: [<recipetype:minecraft:crafting>: 1]
[18:25:32.438][INFO]: Removing all recipes that output <item:apocalypsenow:leaves_trap>
[18:25:32.440][INFO]: Removed 1 recipes registered in these 1 recipe managers: [<recipetype:minecraft:crafting>: 1]
[18:25:32.440][INFO]: Removing all recipes that output <item:apocalypsenow:barbed_wire>
[18:25:32.441][INFO]: Removed 1 recipes registered in these 1 recipe managers: [<recipetype:minecraft:crafting>: 1]
[18:25:32.441][INFO]: Removing all recipes that output <item:apocalypsenow:spikeswall>
[18:25:32.442][INFO]: Removed 1 recipes registered in these 1 recipe managers: [<recipetype:minecraft:crafting>: 1]
[18:25:32.442][INFO]: Removing all recipes that output <item:apocalypsenow:spike_barrier>
[18:25:32.443][INFO]: Removed 1 recipes registered in these 1 recipe managers: [<recipetype:minecraft:crafting>: 1]
[18:25:32.443][INFO]: Removing all recipes that output <item:apocalypsenow:glass_spikes>
[18:25:32.444][INFO]: Removed 1 recipes registered in these 1 recipe managers: [<recipetype:minecraft:crafting>: 1]
[18:25:32.444][INFO]: Removing all recipes that output <item:apocalypsenow:spikes>
[18:25:32.445][INFO]: Removed 1 recipes registered in these 1 recipe managers: [<recipetype:minecraft:crafting>: 1]
[18:25:32.445][INFO]: Removing all recipes that output <item:apocalypsenow:tripwire_bomb>
[18:25:32.446][INFO]: Removed 1 recipes registered in these 1 recipe managers: [<recipetype:minecraft:crafting>: 1]
[18:25:32.446][INFO]: Removing all recipes that output <item:apocalypsenow:cream_cracker>
[18:25:32.447][INFO]: Removed 0 recipes registered in these 0 recipe managers: []
[18:25:32.447][INFO]: Removing all recipes that output <item:apocalypsenow:pile_of_tires>
[18:25:32.448][INFO]: Removed 1 recipes registered in these 1 recipe managers: [<recipetype:minecraft:crafting>: 1]
[18:25:32.449][INFO]: Removing all recipes that output <item:apocalypsenow:electric_door>
[18:25:32.450][INFO]: Removed 1 recipes registered in these 1 recipe managers: [<recipetype:minecraft:crafting>: 1]
[18:25:32.450][INFO]: Removing all recipes that output <item:apocalypsenow:iron_grid_door>
[18:25:32.451][INFO]: Removed 1 recipes registered in these 1 recipe managers: [<recipetype:minecraft:crafting>: 1]
[18:25:32.451][INFO]: Removing all recipes that output <item:apocalypsenow:nutrition_bar>
[18:25:32.452][INFO]: Removed 0 recipes registered in these 0 recipe managers: []
[18:25:32.452][INFO]: Removing all recipes that output <item:apocalypsenow:explosive_barrel>
[18:25:32.453][INFO]: Removed 1 recipes registered in these 1 recipe managers: [<recipetype:minecraft:crafting>: 1]
[18:25:32.453][INFO]: Removing all recipes that output <item:apocalypsenow:screwdriver>
[18:25:32.454][INFO]: Removed 1 recipes registered in these 1 recipe managers: [<recipetype:minecraft:crafting>: 1]
[18:25:32.454][INFO]: Removing all recipes that output <item:apocalypsenow:pan>
[18:25:32.455][INFO]: Removed 1 recipes registered in these 1 recipe managers: [<recipetype:minecraft:crafting>: 1]
[18:25:32.455][INFO]: Removing all recipes that output <item:apocalypsenow:catana>
[18:25:32.456][INFO]: Removed 1 recipes registered in these 1 recipe managers: [<recipetype:minecraft:crafting>: 1]
[18:25:32.456][INFO]: Removing all recipes that output <item:apocalypsenow:kanabo>
[18:25:32.457][INFO]: Removed 1 recipes registered in these 1 recipe managers: [<recipetype:minecraft:crafting>: 1]
[18:25:32.457][INFO]: Removing all recipes that output <item:apocalypsenow:camping_knife>
[18:25:32.458][INFO]: Removed 1 recipes registered in these 1 recipe managers: [<recipetype:minecraft:crafting>: 1]
[18:25:32.458][INFO]: Removing all recipes that output <item:apocalypsenow:camping_machete>
[18:25:32.459][INFO]: Removed 1 recipes registered in these 1 recipe managers: [<recipetype:minecraft:crafting>: 1]
[18:25:32.459][INFO]: Removing all recipes that output <item:apocalypsenow:icepick>
[18:25:32.460][INFO]: Removed 1 recipes registered in these 1 recipe managers: [<recipetype:minecraft:crafting>: 1]
[18:25:32.460][INFO]: Removing all recipes that output <item:apocalypsenow:gardening_saw>
[18:25:32.461][INFO]: Removed 1 recipes registered in these 1 recipe managers: [<recipetype:minecraft:crafting>: 1]
[18:25:32.461][INFO]: Removing all recipes that output <item:apocalypsenow:black_cleaver>
[18:25:32.462][INFO]: Removed 1 recipes registered in these 1 recipe managers: [<recipetype:minecraft:crafting>: 1]
[18:25:32.462][INFO]: Removing all recipes that output <item:apocalypsenow:cutter_knife>
[18:25:32.463][INFO]: Removed 1 recipes registered in these 1 recipe managers: [<recipetype:minecraft:crafting>: 1]
[18:25:32.463][INFO]: Removing all recipes that output <item:apocalypsenow:survival_knife>
[18:25:32.464][INFO]: Removed 1 recipes registered in these 1 recipe managers: [<recipetype:minecraft:crafting>: 1]
[18:25:32.464][INFO]: Removing all recipes that output <item:apocalypsenow:chefs_knife>
[18:25:32.465][INFO]: Removed 1 recipes registered in these 1 recipe managers: [<recipetype:minecraft:crafting>: 1]
[18:25:32.465][INFO]: Removing all recipes that output <item:apocalypsenow:razor>
[18:25:32.466][INFO]: Removed 1 recipes registered in these 1 recipe managers: [<recipetype:minecraft:crafting>: 1]
[18:25:32.466][INFO]: Removing all recipes that output <item:apocalypsenow:taiga_1_survival_machete>
[18:25:32.467][INFO]: Removed 1 recipes registered in these 1 recipe managers: [<recipetype:minecraft:crafting>: 1]
[18:25:32.467][INFO]: Removing all recipes that output <item:apocalypsenow:combat_survival_knife>
[18:25:32.468][INFO]: Removed 1 recipes registered in these 1 recipe managers: [<recipetype:minecraft:crafting>: 1]
[18:25:32.468][INFO]: Removing all recipes that output <item:apocalypsenow:stun_baton>
[18:25:32.469][INFO]: Removed 1 recipes registered in these 1 recipe managers: [<recipetype:minecraft:crafting>: 1]
[18:25:32.469][INFO]: Removing all recipes that output <item:apocalypsenow:comically_large_spoon>
[18:25:32.470][INFO]: Removed 0 recipes registered in these 0 recipe managers: []
[18:25:32.470][INFO]: Removing all recipes that output <item:apocalypsenow:spikefence>
[18:25:32.471][INFO]: Removed 1 recipes registered in these 1 recipe managers: [<recipetype:minecraft:crafting>: 1]
[18:25:32.471][INFO]: Removing all recipes that output <item:apocalypsenow:medical_box>
[18:25:32.472][INFO]: Removed 1 recipes registered in these 1 recipe managers: [<recipetype:minecraft:crafting>: 1]
[18:25:32.472][INFO]: Removing all recipes that output <item:apocalypsenow:broken_tv>
[18:25:32.473][INFO]: Removed 1 recipes registered in these 1 recipe managers: [<recipetype:minecraft:crafting>: 1]
[18:25:32.473][INFO]: Removing all recipes that output <item:apocalypsenow:broken_plasma_tv>
[18:25:32.474][INFO]: Removed 1 recipes registered in these 1 recipe managers: [<recipetype:minecraft:crafting>: 1]
[18:25:32.474][INFO]: Removing all recipes that output <item:apocalypsenow:brokenpremiunradio>
[18:25:32.475][INFO]: Removed 1 recipes registered in these 1 recipe managers: [<recipetype:minecraft:crafting>: 1]
[18:25:32.475][INFO]: Removing all recipes that output <item:apocalypsenow:brokenoldradio>
[18:25:32.476][INFO]: Removed 1 recipes registered in these 1 recipe managers: [<recipetype:minecraft:crafting>: 1]
[18:25:32.476][INFO]: Removing all recipes that output <item:apocalypsenow:umbrella>
[18:25:32.477][INFO]: Removed 1 recipes registered in these 1 recipe managers: [<recipetype:minecraft:crafting>: 1]
[18:25:32.477][INFO]: Removing all recipes that output <item:apocalypsenow:mangrove_planks_stash>
[18:25:32.479][INFO]: Removed 1 recipes registered in these 1 recipe managers: [<recipetype:minecraft:crafting>: 1]
[18:25:32.479][INFO]: Removing all recipes that output <item:apocalypsenow:cherry_planks_stash>
[18:25:32.480][INFO]: Removed 1 recipes registered in these 1 recipe managers: [<recipetype:minecraft:crafting>: 1]
[18:25:32.480][INFO]: Removing all recipes that output <item:apocalypsenow:rain_collector>
[18:25:32.481][INFO]: Removed 1 recipes registered in these 1 recipe managers: [<recipetype:minecraft:crafting>: 1]
[18:25:32.481][INFO]: Removing all recipes that output <item:apocalypsenow:stampler>
[18:25:32.482][INFO]: Removed 0 recipes registered in these 0 recipe managers: []
[18:25:32.482][INFO]: Removing all recipes that output <item:apocalypsenow:spruce_crate>
[18:25:32.483][INFO]: Removed 0 recipes registered in these 0 recipe managers: []
[18:25:32.483][INFO]: Removing all recipes that output <item:apocalypsenow:birch_crate>
[18:25:32.484][INFO]: Removed 1 recipes registered in these 1 recipe managers: [<recipetype:minecraft:crafting>: 1]
[18:25:32.484][INFO]: Removing all recipes that output <item:apocalypsenow:jungle_crate>
[18:25:32.485][INFO]: Removed 1 recipes registered in these 1 recipe managers: [<recipetype:minecraft:crafting>: 1]
[18:25:32.485][INFO]: Removing all recipes that output <item:apocalypsenow:acacia_crate>
[18:25:32.486][INFO]: Removed 1 recipes registered in these 1 recipe managers: [<recipetype:minecraft:crafting>: 1]
[18:25:32.486][INFO]: Removing all recipes that output <item:apocalypsenow:dark_crate>
[18:25:32.487][INFO]: Removed 1 recipes registered in these 1 recipe managers: [<recipetype:minecraft:crafting>: 1]
[18:25:32.487][INFO]: Removing all recipes that output <item:apocalypsenow:mangrove_crate>
[18:25:32.488][INFO]: Removed 1 recipes registered in these 1 recipe managers: [<recipetype:minecraft:crafting>: 1]
[18:25:32.488][INFO]: Removing all recipes that output <item:apocalypsenow:cherry_crate>
[18:25:32.489][INFO]: Removed 1 recipes registered in these 1 recipe managers: [<recipetype:minecraft:crafting>: 1]
[18:25:32.489][INFO]: Removing all recipes that output <item:apocalypsenow:modern_tomahawk>
[18:25:32.490][INFO]: Removed 0 recipes registered in these 0 recipe managers: []
[18:25:32.490][INFO]: Removing all recipes that output <item:apocalypsenow:makeshiftfishingrod>
[18:25:32.491][INFO]: Removed 1 recipes registered in these 1 recipe managers: [<recipetype:minecraft:crafting>: 1]
[18:25:32.491][INFO]: Removing all recipes that output <item:apocalypsenow:rain_collector_full>
[18:25:32.492][INFO]: Removed 0 recipes registered in these 0 recipe managers: []
[18:25:32.492][INFO]: Removing all recipes that output <item:apocalypsenow:thincan>
[18:25:32.493][INFO]: Removed 1 recipes registered in these 1 recipe managers: [<recipetype:minecraft:crafting>: 1]
[18:25:32.493][INFO]: Removing all recipes that output <item:apocalypsenow:blackhockeymask_helmet>
[18:25:32.494][INFO]: Removed 1 recipes registered in these 1 recipe managers: [<recipetype:minecraft:crafting>: 1]
[18:25:32.494][INFO]: Removing all recipes that output <item:apocalypsenow:ballistic_mask_helmet>
[18:25:32.495][INFO]: Removed 1 recipes registered in these 1 recipe managers: [<recipetype:minecraft:crafting>: 1]
[18:25:32.495][INFO]: Removing all recipes that output <item:apocalypsenow:energy_drink>
[18:25:32.496][INFO]: Removed 0 recipes registered in these 0 recipe managers: []
[18:25:32.496][INFO]: Removing all recipes that output <item:apocalypsenow:tank_helmet>
[18:25:32.497][INFO]: Removed 1 recipes registered in these 1 recipe managers: [<recipetype:minecraft:crafting>: 1]
[18:25:32.497][INFO]: Removing all recipes that output <item:apocalypsenow:desertcamo_6b_chestplate>
[18:25:32.498][INFO]: Removed 1 recipes registered in these 1 recipe managers: [<recipetype:minecraft:crafting>: 1]
[18:25:32.498][INFO]: Removing all recipes that output <item:apocalypsenow:advanced_hazmat_suit_helmet>
[18:25:32.499][INFO]: Removed 1 recipes registered in these 1 recipe managers: [<recipetype:minecraft:crafting>: 1]
[18:25:32.499][INFO]: Removing all recipes that output <item:apocalypsenow:advanced_hazmat_suit_chestplate>
[18:25:32.500][INFO]: Removed 1 recipes registered in these 1 recipe managers: [<recipetype:minecraft:crafting>: 1]
[18:25:32.500][INFO]: Removing all recipes that output <item:apocalypsenow:advanced_hazmat_suit_leggings>
[18:25:32.501][INFO]: Removed 1 recipes registered in these 1 recipe managers: [<recipetype:minecraft:crafting>: 1]
[18:25:32.501][INFO]: Removing all recipes that output <item:apocalypsenow:advanced_hazmat_suit_boots>
[18:25:32.502][INFO]: Removed 1 recipes registered in these 1 recipe managers: [<recipetype:minecraft:crafting>: 1]
[18:25:32.502][INFO]: Removing all recipes that output <item:apocalypsenow:rou_respirator_helmet>
[18:25:32.503][INFO]: Removed 1 recipes registered in these 1 recipe managers: [<recipetype:minecraft:crafting>: 1]
[18:25:32.503][INFO]: Removing all recipes that output <item:apocalypsenow:soviet_ushanka_helmet>
[18:25:32.504][INFO]: Removed 1 recipes registered in these 1 recipe managers: [<recipetype:minecraft:crafting>: 1]
[18:25:32.504][INFO]: Removing all recipes that output <item:apocalypsenow:mcu2p_gasmask_helmet>
[18:25:32.505][INFO]: Removed 1 recipes registered in these 1 recipe managers: [<recipetype:minecraft:crafting>: 1]
[18:25:32.505][INFO]: Removing all recipes that output <item:apocalypsenow:officer_chestplate>
[18:25:32.507][INFO]: Removed 2 recipes registered in these 1 recipe managers: [<recipetype:minecraft:crafting>: 2]
[18:25:32.507][INFO]: Removing all recipes that output <item:apocalypsenow:bass>
[18:25:32.508][INFO]: Removed 1 recipes registered in these 1 recipe managers: [<recipetype:minecraft:crafting>: 1]
[18:25:32.508][INFO]: Removing all recipes that output <item:apocalypsenow:guitar>
[18:25:32.509][INFO]: Removed 1 recipes registered in these 1 recipe managers: [<recipetype:minecraft:crafting>: 1]
[18:25:32.509][INFO]: Removing all recipes that output <item:apocalypsenow:jet_pilot_helmet>
[18:25:32.510][INFO]: Removed 1 recipes registered in these 1 recipe managers: [<recipetype:minecraft:crafting>: 1]
[18:25:32.510][INFO]: Removing all recipes that output <item:apocalypsenow:jet_pilot_chestplate>
[18:25:32.511][INFO]: Removed 1 recipes registered in these 1 recipe managers: [<recipetype:minecraft:crafting>: 1]
[18:25:32.511][INFO]: Removing all recipes that output <item:apocalypsenow:jet_pilot_leggings>
[18:25:32.512][INFO]: Removed 1 recipes registered in these 1 recipe managers: [<recipetype:minecraft:crafting>: 1]
[18:25:32.512][INFO]: Removing all recipes that output <item:apocalypsenow:jet_pilot_boots>
[18:25:32.513][INFO]: Removed 1 recipes registered in these 1 recipe managers: [<recipetype:minecraft:crafting>: 1]
[18:25:32.513][INFO]: Removing all recipes that output <item:apocalypsenow:fire_module_katana>
[18:25:32.514][INFO]: Removed 1 recipes registered in these 1 recipe managers: [<recipetype:minecraft:crafting>: 1]
[18:25:32.514][INFO]: Removing all recipes that output <item:apocalypsenow:sixsh_116_chestplate>
[18:25:32.515][INFO]: Removed 1 recipes registered in these 1 recipe managers: [<recipetype:minecraft:crafting>: 1]
[18:25:32.515][INFO]: Removing all recipes that output <item:apocalypsenow:bvd_assault_vest_chestplate>
[18:25:32.516][INFO]: Removed 1 recipes registered in these 1 recipe managers: [<recipetype:minecraft:crafting>: 1]
[18:25:32.516][INFO]: Removing all recipes that output <item:apocalypsenow:specialoperationsvest_chestplate>
[18:25:32.517][INFO]: Removed 1 recipes registered in these 1 recipe managers: [<recipetype:minecraft:crafting>: 1]
[18:25:32.517][INFO]: Removing all recipes that output <item:apocalypsenow:tactical_saber>
[18:25:32.518][INFO]: Removed 1 recipes registered in these 1 recipe managers: [<recipetype:minecraft:crafting>: 1]
[18:25:32.518][INFO]: Removing all recipes that output <item:apocalypsenow:gentex_hgu_56_p_helmet>
[18:25:32.519][INFO]: Removed 1 recipes registered in these 1 recipe managers: [<recipetype:minecraft:crafting>: 1]
[18:25:32.519][INFO]: Removing all recipes that output <item:apocalypsenow:club_with_saw>
[18:25:32.520][INFO]: Removed 1 recipes registered in these 1 recipe managers: [<recipetype:minecraft:crafting>: 1]
[18:25:32.520][INFO]: Removing all recipes that output <item:apocalypsenow:tomahawk>
[18:25:32.521][INFO]: Removed 2 recipes registered in these 1 recipe managers: [<recipetype:minecraft:crafting>: 2]
[18:25:32.521][INFO]: Removing all recipes that output <item:apocalypsenow:throwingaxe>
[18:25:32.522][INFO]: Removed 2 recipes registered in these 1 recipe managers: [<recipetype:minecraft:crafting>: 2]
[18:25:32.522][INFO]: Removing all recipes that output <item:apocalypsenow:deer_horn_knife>
[18:25:32.523][INFO]: Removed 1 recipes registered in these 1 recipe managers: [<recipetype:minecraft:crafting>: 1]
[18:25:32.523][INFO]: Removing all recipes that output <item:apocalypsenow:claws>
[18:25:32.524][INFO]: Removed 1 recipes registered in these 1 recipe managers: [<recipetype:minecraft:crafting>: 1]
[18:25:32.524][INFO]: Removing all recipes that output <item:apocalypsenow:hammer_axe>
[18:25:32.525][INFO]: Removed 0 recipes registered in these 0 recipe managers: []
[18:25:32.525][INFO]: Removing all recipes that output <item:apocalypsenow:nailed_table_leg>
[18:25:32.526][INFO]: Removed 1 recipes registered in these 1 recipe managers: [<recipetype:minecraft:crafting>: 1]
[18:25:32.526][INFO]: Removing all recipes that output <item:apocalypsenow:patriotmotorcyclehelmet_helmet>
[18:25:32.527][INFO]: Removed 1 recipes registered in these 1 recipe managers: [<recipetype:minecraft:crafting>: 1]
[18:25:32.527][INFO]: Removing all recipes that output <item:apocalypsenow:large_soda>
[18:25:32.528][INFO]: Removed 0 recipes registered in these 0 recipe managers: []
[18:25:32.528][INFO]: Removing all recipes that output <item:apocalypsenow:climbingropewithhook>
[18:25:32.529][INFO]: Removed 1 recipes registered in these 1 recipe managers: [<recipetype:minecraft:crafting>: 1]
[18:25:32.529][INFO]: Removing all recipes that output <item:apocalypsenow:climbing_rope>
[18:25:32.530][INFO]: Removed 1 recipes registered in these 1 recipe managers: [<recipetype:minecraft:crafting>: 1]
[18:25:32.530][INFO]: Removing all recipes that output <item:apocalypsenow:smartphone>
[18:25:32.531][INFO]: Removed 0 recipes registered in these 0 recipe managers: []
[18:25:32.531][INFO]: Removing all recipes that output <item:apocalypsenow:nailed_club>
[18:25:32.532][INFO]: Removed 1 recipes registered in these 1 recipe managers: [<recipetype:minecraft:crafting>: 1]
[18:25:32.532][INFO]: Removing all recipes that output <item:apocalypsenow:jagdkommando_knife>
[18:25:32.533][INFO]: Removed 1 recipes registered in these 1 recipe managers: [<recipetype:minecraft:crafting>: 1]
[18:25:32.533][INFO]: Removing all recipes that output <item:apocalypsenow:hanger>
[18:25:32.534][INFO]: Removed 1 recipes registered in these 1 recipe managers: [<recipetype:minecraft:crafting>: 1]
[18:25:32.534][INFO]: Removing all recipes that output <item:apocalypsenow:key_wrench>
[18:25:32.535][INFO]: Removed 1 recipes registered in these 1 recipe managers: [<recipetype:minecraft:crafting>: 1]
[18:25:32.535][INFO]: Removing all recipes that output <item:apocalypsenow:trashbag>
[18:25:32.536][INFO]: Removed 0 recipes registered in these 0 recipe managers: []
[18:25:32.536][INFO]: Removing all recipes that output <item:apocalypsenow:trashbagblueplastic>
[18:25:32.537][INFO]: Removed 0 recipes registered in these 0 recipe managers: []
[18:25:32.537][INFO]: Removing all recipes that output <item:apocalypsenow:trashblue>
[18:25:32.538][INFO]: Removed 1 recipes registered in these 1 recipe managers: [<recipetype:minecraft:crafting>: 1]
[18:25:32.538][INFO]: Removing all recipes that output <item:apocalypsenow:papertrash>
[18:25:32.539][INFO]: Removed 1 recipes registered in these 1 recipe managers: [<recipetype:minecraft:crafting>: 1]
[18:25:32.539][INFO]: Removing all recipes that output <item:apocalypsenow:trash_bin>
[18:25:32.540][INFO]: Removed 2 recipes registered in these 1 recipe managers: [<recipetype:minecraft:crafting>: 2]
[18:25:32.540][INFO]: Removing all recipes that output <item:apocalypsenow:trashcann>
[18:25:32.541][INFO]: Removed 0 recipes registered in these 0 recipe managers: []
[18:25:32.541][INFO]: Removing all recipes that output <item:apocalypsenow:trashcan_1>
[18:25:32.542][INFO]: Removed 2 recipes registered in these 1 recipe managers: [<recipetype:minecraft:crafting>: 2]
[18:25:32.542][INFO]: Removing all recipes that output <item:apocalypsenow:brush_axe>
[18:25:32.543][INFO]: Removed 1 recipes registered in these 1 recipe managers: [<recipetype:minecraft:crafting>: 1]
[18:25:32.543][INFO]: Removing all recipes that output <item:apocalypsenow:vintage_brush_axe>
[18:25:32.544][INFO]: Removed 1 recipes registered in these 1 recipe managers: [<recipetype:minecraft:crafting>: 1]
[18:25:32.544][INFO]: Removing all recipes that output <item:apocalypsenow:mace_can>
[18:25:32.545][INFO]: Removed 1 recipes registered in these 1 recipe managers: [<recipetype:minecraft:crafting>: 1]
[18:25:32.545][INFO]: Removing all recipes that output <item:apocalypsenow:iron_club>
[18:25:32.546][INFO]: Removed 1 recipes registered in these 1 recipe managers: [<recipetype:minecraft:crafting>: 1]
[18:25:32.546][INFO]: Removing all recipes that output <item:apocalypsenow:modern_glaive>
[18:25:32.547][INFO]: Removed 1 recipes registered in these 1 recipe managers: [<recipetype:minecraft:crafting>: 1]
[18:25:32.547][INFO]: Removing all recipes that output <item:apocalypsenow:timahawk>
[18:25:32.548][INFO]: Removed 1 recipes registered in these 1 recipe managers: [<recipetype:minecraft:crafting>: 1]
[18:25:32.548][INFO]: Removing all recipes that output <item:apocalypsenow:pointed_cleaver>
[18:25:32.549][INFO]: Removed 1 recipes registered in these 1 recipe managers: [<recipetype:minecraft:crafting>: 1]
[18:25:32.549][INFO]: Removing all recipes that output <item:apocalypsenow:cricket_bat>
[18:25:32.550][INFO]: Removed 1 recipes registered in these 1 recipe managers: [<recipetype:minecraft:crafting>: 1]
[18:25:32.550][INFO]: Removing all recipes that output <item:apocalypsenow:nailed_cricket_bat>
[18:25:32.552][INFO]: Removed 1 recipes registered in these 1 recipe managers: [<recipetype:minecraft:crafting>: 1]
[18:25:32.552][INFO]: Removing all recipes that output <item:apocalypsenow:fishermans_knife>
[18:25:32.553][INFO]: Removed 1 recipes registered in these 1 recipe managers: [<recipetype:minecraft:crafting>: 1]
[18:25:32.553][INFO]: Removing all recipes that output <item:apocalypsenow:piolet>
[18:25:32.554][INFO]: Removed 1 recipes registered in these 1 recipe managers: [<recipetype:minecraft:crafting>: 1]
[18:25:32.554][INFO]: Removing all recipes that output <item:apocalypsenow:bushcraft_axe>
[18:25:32.555][INFO]: Removed 1 recipes registered in these 1 recipe managers: [<recipetype:minecraft:crafting>: 1]
[18:25:32.555][INFO]: Removing all recipes that output <item:apocalypsenow:bushcraft_knife>
[18:25:32.556][INFO]: Removed 1 recipes registered in these 1 recipe managers: [<recipetype:minecraft:crafting>: 1]
[18:25:32.556][INFO]: Removing all recipes that output <item:apocalypsenow:bushcraft_machete>
[18:25:32.557][INFO]: Removed 1 recipes registered in these 1 recipe managers: [<recipetype:minecraft:crafting>: 1]
[18:25:32.557][INFO]: Removing all recipes that output <item:apocalypsenow:fork>
[18:25:32.558][INFO]: Removed 1 recipes registered in these 1 recipe managers: [<recipetype:minecraft:crafting>: 1]
[18:25:32.558][INFO]: Removing all recipes that output <item:apocalypsenow:knife_utensils>
[18:25:32.559][INFO]: Removed 1 recipes registered in these 1 recipe managers: [<recipetype:minecraft:crafting>: 1]
[18:25:32.559][INFO]: Removing all recipes that output <item:apocalypsenow:spoon>
[18:25:32.560][INFO]: Removed 1 recipes registered in these 1 recipe managers: [<recipetype:minecraft:crafting>: 1]
[18:25:32.560][INFO]: Removing all recipes that output <item:apocalypsenow:survival_shovel>
[18:25:32.561][INFO]: Removed 1 recipes registered in these 1 recipe managers: [<recipetype:minecraft:crafting>: 1]
[18:25:32.561][INFO]: Removing all recipes that output <item:apocalypsenow:meat_cleaver>
[18:25:32.562][INFO]: Removed 1 recipes registered in these 1 recipe managers: [<recipetype:minecraft:crafting>: 1]
[18:25:32.562][INFO]: Removing all recipes that output <item:apocalypsenow:tire_iron>
[18:25:32.563][INFO]: Removed 1 recipes registered in these 1 recipe managers: [<recipetype:minecraft:crafting>: 1]
[18:25:32.563][INFO]: Removing all recipes that output <item:apocalypsenow:four_way_iron_tire>
[18:25:32.564][INFO]: Removed 1 recipes registered in these 1 recipe managers: [<recipetype:minecraft:crafting>: 1]
[18:25:32.564][INFO]: Removing all recipes that output <item:apocalypsenow:bamboo_sickle>
[18:25:32.565][INFO]: Removed 1 recipes registered in these 1 recipe managers: [<recipetype:minecraft:crafting>: 1]
[18:25:32.565][INFO]: Removing all recipes that output <item:apocalypsenow:iron_pipe>
[18:25:32.566][INFO]: Removed 1 recipes registered in these 1 recipe managers: [<recipetype:minecraft:crafting>: 1]
[18:25:32.566][INFO]: Removing all recipes that output <item:apocalypsenow:harpoon>
[18:25:32.567][INFO]: Removed 1 recipes registered in these 1 recipe managers: [<recipetype:minecraft:crafting>: 1]
[18:25:32.567][INFO]: Removing all recipes that output <item:apocalypsenow:light_weitgh_machete>
[18:25:32.568][INFO]: Removed 1 recipes registered in these 1 recipe managers: [<recipetype:minecraft:crafting>: 1]
[18:25:32.568][INFO]: Removing all recipes that output <item:apocalypsenow:mo4_gas_mask_helmet>
[18:25:32.569][INFO]: Removed 1 recipes registered in these 1 recipe managers: [<recipetype:minecraft:crafting>: 1]
[18:25:32.569][INFO]: Removing all recipes that output <item:apocalypsenow:mo4_forest_camo_helmet>
[18:25:32.570][INFO]: Removed 1 recipes registered in these 1 recipe managers: [<recipetype:minecraft:crafting>: 1]
[18:25:32.570][INFO]: Removing all recipes that output <item:apocalypsenow:mo4_mud_camo_helmet>
[18:25:32.571][INFO]: Removed 1 recipes registered in these 1 recipe managers: [<recipetype:minecraft:crafting>: 1]
[18:25:32.571][INFO]: Removing all recipes that output <item:apocalypsenow:sweetcane>
[18:25:32.572][INFO]: Removed 1 recipes registered in these 1 recipe managers: [<recipetype:minecraft:crafting>: 1]
[18:25:32.572][INFO]: Removing all recipes that output <item:apocalypsenow:bullet_belt_chestplate>
[18:25:32.573][INFO]: Removed 0 recipes registered in these 0 recipe managers: []
[18:25:32.575][INFO]: Removing 'crafting' recipes with output: 'com.blamejared.crafttweaker.api.item.MCItemStack@c6592936'
[18:25:32.576][INFO]: Removing 'crafting' recipes with output: 'com.blamejared.crafttweaker.api.item.MCItemStack@fec5c78e'
[18:25:32.577][INFO]: Removing 'crafting' recipes with output: 'com.blamejared.crafttweaker.api.item.MCItemStack@d11ccc5b'
[18:25:32.577][INFO]: Removing 'crafting' recipes with output: 'com.blamejared.crafttweaker.api.item.MCItemStack@1e4d0919'
[18:25:32.578][INFO]: Removing 'crafting' recipes with output: 'com.blamejared.crafttweaker.api.item.MCItemStack@5155ec5b'
[18:25:32.579][INFO]: Removing 'crafting' recipes with output: 'com.blamejared.crafttweaker.api.item.MCItemStack@e47ed161'
[18:25:32.579][INFO]: Removing 'crafting' recipes with output: 'com.blamejared.crafttweaker.api.item.MCItemStack@f5a67e89'
[18:25:32.580][INFO]: Removing 'crafting' recipes with output: 'com.blamejared.crafttweaker.api.item.MCItemStack@86c3eb6b'
[18:25:32.581][INFO]: Removing 'crafting' recipes with output: 'com.blamejared.crafttweaker.api.item.MCItemStack@e968a9ed'
[18:25:32.581][INFO]: Removing 'crafting' recipes with output: 'com.blamejared.crafttweaker.api.item.MCItemStack@ef70584c'
[18:25:32.582][INFO]: Removing 'crafting' recipes with output: 'com.blamejared.crafttweaker.api.item.MCItemStack@e552a509'
[18:25:32.583][INFO]: Removing 'crafting' recipes with output: 'com.blamejared.crafttweaker.api.item.MCItemStack@a8ce4b69'
[18:25:32.584][INFO]: Removing: [car:bio_diesel] from tag: <tag:fluids:minecraft:water>
[18:25:32.584][INFO]: Removing: [car:bio_diesel_flowing] from tag: <tag:fluids:minecraft:water>
[18:25:32.584][INFO]: Removing: [car:canola_oil] from tag: <tag:fluids:minecraft:water>
[18:25:32.584][INFO]: Removing: [car:canola_oil_flowing] from tag: <tag:fluids:minecraft:water>
[18:25:32.585][INFO]: Removing: [car:glycerin] from tag: <tag:fluids:minecraft:water>
[18:25:32.585][INFO]: Removing: [car:glycerin_flowing] from tag: <tag:fluids:minecraft:water>
[18:25:32.585][INFO]: Removing: [car:methanol] from tag: <tag:fluids:minecraft:water>
[18:25:32.585][INFO]: Removing: [car:methanol_flowing] from tag: <tag:fluids:minecraft:water>
[18:25:32.585][INFO]: Removing: [car:canola_methanol_mix] from tag: <tag:fluids:minecraft:water>
[18:25:32.585][INFO]: Removing: [car:canola_methanol_mix_flowing] from tag: <tag:fluids:minecraft:water>
[18:25:32.585][INFO]: Removing 'minecraft:crafting' recipe(s) with name(s): '[car:iron_stick]'
[18:25:32.585][INFO]: Removing 'minecraft:crafting' recipe(s) with name(s): '[car:oilmill]'
[18:25:32.585][INFO]: Removing 'minecraft:crafting' recipe(s) with name(s): '[car:blastfurnace]'
[18:25:32.585][INFO]: Removing 'minecraft:crafting' recipe(s) with name(s): '[car:backmix_reactor]'
[18:25:32.585][INFO]: Removing 'minecraft:crafting' recipe(s) with name(s): '[car:generator]'
[18:25:32.585][INFO]: Removing 'minecraft:crafting' recipe(s) with name(s): '[car:split_tank]'
[18:25:32.585][INFO]: Removing 'minecraft:crafting' recipe(s) with name(s): '[car:tank]'
[18:25:32.585][INFO]: Removing 'minecraft:crafting' recipe(s) with name(s): '[car:cable]'
[18:25:32.585][INFO]: Removing 'minecraft:crafting' recipe(s) with name(s): '[car:fluid_extractor]'
[18:25:32.585][INFO]: Removing 'minecraft:crafting' recipe(s) with name(s): '[car:fluid_pipe]'
[18:25:32.585][INFO]: Removing 'minecraft:crafting' recipe(s) with name(s): '[car:dynamo]'
[18:25:32.585][INFO]: Removing 'minecraft:crafting' recipe(s) with name(s): '[car:crank]'
[18:25:32.586][INFO]: Removing 'minecraft:crafting' recipe(s) with name(s): '[car:cable_insulator]'
[18:25:32.586][INFO]: Removing 'minecraft:crafting' recipe(s) with name(s): '[car:car_pressure_plate]'
[18:25:32.586][INFO]: Removing 'minecraft:crafting' recipe(s) with name(s): '[car:asphalt_slab]'
[18:25:32.586][INFO]: Removing 'minecraft:crafting' recipe(s) with name(s): '[car:asphalt_slope]'
[18:25:32.586][INFO]: Removing 'minecraft:crafting' recipe(s) with name(s): '[car:asphalt_slope_flat_upper]'
[18:25:32.586][INFO]: Removing 'minecraft:crafting' recipe(s) with name(s): '[car:asphalt_slope_flat_lower]'
[18:25:32.587][INFO]: Removing "cgm:workbench" recipes with modid: "cgm"
[18:25:32.587][INFO]: Removing "minecraft:crafting" recipes with modid: "cgm"
[18:25:32.589][INFO]: Removing 'minecraft:crafting' recipe(s) with name(s): '[create_sa:experience_pickaxe_recipe]'
[18:25:32.589][INFO]: Removing 'minecraft:crafting' recipe(s) with name(s): '[create_sa:experience_shovel_recipe]'
[18:25:32.589][INFO]: Removing 'minecraft:crafting' recipe(s) with name(s): '[create_sa:experience_axe_recipe]'
[18:25:32.589][INFO]: Removing 'minecraft:crafting' recipe(s) with name(s): '[create_sa:experience_sword_recipe]'
[18:25:32.589][INFO]: Removing 'crafting' recipes with output: 'com.blamejared.crafttweaker.api.item.MCItemStack@3ad70f09'
[18:25:32.590][INFO]: Removing 'crafting' recipes with output: 'com.blamejared.crafttweaker.api.item.MCItemStack@f80c579a'
[18:25:32.591][INFO]: Removing 'crafting' recipes with output: 'com.blamejared.crafttweaker.api.item.MCItemStack@5be8fd58'
[18:25:32.592][INFO]: Removing 'crafting' recipes with output: 'com.blamejared.crafttweaker.api.item.MCItemStack@7b599d88'
[18:25:32.592][INFO]: Removing 'crafting' recipes with output: 'com.blamejared.crafttweaker.api.item.MCItemStack@ffeff094'
[18:25:32.593][INFO]: Removing 'crafting' recipes with output: 'com.blamejared.crafttweaker.api.item.MCItemStack@ec3c4b1'
[18:25:32.594][INFO]: Removing 'crafting' recipes with output: 'com.blamejared.crafttweaker.api.item.MCItemStack@2e6270ec'
[18:25:32.594][INFO]: Removing 'crafting' recipes with output: 'com.blamejared.crafttweaker.api.item.MCItemStack@af6febfc'
[18:25:32.595][INFO]: Removing 'crafting' recipes with output: 'com.blamejared.crafttweaker.api.item.MCItemStack@962136a3'
[18:25:32.596][INFO]: Removing 'crafting' recipes with output: 'com.blamejared.crafttweaker.api.item.MCItemStack@2fdf172'
[18:25:32.596][INFO]: Removing 'crafting' recipes with output: 'com.blamejared.crafttweaker.api.item.MCItemStack@44f46ac2'
[18:25:32.597][INFO]: Removing 'crafting' recipes with output: 'com.blamejared.crafttweaker.api.item.MCItemStack@f5f6b1ec'
[18:25:32.597][INFO]: Removing 'crafting' recipes with output: 'com.blamejared.crafttweaker.api.item.MCItemStack@bb6623f8'
[18:25:32.598][INFO]: Removing 'crafting' recipes with output: 'com.blamejared.crafttweaker.api.item.MCItemStack@c16b4328'
[18:25:32.599][INFO]: Removing 'crafting' recipes with output: 'com.blamejared.crafttweaker.api.item.MCItemStack@c8956976'
[18:25:32.599][INFO]: Removing 'crafting' recipes with output: 'com.blamejared.crafttweaker.api.item.MCItemStack@d30c564c'
[18:25:32.600][INFO]: Removing 'crafting' recipes with output: 'com.blamejared.crafttweaker.api.item.MCItemStack@6c3b1a97'
[18:25:32.600][INFO]: Removing 'crafting' recipes with output: 'com.blamejared.crafttweaker.api.item.MCItemStack@8d9d901c'
[18:25:32.601][INFO]: Removing 'crafting' recipes with output: 'com.blamejared.crafttweaker.api.item.MCItemStack@9f158fdd'
[18:25:32.602][INFO]: Removing 'crafting' recipes with output: 'com.blamejared.crafttweaker.api.item.MCItemStack@bfa7979c'
[18:25:32.602][INFO]: Removing 'crafting' recipes with output: 'com.blamejared.crafttweaker.api.item.MCItemStack@649833d2'
[18:25:32.603][INFO]: Removing 'crafting' recipes with output: 'com.blamejared.crafttweaker.api.item.MCItemStack@f534985c'
[18:25:32.603][INFO]: Removing 'crafting' recipes with output: 'com.blamejared.crafttweaker.api.item.MCItemStack@60eccd71'
[18:25:32.604][INFO]: Removing "minecraft:campfire_cooking" recipes with modid: "mutationcraft"
[18:25:32.604][INFO]: Removing "minecraft:smelting" recipes with modid: "mutationcraft"
[18:25:32.605][INFO]: Removing "minecraft:crafting" recipes with modid: "nameless_trinkets"
[18:25:32.606][INFO]: Removing 'crafting' recipes with output: 'com.blamejared.crafttweaker.api.item.MCItemStack@e00823ef'
[18:25:32.606][INFO]: Removing 'crafting' recipes with output: 'com.blamejared.crafttweaker.api.item.MCItemStack@d19f6ec5'
[18:25:32.607][INFO]: Removing 'crafting' recipes with output: 'com.blamejared.crafttweaker.api.item.MCItemStack@b24e11a4'
[18:25:32.607][INFO]: Removing 'crafting' recipes with output: 'com.blamejared.crafttweaker.api.item.MCItemStack@53c94e40'
[18:25:32.608][INFO]: Removing 'crafting' recipes with output: 'com.blamejared.crafttweaker.api.item.MCItemStack@61136e7'
[18:25:32.609][INFO]: Removing 'crafting' recipes with output: 'com.blamejared.crafttweaker.api.item.MCItemStack@41bf7424'
[18:25:32.609][INFO]: Removing 'crafting' recipes with output: 'com.blamejared.crafttweaker.api.item.MCItemStack@9fcb29a3'
[18:25:32.610][INFO]: Removing 'crafting' recipes with output: 'com.blamejared.crafttweaker.api.item.MCItemStack@f29332f2'
[18:25:32.610][INFO]: Removing 'crafting' recipes with output: 'com.blamejared.crafttweaker.api.item.MCItemStack@bae530cc'
[18:25:32.611][INFO]: Removing 'crafting' recipes with output: 'com.blamejared.crafttweaker.api.item.MCItemStack@2f1d05b8'
[18:25:32.612][INFO]: Removing 'crafting' recipes with output: 'com.blamejared.crafttweaker.api.item.MCItemStack@fe0f6f3e'
[18:25:32.612][INFO]: Removing 'crafting' recipes with output: 'com.blamejared.crafttweaker.api.item.MCItemStack@c889c022'
[18:25:32.613][INFO]: Removing 'crafting' recipes with output: 'com.blamejared.crafttweaker.api.item.MCItemStack@c068f3c1'
[18:25:32.613][INFO]: Removing 'crafting' recipes with output: 'com.blamejared.crafttweaker.api.item.MCItemStack@62f748aa'
[18:25:32.614][INFO]: Removing 'crafting' recipes with output: 'com.blamejared.crafttweaker.api.item.MCItemStack@3c877b33'
[18:25:32.615][INFO]: Removing 'crafting' recipes with output: 'com.blamejared.crafttweaker.api.item.MCItemStack@38430241'
[18:25:32.615][INFO]: Removing 'crafting' recipes with output: 'com.blamejared.crafttweaker.api.item.MCItemStack@c238a9aa'
[18:25:32.616][INFO]: Removing 'crafting' recipes with output: 'com.blamejared.crafttweaker.api.item.MCItemStack@586794f6'
[18:25:32.616][INFO]: Removing 'crafting' recipes with output: 'com.blamejared.crafttweaker.api.item.MCItemStack@dea7745e'
[18:25:32.617][INFO]: Removing 'crafting' recipes with output: 'com.blamejared.crafttweaker.api.item.MCItemStack@945a7fb6'
[18:25:32.617][INFO]: Removing 'crafting' recipes with output: 'com.blamejared.crafttweaker.api.item.MCItemStack@4a29b4a8'
[18:25:32.618][INFO]: Removing 'crafting' recipes with output: 'com.blamejared.crafttweaker.api.item.MCItemStack@3d210782'
[18:25:32.619][INFO]: Removing 'crafting' recipes with output: 'com.blamejared.crafttweaker.api.item.MCItemStack@4c68d9bc'
[18:25:32.619][INFO]: Removing 'crafting' recipes with output: 'com.blamejared.crafttweaker.api.item.MCItemStack@d1b10a0a'
[18:25:32.620][INFO]: Removing 'crafting' recipes with output: 'com.blamejared.crafttweaker.api.item.MCItemStack@fbec4347'
[18:25:32.620][INFO]: Removing 'crafting' recipes with output: 'com.blamejared.crafttweaker.api.item.MCItemStack@49f0cbd6'
[18:25:32.621][INFO]: Removing 'crafting' recipes with output: 'com.blamejared.crafttweaker.api.item.MCItemStack@18ef412'
[18:25:32.622][INFO]: Removing 'crafting' recipes with output: 'com.blamejared.crafttweaker.api.item.MCItemStack@f60cd07d'
[18:25:32.622][INFO]: Removing 'crafting' recipes with output: 'com.blamejared.crafttweaker.api.item.MCItemStack@66c0c63a'
[18:25:32.623][INFO]: Removing 'crafting' recipes with output: 'com.blamejared.crafttweaker.api.item.MCItemStack@d7d683e'
[18:25:32.623][INFO]: Removing 'crafting' recipes with output: 'com.blamejared.crafttweaker.api.item.MCItemStack@9e94b7ab'
[18:25:32.624][INFO]: Removing 'crafting' recipes with output: 'com.blamejared.crafttweaker.api.item.MCItemStack@daf0bcc5'
[18:25:32.625][INFO]: Removing all recipes that output <item:cold_sweat:soulspring_lamp>
[18:25:32.626][INFO]: Removed 1 recipes registered in these 1 recipe managers: [<recipetype:minecraft:crafting>: 1]
[18:25:32.630][INFO]: Removing all recipe(s) with name(s): '[createbigcannons:cutting/spring_wire_iron]'
[18:25:32.633][INFO]: Removed 1 recipes registered in these 1 recipe managers: [<recipetype:create:cutting>: 1]
[18:25:32.634][INFO]: Removing all recipes from modId "zombie_extreme"
[18:25:32.637][INFO]: Removed 71 recipes registered in these 2 recipe managers: [<recipetype:minecraft:crafting>: 64, <recipetype:minecraft:smelting>: 7]
[18:25:32.637][INFO]: Removing all recipes from modId "undead_revamp2"
[18:25:32.641][INFO]: Removed 30 recipes registered in these 3 recipe managers: [<recipetype:minecraft:blasting>: 1, <recipetype:minecraft:crafting>: 28, <recipetype:minecraft:smelting>: 1]
[18:25:32.641][INFO]: Removing all recipe(s) with name(s): '[clickmachine:auto_clicker]'
[18:25:32.644][INFO]: Removed 1 recipes registered in these 1 recipe managers: [<recipetype:minecraft:crafting>: 1]
[18:25:32.645][INFO]: Removing 'minecraft:crafting' recipe(s) with name(s): '[create_sa:copper_propeler_recipe]'
[18:25:32.645][INFO]: Removing: [create:honey] from tag: <tag:fluids:minecraft:water>
[18:25:32.645][INFO]: Removing: [create:chocolate] from tag: <tag:fluids:minecraft:water>
[18:25:32.645][INFO]: Removing: [createaddition:seed_oil] from tag: <tag:fluids:minecraft:water>
[18:25:32.645][INFO]: Removing all recipes from modId "mapperbase"
[18:25:32.649][INFO]: Removed 30 recipes registered in these 2 recipe managers: [<recipetype:minecraft:blasting>: 3, <recipetype:minecraft:crafting>: 27]
[18:25:32.650][INFO]: Removing 'blasting' recipes with output: 'com.blamejared.crafttweaker.api.item.MCItemStack@a30a496f'
[18:25:32.650][INFO]: Removing 'smelting' recipes with output: 'com.blamejared.crafttweaker.api.item.MCItemStack@a30a496f'
[18:25:32.650][INFO]: Removing 'minecraft:crafting' recipe(s) with name(s): '[minecraft:paper]'
[18:25:32.650][INFO]: Removing 'create:pressing' recipe(s) with name(s): '[create:pressing/sugar_cane]'
[18:25:32.650][INFO]: Removing 'minecraft:crafting' recipe(s) with name(s): '[minecraft:ender_eye]'
[18:25:32.651][INFO]: Removing 'crafting' recipes with output: 'com.blamejared.crafttweaker.api.item.MCItemStack@ca28edf4'
[18:25:32.654][INFO]: Removing 'crafting' recipes with output: 'com.blamejared.crafttweaker.api.item.MCItemStack@891639f9'
[18:25:32.657][INFO]: Removing 'crafting' recipes with output: 'com.blamejared.crafttweaker.api.item.MCItemStack@7140e9c7'
[18:25:32.659][INFO]: Removing 'crafting' recipes with output: 'com.blamejared.crafttweaker.api.item.MCItemStack@fff6294e'
[18:25:32.663][INFO]: Removing 'crafting' recipes with output: 'com.blamejared.crafttweaker.api.item.MCItemStack@48b833fd'
[18:25:32.665][INFO]: Removing 'crafting' recipes with output: 'com.blamejared.crafttweaker.api.item.MCItemStack@2a108965'
[18:25:32.667][INFO]: Removing 'crafting' recipes with output: 'com.blamejared.crafttweaker.api.item.MCItemStack@8c251034'
[18:25:32.669][INFO]: Removing 'crafting' recipes with output: 'com.blamejared.crafttweaker.api.item.MCItemStack@212e1a9b'
[18:25:32.671][INFO]: Removing 'crafting' recipes with output: 'com.blamejared.crafttweaker.api.item.MCItemStack@e2b3dd97'
[18:25:32.673][INFO]: Removing 'crafting' recipes with output: 'com.blamejared.crafttweaker.api.item.MCItemStack@fe801c6d'
[18:25:32.675][INFO]: Removing 'crafting' recipes with output: 'com.blamejared.crafttweaker.api.item.MCItemStack@469c09cf'
[18:25:32.677][INFO]: Removing 'crafting' recipes with output: 'com.blamejared.crafttweaker.api.item.MCItemStack@f13c5761'
[18:25:32.679][INFO]: Removing 'crafting' recipes with output: 'com.blamejared.crafttweaker.api.item.MCItemStack@2c6ef5a4'
[18:25:32.682][INFO]: Removing "minecraft:crafting" recipe with names that match the regex: "securitycraft:crystal_quartz_.*"
[18:25:32.685][INFO]: Removing "minecraft:crafting" recipe with names that match the regex: "securitycraft:.*_crystal_quartz"
[18:25:32.688][INFO]: Removing 'crafting' recipes with output: 'com.blamejared.crafttweaker.api.item.MCItemStack@be51e57a'
[18:25:32.690][INFO]: Removing 'crafting' recipes with output: 'com.blamejared.crafttweaker.api.item.MCItemStack@841373e6'
[18:25:32.692][INFO]: Removing 'crafting' recipes with output: 'com.blamejared.crafttweaker.api.item.MCItemStack@7def10dd'
[18:25:32.694][INFO]: Removing 'crafting' recipes with output: 'com.blamejared.crafttweaker.api.item.MCItemStack@9582a3bd'
[18:25:32.696][INFO]: Removing 'crafting' recipes with output: 'com.blamejared.crafttweaker.api.item.MCItemStack@33d58efd'
[18:25:32.698][INFO]: Removing 'crafting' recipes with output: 'com.blamejared.crafttweaker.api.item.MCItemStack@64da69a2'
[18:25:32.700][INFO]: Removing 'crafting' recipes with output: 'com.blamejared.crafttweaker.api.item.MCItemStack@601a0587'
[18:25:32.702][INFO]: Removing 'crafting' recipes with output: 'com.blamejared.crafttweaker.api.item.MCItemStack@11864e25'
[18:25:32.704][INFO]: Removing 'crafting' recipes with output: 'com.blamejared.crafttweaker.api.item.MCItemStack@cba6b490'
[18:25:32.706][INFO]: Removing 'crafting' recipes with output: 'com.blamejared.crafttweaker.api.item.MCItemStack@c57a2be3'
[18:25:32.708][INFO]: Removing 'crafting' recipes with output: 'com.blamejared.crafttweaker.api.item.MCItemStack@b28fa263'
[18:25:32.709][INFO]: Removing 'crafting' recipes with output: 'com.blamejared.crafttweaker.api.item.MCItemStack@fb73d7a8'
[18:25:32.712][INFO]: Removing all recipes that output <item:tac:uncommon_material>
[18:25:32.716][INFO]: Removed 0 recipes registered in these 0 recipe managers: []
[18:25:32.716][INFO]: Removing all recipes that output <item:tac:rare_material>
[18:25:32.720][INFO]: Removed 0 recipes registered in these 0 recipe managers: []
[18:25:32.720][INFO]: Removing all recipes that output <item:tac:epic_material>
[18:25:32.724][INFO]: Removed 0 recipes registered in these 0 recipe managers: []
[18:25:32.724][INFO]: Removing all recipes that output <item:tac:legendary_material>
[18:25:32.727][INFO]: Removed 0 recipes registered in these 0 recipe managers: []
[18:25:32.727][INFO]: Removing all recipes that output <item:tac:ultimate_material>
[18:25:32.731][INFO]: Removed 0 recipes registered in these 0 recipe managers: []
[18:25:32.731][INFO]: Removing all recipes that output <item:tac:light_armor>
[18:25:32.733][INFO]: Removed 1 recipes registered in these 1 recipe managers: [<recipetype:minecraft:crafting>: 1]
[18:25:32.734][INFO]: Removing all recipes that output <item:tac:medium_steel_armor>
[18:25:32.735][INFO]: Removed 1 recipes registered in these 1 recipe managers: [<recipetype:minecraft:crafting>: 1]
[18:25:32.735][INFO]: Removing all recipes that output <item:tac:light_armor_plate>
[18:25:32.737][INFO]: Removed 1 recipes registered in these 1 recipe managers: [<recipetype:minecraft:crafting>: 1]
[18:25:32.737][INFO]: Removing all recipes that output <item:tac:module_item>
[18:25:32.738][INFO]: Removed 1 recipes registered in these 1 recipe managers: [<recipetype:minecraft:crafting>: 1]
[18:25:32.738][INFO]: Removing all recipe(s) with name(s): '[tac:gun_powder]'
[18:25:32.739][INFO]: Removed 1 recipes registered in these 1 recipe managers: [<recipetype:minecraft:crafting>: 1]
[18:25:32.740][INFO]: Execution for loader 'crafttweaker' completed successfully
[18:25:32.746][INFO]: This reload was made possible by NerdyWhiteGuy and more! Become a patron at https://patreon.com/jaredlll08?s=crtmod
