[09Jul2025 10:57:58.904] [main/INFO] [cpw.mods.modlauncher.Launcher/MODLAUNCHER]: ModLauncher running: args [--launchTarget, forgeserver, --fml.forgeVersion, 40.2.21, --fml.mcVersion, 1.18.2, --fml.forgeGroup, net.minecraftforge, --fml.mcpVersion, 20220404.173914, nogui]
[09Jul2025 10:57:58.908] [main/INFO] [cpw.mods.modlauncher.Launcher/MODLAUNCHER]: ModLauncher 9.1.3+9.1.3+main.9b69c82a starting: java version 17.0.14 by Ubuntu
[09Jul2025 10:58:00.566] [main/INFO] [mixin/]: SpongePowered MIXIN Subsystem Version=0.8.5 Source=union:/workspaces/turbo-octo-rotary-phone/servidor_minecraft/libraries/org/spongepowered/mixin/0.8.5/mixin-0.8.5.jar%2314!/ Service=ModLauncher Env=SERVER
[09Jul2025 10:58:01.441] [main/WARN] [net.minecraftforge.fml.loading.moddiscovery.ModFileParser/LOADING]: Mod file /workspaces/turbo-octo-rotary-phone/servidor_minecraft/libraries/net/minecraftforge/fmlcore/1.18.2-40.2.21/fmlcore-1.18.2-40.2.21.jar is missing mods.toml file
[09Jul2025 10:58:01.442] [main/WARN] [net.minecraftforge.fml.loading.moddiscovery.ModFileParser/LOADING]: Mod file /workspaces/turbo-octo-rotary-phone/servidor_minecraft/libraries/net/minecraftforge/javafmllanguage/1.18.2-40.2.21/javafmllanguage-1.18.2-40.2.21.jar is missing mods.toml file
[09Jul2025 10:58:01.444] [main/WARN] [net.minecraftforge.fml.loading.moddiscovery.ModFileParser/LOADING]: Mod file /workspaces/turbo-octo-rotary-phone/servidor_minecraft/libraries/net/minecraftforge/lowcodelanguage/1.18.2-40.2.21/lowcodelanguage-1.18.2-40.2.21.jar is missing mods.toml file
[09Jul2025 10:58:01.446] [main/WARN] [net.minecraftforge.fml.loading.moddiscovery.ModFileParser/LOADING]: Mod file /workspaces/turbo-octo-rotary-phone/servidor_minecraft/libraries/net/minecraftforge/mclanguage/1.18.2-40.2.21/mclanguage-1.18.2-40.2.21.jar is missing mods.toml file
[09Jul2025 10:58:01.724] [main/WARN] [net.minecraftforge.jarjar.selection.JarSelector/]: Attempted to select two dependency jars from JarJar which have the same identification: Mod File:  and Mod File: . Using Mod File: 
[09Jul2025 10:58:01.726] [main/INFO] [net.minecraftforge.fml.loading.moddiscovery.JarInJarDependencyLocator/]: Found 10 dependencies adding them to mods collection
[09Jul2025 10:58:07.132] [main/INFO] [mixin/]: Compatibility level set to JAVA_17
[09Jul2025 10:58:07.398] [main/ERROR] [mixin/]: Mixin config customvillagertrades.mixins.json does not specify "minVersion" property
[09Jul2025 10:58:07.533] [main/ERROR] [mixin/]: Mixin config drg_flares.mixins.json does not specify "minVersion" property
[09Jul2025 10:58:07.684] [main/INFO] [mixin/]: Successfully loaded Mixin Connector [ca.spottedleaf.starlight.mixin.MixinConnector]
[09Jul2025 10:58:07.686] [main/INFO] [mixin/]: Successfully loaded Mixin Connector [de.maxhenkel.camera.MixinConnector]
[09Jul2025 10:58:07.692] [main/INFO] [mixin/]: Successfully loaded Mixin Connector [de.maxhenkel.car.MixinConnector]
[09Jul2025 10:58:07.704] [main/INFO] [cpw.mods.modlauncher.LaunchServiceHandler/MODLAUNCHER]: Launching target 'forgeserver' with arguments [nogui]
[09Jul2025 10:58:07.744] [main/WARN] [mixin/]: Reference map 'nerb-forge-refmap.json' for nerb.mixins.json could not be read. If this is a development environment you can ignore this message
[09Jul2025 10:58:07.867] [main/INFO] [ModernFix/]: Loaded configuration file for ModernFix 5.13.0+mc1.18.2: 74 options available, 2 override(s) found
[09Jul2025 10:58:07.868] [main/WARN] [ModernFix/]: Option 'mixin.bugfix.item_cache_flag' overriden (by mods [canary]) to 'false'
[09Jul2025 10:58:07.868] [main/WARN] [ModernFix/]: Option 'mixin.perf.thread_priorities' overriden (by mods [smoothboot]) to 'false'
[09Jul2025 10:58:07.869] [main/INFO] [ModernFix/]: Applying Nashorn fix
[09Jul2025 10:58:07.888] [main/INFO] [ModernFix/]: Applied Forge config corruption patch
[09Jul2025 10:58:08.092] [main/WARN] [CanaryConfig/]: Mod 'pluto' attempted to override option 'mixin.world.player_chunk_tick', which doesn't exist, ignoring
[09Jul2025 10:58:08.098] [main/INFO] [Canary/]: Loaded configuration file for Canary: 118 options available, 1 override(s) found
[09Jul2025 10:58:08.122] [main/WARN] [mixin/]: Reference map 'insanelib.refmap.json' for insanelib.mixins.json could not be read. If this is a development environment you can ignore this message
[09Jul2025 10:58:08.127] [main/WARN] [mixin/]: Reference map 'ritchiesprojectilelib-forge-refmap.json' for ritchiesprojectilelib-forge.mixins.json could not be read. If this is a development environment you can ignore this message
[09Jul2025 10:58:08.174] [main/WARN] [mixin/]: Reference map 'cupboard.refmap.json' for cupboard.mixins.json could not be read. If this is a development environment you can ignore this message
[09Jul2025 10:58:08.211] [main/WARN] [mixin/]: Reference map 'creativecore.mixins.refmap.json' for creativecore.mixins.json could not be read. If this is a development environment you can ignore this message
[09Jul2025 10:58:08.230] [main/WARN] [mixin/]: Reference map 'coroutil.refmap.json' for coroutil.mixins.json could not be read. If this is a development environment you can ignore this message
[09Jul2025 10:58:10.011] [main/FATAL] [net.minecraftforge.fml.loading.RuntimeDistCleaner/DISTXFORM]: Attempted to load class net/minecraft/client/resources/model/ModelBakery for invalid dist DEDICATED_SERVER
[09Jul2025 10:58:10.013] [main/WARN] [mixin/]: Error loading class: net/minecraft/client/resources/model/ModelBakery (java.lang.RuntimeException: Attempted to load class net/minecraft/client/resources/model/ModelBakery for invalid dist DEDICATED_SERVER)
[09Jul2025 10:58:10.013] [main/WARN] [mixin/]: @Mixin target net.minecraft.client.resources.model.ModelBakery was not found lightspeed.mixins.json:model.ModelBakeryMixin
[09Jul2025 10:58:10.036] [main/WARN] [mixin/]: Error loading class: com/brewinandchewin/common/block/entity/KegBlockEntity (java.lang.ClassNotFoundException: com.brewinandchewin.common.block.entity.KegBlockEntity)
[09Jul2025 10:58:10.037] [main/WARN] [mixin/]: @Mixin target com.brewinandchewin.common.block.entity.KegBlockEntity was not found thirst.mixin.json:accessors.brewinandchewin.KegBlockEntityAccessor
[09Jul2025 10:58:10.045] [main/WARN] [mixin/]: Error loading class: com/farmersrespite/common/block/entity/KettleBlockEntity (java.lang.ClassNotFoundException: com.farmersrespite.common.block.entity.KettleBlockEntity)
[09Jul2025 10:58:10.045] [main/WARN] [mixin/]: @Mixin target com.farmersrespite.common.block.entity.KettleBlockEntity was not found thirst.mixin.json:accessors.farmersrespite.KettleBlockEntityAccessor
[09Jul2025 10:58:10.050] [main/WARN] [mixin/]: Error loading class: com/brewinandchewin/common/block/entity/KegBlockEntity (java.lang.ClassNotFoundException: com.brewinandchewin.common.block.entity.KegBlockEntity)
[09Jul2025 10:58:10.050] [main/WARN] [mixin/]: @Mixin target com.brewinandchewin.common.block.entity.KegBlockEntity was not found thirst.mixin.json:brewinandchewin.MixinKegBlockEntity
[09Jul2025 10:58:10.067] [main/WARN] [mixin/]: Error loading class: com/farmersrespite/common/block/KettleBlock (java.lang.ClassNotFoundException: com.farmersrespite.common.block.KettleBlock)
[09Jul2025 10:58:10.067] [main/WARN] [mixin/]: @Mixin target com.farmersrespite.common.block.KettleBlock was not found thirst.mixin.json:farmersrespite.MixinKettleBlock
[09Jul2025 10:58:10.070] [main/WARN] [mixin/]: Error loading class: com/farmersrespite/common/block/entity/KettleBlockEntity (java.lang.ClassNotFoundException: com.farmersrespite.common.block.entity.KettleBlockEntity)
[09Jul2025 10:58:10.070] [main/WARN] [mixin/]: @Mixin target com.farmersrespite.common.block.entity.KettleBlockEntity was not found thirst.mixin.json:farmersrespite.MixinKettleBlockEntity
[09Jul2025 10:58:10.076] [main/WARN] [mixin/]: Error loading class: snownee/jade/addon/forge/ForgeCapabilityProvider (java.lang.ClassNotFoundException: snownee.jade.addon.forge.ForgeCapabilityProvider)
[09Jul2025 10:58:10.076] [main/WARN] [mixin/]: @Mixin target snownee.jade.addon.forge.ForgeCapabilityProvider was not found thirst.mixin.json:jade.MixinForgeCapabilityProvider
[09Jul2025 10:58:10.082] [main/WARN] [mixin/]: Error loading class: toughasnails/item/EmptyCanteenItem (java.lang.ClassNotFoundException: toughasnails.item.EmptyCanteenItem)
[09Jul2025 10:58:10.082] [main/WARN] [mixin/]: @Mixin target toughasnails.item.EmptyCanteenItem was not found thirst.mixin.json:toughasnails.MixinEmptyCanteenItem
[09Jul2025 10:58:10.085] [main/WARN] [mixin/]: Error loading class: toughasnails/config/ServerConfig (java.lang.ClassNotFoundException: toughasnails.config.ServerConfig)
[09Jul2025 10:58:10.085] [main/WARN] [mixin/]: @Mixin target toughasnails.config.ServerConfig was not found thirst.mixin.json:toughasnails.MixinServerConfig
[09Jul2025 10:58:10.088] [main/WARN] [mixin/]: Error loading class: toughasnails/thirst/ThirstHandler (java.lang.ClassNotFoundException: toughasnails.thirst.ThirstHandler)
[09Jul2025 10:58:10.088] [main/WARN] [mixin/]: @Mixin target toughasnails.thirst.ThirstHandler was not found thirst.mixin.json:toughasnails.MixinThirstHandler
[09Jul2025 10:58:10.091] [main/WARN] [mixin/]: Error loading class: toughasnails/thirst/ThirstHelperImpl (java.lang.ClassNotFoundException: toughasnails.thirst.ThirstHelperImpl)
[09Jul2025 10:58:10.091] [main/WARN] [mixin/]: @Mixin target toughasnails.thirst.ThirstHelperImpl was not found thirst.mixin.json:toughasnails.MixinThirstHelperImpl
[09Jul2025 10:58:10.644] [main/WARN] [mixin/]: Error loading class: net/diebuddies/physics/ModExecutor (java.lang.ClassNotFoundException: net.diebuddies.physics.ModExecutor)
[09Jul2025 10:58:10.645] [main/WARN] [mixin/]: @Mixin target net.diebuddies.physics.ModExecutor was not found dcfixes.mixins.json:physicsmod.ModExecutorMixin
[09Jul2025 10:58:10.669] [main/WARN] [mixin/]: Error loading class: mezz/jei/transfer/RecipeTransferUtil (java.lang.ClassNotFoundException: mezz.jei.transfer.RecipeTransferUtil)
[09Jul2025 10:58:10.669] [main/WARN] [mixin/]: @Mixin target mezz.jei.transfer.RecipeTransferUtil was not found polymorph_integrations.mixins.json:jei.MixinRecipeTransferUtil
[09Jul2025 10:58:10.756] [main/WARN] [Canary/]: Force-disabling mixin 'world.chunk_access.ChunkHolderMixin' as rule 'mixin.world.chunk_access' (added by user configuration) disables it and children
[09Jul2025 10:58:10.757] [main/WARN] [Canary/]: Force-disabling mixin 'world.chunk_access.LevelMixin' as rule 'mixin.world.chunk_access' (added by user configuration) disables it and children
[09Jul2025 10:58:10.758] [main/WARN] [Canary/]: Force-disabling mixin 'world.chunk_access.ServerChunkCacheMixin' as rule 'mixin.world.chunk_access' (added by user configuration) disables it and children
[09Jul2025 10:58:11.189] [main/WARN] [mixin/]: Error loading class: net/minecraft/client/gui/screens/inventory/AnvilScreen (java.lang.ClassNotFoundException: net.minecraft.client.gui.screens.inventory.AnvilScreen)
[09Jul2025 10:58:11.190] [main/WARN] [mixin/]: @Mixin target net.minecraft.client.gui.screens.inventory.AnvilScreen was not found ante.mixins.json:AnvilScreenMixin
[09Jul2025 10:58:11.476] [main/WARN] [mixin/]: Error loading class: com/brewinandchewin/common/block/entity/KegBlockEntity (java.lang.ClassNotFoundException: com.brewinandchewin.common.block.entity.KegBlockEntity)
[09Jul2025 10:58:11.476] [main/WARN] [mixin/]: @Mixin target com.brewinandchewin.common.block.entity.KegBlockEntity was not found create_central_kitchen.mixins.json:common.brewinandchewin.KegBlockEntityMixin
[09Jul2025 10:58:11.579] [main/WARN] [mixin/]: Error loading class: com/farmersrespite/common/block/CoffeeBushBlock (java.lang.ClassNotFoundException: com.farmersrespite.common.block.CoffeeBushBlock)
[09Jul2025 10:58:11.579] [main/WARN] [mixin/]: @Mixin target com.farmersrespite.common.block.CoffeeBushBlock was not found create_central_kitchen.mixins.json:common.farmersrespite.CoffeeBushBlockMixin
[09Jul2025 10:58:11.582] [main/WARN] [mixin/]: Error loading class: com/farmersrespite/common/block/CoffeeBushTopBlock (java.lang.ClassNotFoundException: com.farmersrespite.common.block.CoffeeBushTopBlock)
[09Jul2025 10:58:11.583] [main/WARN] [mixin/]: @Mixin target com.farmersrespite.common.block.CoffeeBushTopBlock was not found create_central_kitchen.mixins.json:common.farmersrespite.CoffeeBushTopBlockMixin
[09Jul2025 10:58:11.585] [main/WARN] [mixin/]: Error loading class: com/farmersrespite/common/block/CoffeeDoubleStemBlock (java.lang.ClassNotFoundException: com.farmersrespite.common.block.CoffeeDoubleStemBlock)
[09Jul2025 10:58:11.586] [main/WARN] [mixin/]: @Mixin target com.farmersrespite.common.block.CoffeeDoubleStemBlock was not found create_central_kitchen.mixins.json:common.farmersrespite.CoffeeDoubleStemBlockMixin
[09Jul2025 10:58:11.592] [main/WARN] [mixin/]: Error loading class: com/farmersrespite/common/block/CoffeeMiddleStemBlock (java.lang.ClassNotFoundException: com.farmersrespite.common.block.CoffeeMiddleStemBlock)
[09Jul2025 10:58:11.593] [main/WARN] [mixin/]: @Mixin target com.farmersrespite.common.block.CoffeeMiddleStemBlock was not found create_central_kitchen.mixins.json:common.farmersrespite.CoffeeMiddleStemBlockMixin
[09Jul2025 10:58:11.595] [main/WARN] [mixin/]: Error loading class: com/farmersrespite/common/block/CoffeeStemBlock (java.lang.ClassNotFoundException: com.farmersrespite.common.block.CoffeeStemBlock)
[09Jul2025 10:58:11.596] [main/WARN] [mixin/]: @Mixin target com.farmersrespite.common.block.CoffeeStemBlock was not found create_central_kitchen.mixins.json:common.farmersrespite.CoffeeStemBlockMixin
[09Jul2025 10:58:11.599] [main/WARN] [mixin/]: Error loading class: com/farmersrespite/common/block/entity/KettleBlockEntity (java.lang.ClassNotFoundException: com.farmersrespite.common.block.entity.KettleBlockEntity)
[09Jul2025 10:58:11.600] [main/WARN] [mixin/]: @Mixin target com.farmersrespite.common.block.entity.KettleBlockEntity was not found create_central_kitchen.mixins.json:common.farmersrespite.KettleBlockEntityMixin
[09Jul2025 10:58:11.605] [main/WARN] [mixin/]: Error loading class: com/farmersrespite/common/block/SmallTeaBushBlock (java.lang.ClassNotFoundException: com.farmersrespite.common.block.SmallTeaBushBlock)
[09Jul2025 10:58:11.605] [main/WARN] [mixin/]: @Mixin target com.farmersrespite.common.block.SmallTeaBushBlock was not found create_central_kitchen.mixins.json:common.farmersrespite.SmallTeaBushBlockMixin
[09Jul2025 10:58:11.612] [main/WARN] [mixin/]: Error loading class: com/farmersrespite/common/block/TeaBushBlock (java.lang.ClassNotFoundException: com.farmersrespite.common.block.TeaBushBlock)
[09Jul2025 10:58:11.612] [main/WARN] [mixin/]: @Mixin target com.farmersrespite.common.block.TeaBushBlock was not found create_central_kitchen.mixins.json:common.farmersrespite.TeaBushBlockMixin
[09Jul2025 10:58:11.615] [main/WARN] [mixin/]: Error loading class: com/sammy/minersdelight/content/block/copper_pot/CopperPotBlockEntity (java.lang.ClassNotFoundException: com.sammy.minersdelight.content.block.copper_pot.CopperPotBlockEntity)
[09Jul2025 10:58:11.615] [main/WARN] [mixin/]: @Mixin target com.sammy.minersdelight.content.block.copper_pot.CopperPotBlockEntity was not found create_central_kitchen.mixins.json:common.minersdelight.CopperPotBlockEntityMixin
[09Jul2025 10:58:11.618] [main/WARN] [mixin/]: Error loading class: com/teamabnormals/neapolitan/common/item/DrinkItem (java.lang.ClassNotFoundException: com.teamabnormals.neapolitan.common.item.DrinkItem)
[09Jul2025 10:58:11.618] [main/WARN] [mixin/]: @Mixin target com.teamabnormals.neapolitan.common.item.DrinkItem was not found create_central_kitchen.mixins.json:common.neapolitan.DrinkItemMixin
[09Jul2025 10:58:11.620] [main/WARN] [mixin/]: Error loading class: net/orcinus/overweightfarming/blocks/CropFullBlock (java.lang.ClassNotFoundException: net.orcinus.overweightfarming.blocks.CropFullBlock)
[09Jul2025 10:58:11.621] [main/WARN] [mixin/]: @Mixin target net.orcinus.overweightfarming.blocks.CropFullBlock was not found create_central_kitchen.mixins.json:common.overweightfarming.CropFullBlockMixin
[09Jul2025 10:58:11.883] [main/INFO] [MixinExtras|Service/]: Initializing MixinExtras via com.llamalad7.mixinextras.service.MixinExtrasServiceImpl(version=0.4.0-beta.2).
[09Jul2025 10:58:12.268] [main/INFO] [Smooth Boot (Reloaded)/]: Smooth Boot (Reloaded) config initialized
[09Jul2025 10:58:12.627] [main/INFO] [net.minecraft.server.Bootstrap/]: ModernFix reached bootstrap stage (16.09 s after launch)
[09Jul2025 10:58:12.939] [main/INFO] [ModernFix/]: Injecting BlockStateBase cache population hook into getOpacityIfCached from ca.spottedleaf.starlight.mixin.common.blockstate.BlockStateBaseMixin
[09Jul2025 10:58:12.939] [main/INFO] [ModernFix/]: Injecting BlockStateBase cache population hook into getNeighborPathNodeType from com.abdelaziz.canary.mixin.ai.pathing.BlockStateBaseMixin
[09Jul2025 10:58:12.939] [main/INFO] [ModernFix/]: Injecting BlockStateBase cache population hook into getPathNodeType from com.abdelaziz.canary.mixin.ai.pathing.BlockStateBaseMixin
[09Jul2025 10:58:12.940] [main/INFO] [ModernFix/]: Injecting BlockStateBase cache population hook into m_60823_ from com.abdelaziz.canary.mixin.block.flatten_states.BlockStateBaseMixin
[09Jul2025 10:58:12.940] [main/INFO] [ModernFix/]: Injecting BlockStateBase cache population hook into isConditionallyFullOpaque from ca.spottedleaf.starlight.mixin.common.blockstate.BlockStateBaseMixin
[09Jul2025 10:58:14.183] [main/WARN] [mixin/]: Static binding violation: PRIVATE @Overwrite method m_47505_ in modernfix-common.mixins.json:perf.remove_biome_temperature_cache.BiomeMixin cannot reduce visibiliy of PUBLIC target method, visibility will be upgraded.
[09Jul2025 10:58:15.562] [main/INFO] [net.minecraft.server.Bootstrap/]: Vanilla bootstrap took 2930 milliseconds
[09Jul2025 10:58:16.322] [main/WARN] [mixin/]: @Final field f_58646_:[[Lnet/minecraft/world/effect/MobEffect; in cold_sweat.mixin.json:MixinBeaconEffects should be final
[09Jul2025 10:58:16.323] [main/WARN] [mixin/]: @Final field f_58647_:Ljava/util/Set; in cold_sweat.mixin.json:MixinBeaconEffects should be final
[09Jul2025 10:58:16.660] [main/INFO] [net.minecraftforge.coremod.CoreMod.beefix/COREMODLOG]: BeehiveBlockEntity patch being skipped; not needed in this version
[09Jul2025 10:58:17.277] [main/WARN] [mixin/]: @Redirect conflict. Skipping securitycraft.mixins.json:camera.ServerPlayerMixin->@Redirect::securitycraft$tick(Lnet/minecraft/server/level/ServerPlayer;DDDFF)V with priority 1100, already redirected by railways-common.mixins.json:conductor_possession.ServerPlayerMixin->@Redirect::snr$securitycraft$tick(Lnet/minecraft/server/level/ServerPlayer;DDDFF)V with priority 1200
[09Jul2025 10:58:19.203] [modloading-worker-0/INFO] [com.blamejared.contenttweaker.core.ContentTweakerCore/]: Successfully injected Trundle file system
[09Jul2025 10:58:19.314] [modloading-worker-0/INFO] [MaxHealthFix/]: Loaded maxhealthfix for Forge.
[09Jul2025 10:58:19.377] [modloading-worker-0/INFO] [hordes/]: Trying to load common config
[09Jul2025 10:58:19.407] [modloading-worker-0/INFO] [hordes/]: Trying to load client config
[09Jul2025 10:58:19.414] [modloading-worker-0/INFO] [hordes/]: Config files are up to date, skipping data/asset generation
[09Jul2025 10:58:19.539] [modloading-worker-0/INFO] [net.permutated.novillagerdm.NoVillagerDeathMessages/]: Registering mod: novillagerdm
[09Jul2025 10:58:19.545] [modloading-worker-0/INFO] [dev.wuffs.bcc.BCC/]: Better Compatibility Checker loading
[09Jul2025 10:58:19.732] [modloading-worker-0/INFO] [com.tterrag.registrate.AbstractRegistrate/]: Detected new forge version, registering events reflectively.
[09Jul2025 10:58:19.843] [modloading-worker-0/INFO] [com.refinedmods.refinedstorage.apiimpl.API/]: Found 0 RS API injection points
[09Jul2025 10:58:19.934] [modloading-worker-0/INFO] [coroutil/]: forge loader environment detected
[09Jul2025 10:58:20.060] [modloading-worker-0/INFO] [com.tterrag.registrate.AbstractRegistrate/]: Detected new forge version, registering events reflectively.
[09Jul2025 10:58:20.507] [modloading-worker-0/INFO] [Kiwi/Init]: Processing 3 KiwiModule annotations
[09Jul2025 10:58:20.663] [modloading-worker-0/WARN] [mixin/]: @Redirect conflict. Skipping securitycraft.mixins.json:camera.ChunkMapMixin->@Redirect::securitycraft$getCameraSectionPos(Lnet/minecraft/server/level/ServerPlayer;)Lnet/minecraft/core/SectionPos; with priority 1100, already redirected by railways-common.mixins.json:conductor_possession.ChunkMapMixin->@Redirect::securitycraft$getCameraSectionPos(Lnet/minecraft/server/level/ServerPlayer;)Lnet/minecraft/core/SectionPos; with priority 1200
[09Jul2025 10:58:20.755] [modloading-worker-0/INFO] [net.minecraftforge.common.ForgeMod/FORGEMOD]: Forge mod loading, version 40.2.21, for MC 1.18.2 with MCP 20220404.173914
[09Jul2025 10:58:20.755] [modloading-worker-0/INFO] [net.minecraftforge.common.MinecraftForge/FORGE]: MinecraftForge v40.2.21 Initialized
[09Jul2025 10:58:20.880] [modloading-worker-0/WARN] [mixin/]: @Redirect conflict. Skipping modernfix-forge.mixins.json:perf.datapack_reload_exceptions.LootTableManagerMixin->@Redirect::logWithoutStacktrace(Lorg/slf4j/Logger;Ljava/lang/String;Ljava/lang/Object;Ljava/lang/Object;)V with priority 2000, already redirected by railways-common.mixins.json:MixinLootTables->@Redirect::snr$error2(Lorg/slf4j/Logger;Ljava/lang/String;Ljava/lang/Object;Ljava/lang/Object;)V with priority 10000
[09Jul2025 10:58:20.919] [modloading-worker-0/INFO] [com.blamejared.contenttweaker.core.ContentTweakerCore/]: CrT plugin initialized: bootstrapping CoT plugins
[09Jul2025 10:58:20.948] [modloading-worker-0/INFO] [com.blamejared.contenttweaker.core.ContentTweakerCore/]: Successfully identified and loaded plugin contenttweaker:vanilla
[09Jul2025 10:58:20.952] [modloading-worker-0/INFO] [com.blamejared.contenttweaker.core.ContentTweakerCore/]: Successfully identified and loaded plugin contenttweaker:forge
[09Jul2025 10:58:21.416] [modloading-worker-0/INFO] [dcfixes/]: Fixing DeceasedCraft
[09Jul2025 10:58:22.376] [modloading-worker-0/INFO] [thedarkcolour.kotlinforforge.test.KotlinForForge/]: Kotlin For Forge Enabled!
[09Jul2025 10:58:22.829] [modloading-worker-0/INFO] [oretweaker/]: Creating Ore Tweaker directory :: /workspaces/turbo-octo-rotary-phone/servidor_minecraft/config/oretweaker
[09Jul2025 10:58:22.830] [modloading-worker-0/INFO] [oretweaker/]: Creating Ore Tweaker directory :: /workspaces/turbo-octo-rotary-phone/servidor_minecraft/config/oretweaker/templates
[09Jul2025 10:58:22.830] [modloading-worker-0/INFO] [oretweaker/]: Creating Ore Tweaker directory :: /workspaces/turbo-octo-rotary-phone/servidor_minecraft/config/oretweaker/backup
[09Jul2025 10:58:22.831] [modloading-worker-0/INFO] [oretweaker/]: Creating Ore Tweaker directory :: /workspaces/turbo-octo-rotary-phone/servidor_minecraft/config/oretweaker/data
[09Jul2025 10:58:22.836] [modloading-worker-0/INFO] [oretweaker/]: Creating Ore Tweaker directory :: /workspaces/turbo-octo-rotary-phone/servidor_minecraft/config/oretweaker/templates/defaults
[09Jul2025 10:58:22.838] [modloading-worker-0/INFO] [oretweaker/]: Creating Ore Tweaker directory :: /workspaces/turbo-octo-rotary-phone/servidor_minecraft/config/oretweaker/templates/remove
[09Jul2025 10:58:22.856] [ForkJoinPool.commonPool-worker-1/INFO] [com.unlikepaladin.pfm.PaladinFurnitureMod/]: [Paladin's Furniture Update Check] Cached update file detected, using that!
[09Jul2025 10:58:22.870] [ForkJoinPool.commonPool-worker-1/INFO] [com.unlikepaladin.pfm.PaladinFurnitureMod/]: [Paladin's Furniture Update Check] New update detected, showing update message!
[09Jul2025 10:58:23.185] [modloading-worker-0/INFO] [Collective/]: Loading Collective version 6.53.
[09Jul2025 10:58:23.434] [modloading-worker-0/INFO] [dev.architectury.networking.forge.NetworkManagerImpl/]: Registering C2S receiver with id architectury:sync_ids
[09Jul2025 10:58:23.463] [modloading-worker-0/INFO] [dev.architectury.networking.forge.NetworkManagerImpl/]: Registering C2S receiver with id ftblibrary:edit_nbt_response
[09Jul2025 10:58:23.512] [modloading-worker-0/INFO] [dev.architectury.networking.forge.NetworkManagerImpl/]: Registering C2S receiver with id ftbteams:open_gui
[09Jul2025 10:58:23.516] [modloading-worker-0/INFO] [dev.architectury.networking.forge.NetworkManagerImpl/]: Registering C2S receiver with id ftbteams:update_settings
[09Jul2025 10:58:23.517] [modloading-worker-0/INFO] [dev.architectury.networking.forge.NetworkManagerImpl/]: Registering C2S receiver with id ftbteams:send_message
[09Jul2025 10:58:23.520] [modloading-worker-0/INFO] [dev.architectury.networking.forge.NetworkManagerImpl/]: Registering C2S receiver with id ftbteams:create_party
[09Jul2025 10:58:23.523] [modloading-worker-0/INFO] [dev.architectury.networking.forge.NetworkManagerImpl/]: Registering C2S receiver with id ftbteams:player_gui_operation
[09Jul2025 10:58:23.683] [modloading-worker-0/INFO] [KubeJS/]: Looking for KubeJS plugins...
[09Jul2025 10:58:23.691] [modloading-worker-0/INFO] [KubeJS/]: Found plugin source kubejs
[09Jul2025 10:58:23.710] [modloading-worker-0/ERROR] [KubeJS/]: Failed to load plugin dev.latvian.mods.kubejs.integration.forge.gamestages.GameStagesIntegration from source kubejs: java.lang.NoClassDefFoundError: net/darkhax/gamestages/event/GameStageEvent
[09Jul2025 10:58:23.715] [modloading-worker-0/INFO] [KubeJS/]: Found plugin source ftbquests
[09Jul2025 10:58:23.721] [modloading-worker-0/INFO] [KubeJS/]: Done in 36.97 ms
[09Jul2025 10:58:23.857] [modloading-worker-0/INFO] [KubeJS/]: Loaded common.properties
[09Jul2025 10:58:24.023] [modloading-worker-0/INFO] [Rhino Script Remapper/]: Loading Rhino Minecraft remapper...
[09Jul2025 10:58:24.027] [modloading-worker-0/INFO] [dev.latvian.mods.rhino.mod.util.RhinoProperties/]: Rhino properties loaded.
[09Jul2025 10:58:24.032] [modloading-worker-0/INFO] [Rhino Script Remapper/]: Loading mappings for 1.18.2
[09Jul2025 10:58:24.151] [modloading-worker-0/INFO] [Rhino Script Remapper/]: Done in 0.127 s
[09Jul2025 10:58:24.570] [modloading-worker-0/INFO] [KubeJS Startup/]: Loaded script startup_scripts:ore_removal.js in 0.118 s
[09Jul2025 10:58:24.582] [modloading-worker-0/INFO] [railways/]: Registered bogey styles from railways
[09Jul2025 10:58:24.595] [modloading-worker-0/INFO] [KubeJS Startup/]: Loaded mutation_sickness_check.js
[09Jul2025 10:58:24.597] [modloading-worker-0/INFO] [KubeJS Startup/]: Loaded script startup_scripts:mutation_ignore.js in 0.024 s
[09Jul2025 10:58:24.598] [modloading-worker-0/INFO] [KubeJS Startup/]: Hello, World! (You will only see this line once in console, during startup)
[09Jul2025 10:58:24.598] [modloading-worker-0/INFO] [KubeJS Startup/]: Loaded script startup_scripts:script.js in 0.001 s
[09Jul2025 10:58:24.603] [modloading-worker-0/INFO] [KubeJS Startup/]: Loaded script startup_scripts:abyss_portal.js in 0.005 s
[09Jul2025 10:58:24.609] [modloading-worker-0/INFO] [KubeJS Startup/]: Loaded 4/4 KubeJS startup scripts in 0.705 s
[09Jul2025 10:58:24.668] [modloading-worker-0/INFO] [dev.architectury.networking.forge.NetworkManagerImpl/]: Registering C2S receiver with id itemfilters:main/14e7fa1454283aec8ae811ef844ada28
[09Jul2025 10:58:24.670] [modloading-worker-0/INFO] [dev.architectury.networking.forge.NetworkManagerImpl/]: Registering C2S receiver with id itemfilters:main/8f6a899247753217b9d86ab427a2b279
[09Jul2025 10:58:24.704] [modloading-worker-0/WARN] [KubeJS Startup/]: Class filter is disabled!
[09Jul2025 10:58:24.706] [modloading-worker-0/INFO] [dev.architectury.networking.forge.NetworkManagerImpl/]: Registering C2S receiver with id kubejs:send_data_from_client
[09Jul2025 10:58:24.779] [modloading-worker-0/INFO] [railways/]: Registering data fixers
[09Jul2025 10:58:24.811] [modloading-worker-0/INFO] [dev.architectury.networking.forge.NetworkManagerImpl/]: Registering C2S receiver with id ftbquests:submit_task
[09Jul2025 10:58:24.820] [modloading-worker-0/INFO] [dev.architectury.networking.forge.NetworkManagerImpl/]: Registering C2S receiver with id ftbquests:claim_reward
[09Jul2025 10:58:24.821] [modloading-worker-0/INFO] [dev.architectury.networking.forge.NetworkManagerImpl/]: Registering C2S receiver with id ftbquests:get_emergency_items
[09Jul2025 10:58:24.826] [modloading-worker-0/INFO] [dev.architectury.networking.forge.NetworkManagerImpl/]: Registering C2S receiver with id ftbquests:claim_all_rewards
[09Jul2025 10:58:24.829] [modloading-worker-0/INFO] [dev.architectury.networking.forge.NetworkManagerImpl/]: Registering C2S receiver with id ftbquests:claim_choice_reward
[09Jul2025 10:58:24.840] [modloading-worker-0/INFO] [dev.architectury.networking.forge.NetworkManagerImpl/]: Registering C2S receiver with id ftbquests:toggle_pinned
[09Jul2025 10:58:24.843] [modloading-worker-0/INFO] [dev.architectury.networking.forge.NetworkManagerImpl/]: Registering C2S receiver with id ftbquests:toggle_chapter_pinned
[09Jul2025 10:58:24.847] [modloading-worker-0/INFO] [dev.architectury.networking.forge.NetworkManagerImpl/]: Registering C2S receiver with id ftbquests:toggle_editing_mode
[09Jul2025 10:58:24.852] [modloading-worker-0/INFO] [dev.architectury.networking.forge.NetworkManagerImpl/]: Registering C2S receiver with id ftbquests:force_save
[09Jul2025 10:58:24.859] [modloading-worker-0/INFO] [dev.architectury.networking.forge.NetworkManagerImpl/]: Registering C2S receiver with id ftbquests:set_custom_image
[09Jul2025 10:58:24.869] [modloading-worker-0/INFO] [dev.architectury.networking.forge.NetworkManagerImpl/]: Registering C2S receiver with id ftbquests:task_screen_config_resp
[09Jul2025 10:58:24.873] [modloading-worker-0/INFO] [dev.architectury.networking.forge.NetworkManagerImpl/]: Registering C2S receiver with id ftbquests:change_progress
[09Jul2025 10:58:24.874] [modloading-worker-0/INFO] [dev.architectury.networking.forge.NetworkManagerImpl/]: Registering C2S receiver with id ftbquests:create_object
[09Jul2025 10:58:24.876] [modloading-worker-0/INFO] [dev.architectury.networking.forge.NetworkManagerImpl/]: Registering C2S receiver with id ftbquests:create_task_at
[09Jul2025 10:58:24.878] [modloading-worker-0/INFO] [dev.architectury.networking.forge.NetworkManagerImpl/]: Registering C2S receiver with id ftbquests:delete_object
[09Jul2025 10:58:24.881] [modloading-worker-0/INFO] [dev.architectury.networking.forge.NetworkManagerImpl/]: Registering C2S receiver with id ftbquests:edit_object
[09Jul2025 10:58:24.888] [modloading-worker-0/INFO] [dev.architectury.networking.forge.NetworkManagerImpl/]: Registering C2S receiver with id ftbquests:move_chapter
[09Jul2025 10:58:24.892] [modloading-worker-0/INFO] [dev.architectury.networking.forge.NetworkManagerImpl/]: Registering C2S receiver with id ftbquests:move_quest
[09Jul2025 10:58:24.896] [modloading-worker-0/INFO] [dev.architectury.networking.forge.NetworkManagerImpl/]: Registering C2S receiver with id ftbquests:change_chapter_group
[09Jul2025 10:58:24.899] [modloading-worker-0/INFO] [dev.architectury.networking.forge.NetworkManagerImpl/]: Registering C2S receiver with id ftbquests:move_chapter_group
[09Jul2025 10:58:24.903] [modloading-worker-0/INFO] [dev.architectury.networking.forge.NetworkManagerImpl/]: Registering C2S receiver with id ftbquests:copy_quest
[09Jul2025 10:58:24.909] [modloading-worker-0/INFO] [dev.architectury.networking.forge.NetworkManagerImpl/]: Registering C2S receiver with id ftbquests:copy_chapter_image
[09Jul2025 10:58:25.006] [modloading-worker-0/INFO] [ModernFix/]: Bypassed Mojang DFU
[09Jul2025 10:58:25.006] [modloading-worker-0/INFO] [ModernFix/]: Instantiating Mojang DFU
[09Jul2025 10:58:25.009] [modloading-worker-0/INFO] [com.tterrag.registrate.AbstractRegistrate/]: Detected new forge version, registering events reflectively.
[09Jul2025 10:58:25.013] [modloading-worker-0/INFO] [Framework/SYNCED_ENTITY_DATA]: Registered synced data key tac:aiming for minecraft:living_entity
[09Jul2025 10:58:25.018] [modloading-worker-0/INFO] [Framework/SYNCED_ENTITY_DATA]: Registered synced data key tac:shooting for minecraft:living_entity
[09Jul2025 10:58:25.019] [modloading-worker-0/INFO] [Framework/SYNCED_ENTITY_DATA]: Registered synced data key tac:reloading for minecraft:living_entity
[09Jul2025 10:58:25.019] [modloading-worker-0/INFO] [Framework/SYNCED_ENTITY_DATA]: Registered synced data key tac:moving for minecraft:living_entity
[09Jul2025 10:58:25.020] [modloading-worker-0/INFO] [me.steinborn.lazydfu.LazyDFU/]: Lazy DFU
[09Jul2025 10:58:25.022] [modloading-worker-0/INFO] [Framework/SYNCED_ENTITY_DATA]: Registered synced data key tac:stop_anima for minecraft:living_entity
[09Jul2025 10:58:25.022] [modloading-worker-0/INFO] [Framework/SYNCED_ENTITY_DATA]: Registered synced data key tac:qrepairing for minecraft:living_entity
[09Jul2025 10:58:25.102] [modloading-worker-0/INFO] [com.tterrag.registrate.AbstractRegistrate/]: Detected new forge version, registering events reflectively.
[09Jul2025 10:58:25.375] [modloading-worker-0/INFO] [com.tterrag.registrate.AbstractRegistrate/]: Detected new forge version, registering events reflectively.
[09Jul2025 10:58:25.418] [modloading-worker-0/WARN] [mixin/]: @Redirect conflict. Skipping modernfix-forge.mixins.json:perf.datapack_reload_exceptions.RecipeManagerMixin->@Redirect::silenceException(Lorg/slf4j/Logger;Ljava/lang/String;Ljava/lang/Object;Ljava/lang/Object;)V with priority 2000, already redirected by railways-common.mixins.json:MixinRecipeManager->@Redirect::snr$error(Lorg/slf4j/Logger;Ljava/lang/String;Ljava/lang/Object;Ljava/lang/Object;)V with priority 10000
[09Jul2025 10:58:26.218] [modloading-worker-0/INFO] [railways/]: Registering tracks for Hex Casting
[09Jul2025 10:58:26.222] [modloading-worker-0/INFO] [railways/]: Registering tracks for Oh The Biomes You'll Go
[09Jul2025 10:58:26.230] [modloading-worker-0/INFO] [railways/]: Registering tracks for Blue Skies
[09Jul2025 10:58:26.231] [modloading-worker-0/INFO] [railways/]: Registering tracks for Twilight Forest
[09Jul2025 10:58:26.241] [modloading-worker-0/INFO] [railways/]: Registering tracks for Biomes O' Plenty
[09Jul2025 10:58:26.263] [modloading-worker-0/INFO] [com.tterrag.registrate.AbstractRegistrate/]: Detected new forge version, registering events reflectively.
[09Jul2025 10:58:26.318] [modloading-worker-0/INFO] [tv.mapper.embellishcraft.EmbellishCraft/]: 1.2- EmbellishCraft: block listing.
[09Jul2025 10:58:26.995] [modloading-worker-0/INFO] [be.florens.expandability.ExpandAbility/]: ExpandAbility here, who dis?
[09Jul2025 10:58:27.008] [modloading-worker-0/INFO] [com.tterrag.registrate.AbstractRegistrate/]: Detected new forge version, registering events reflectively.
[09Jul2025 10:58:28.603] [main/INFO] [net.minecraftforge.registries.GameData/]: Potentially Dangerous alternative prefix `minecraft` for name `snow`, expected `snowrealmagic`. This could be a intended override, but in most cases indicates a broken mod.
[09Jul2025 10:58:28.604] [main/INFO] [net.minecraftforge.registries.GameData/]: Potentially Dangerous alternative prefix `minecraft` for name `snow`, expected `snowrealmagic`. This could be a intended override, but in most cases indicates a broken mod.
[09Jul2025 10:58:30.742] [main/WARN] [com.unlikepaladin.pfm.PaladinFurnitureMod/]: Found block type with duplicate id (minecraft:oak), skipping
[09Jul2025 10:58:31.627] [main/INFO] [net.minecraftforge.registries.GameData/]: Potentially Dangerous alternative prefix `minecraft` for name `pumpkin_pie`, expected `create_central_kitchen`. This could be a intended override, but in most cases indicates a broken mod.
[09Jul2025 10:58:31.801] [main/INFO] [net.minecraftforge.registries.GameData/]: Potentially Dangerous alternative prefix `minecraft` for name `crossbow`, expected `crossbowverhaul`. This could be a intended override, but in most cases indicates a broken mod.
[09Jul2025 10:58:32.100] [main/INFO] [tv.mapper.embellishcraft.EmbellishCraft/]: 1.3- EmbellishCraft: TE registering.
[09Jul2025 10:58:32.100] [main/INFO] [tv.mapper.embellishcraft.EmbellishCraft/]: EmbellishCraft: if this line crashes please report to https://github.com/MapperTV/embellishcraft/issues/19
[09Jul2025 10:58:32.141] [main/INFO] [net.minecraftforge.registries.GameData/]: Potentially Dangerous alternative prefix `minecraft` for name `multishot`, expected `crossbowverhaul`. This could be a intended override, but in most cases indicates a broken mod.
[09Jul2025 10:58:32.475] [main/INFO] [net.minecraftforge.registries.GameData/]: Potentially Dangerous alternative prefix `minecraft` for name `milk`, expected `forge`. This could be a intended override, but in most cases indicates a broken mod.
[09Jul2025 10:58:32.476] [main/INFO] [net.minecraftforge.registries.GameData/]: Potentially Dangerous alternative prefix `minecraft` for name `flowing_milk`, expected `forge`. This could be a intended override, but in most cases indicates a broken mod.
[09Jul2025 10:58:32.583] [main/WARN] [net.minecraftforge.registries.ForgeRegistry/REGISTRIES]: Registry minecraft:mob_effect: The object flaxbeard.immersivepetroleum.common.util.IPEffects$AntiFireEffect@1886309 has been registered twice for the same name immersivepetroleum:anti_fire.
[09Jul2025 10:58:32.590] [main/INFO] [net.minecraftforge.registries.GameData/]: Potentially Dangerous alternative prefix `xaerominimap` for name `no_minimap`, expected `xaerominimapfair`. This could be a intended override, but in most cases indicates a broken mod.
[09Jul2025 10:58:32.591] [main/INFO] [net.minecraftforge.registries.GameData/]: Potentially Dangerous alternative prefix `xaerominimap` for name `no_minimap_harmful`, expected `xaerominimapfair`. This could be a intended override, but in most cases indicates a broken mod.
[09Jul2025 10:58:32.591] [main/INFO] [net.minecraftforge.registries.GameData/]: Potentially Dangerous alternative prefix `xaerominimap` for name `no_entity_radar`, expected `xaerominimapfair`. This could be a intended override, but in most cases indicates a broken mod.
[09Jul2025 10:58:32.591] [main/INFO] [net.minecraftforge.registries.GameData/]: Potentially Dangerous alternative prefix `xaerominimap` for name `no_entity_radar_harmful`, expected `xaerominimapfair`. This could be a intended override, but in most cases indicates a broken mod.
[09Jul2025 10:58:32.591] [main/INFO] [net.minecraftforge.registries.GameData/]: Potentially Dangerous alternative prefix `xaerominimap` for name `no_waypoints`, expected `xaerominimapfair`. This could be a intended override, but in most cases indicates a broken mod.
[09Jul2025 10:58:32.591] [main/INFO] [net.minecraftforge.registries.GameData/]: Potentially Dangerous alternative prefix `xaerominimap` for name `no_waypoints_harmful`, expected `xaerominimapfair`. This could be a intended override, but in most cases indicates a broken mod.
[09Jul2025 10:58:32.591] [main/INFO] [net.minecraftforge.registries.GameData/]: Potentially Dangerous alternative prefix `xaerominimap` for name `no_waypoints_beneficial`, expected `xaerominimapfair`. This could be a intended override, but in most cases indicates a broken mod.
[09Jul2025 10:58:32.592] [main/INFO] [net.minecraftforge.registries.GameData/]: Potentially Dangerous alternative prefix `xaerominimap` for name `no_cave_maps`, expected `xaerominimapfair`. This could be a intended override, but in most cases indicates a broken mod.
[09Jul2025 10:58:32.592] [main/INFO] [net.minecraftforge.registries.GameData/]: Potentially Dangerous alternative prefix `xaerominimap` for name `no_cave_maps_harmful`, expected `xaerominimapfair`. This could be a intended override, but in most cases indicates a broken mod.
[09Jul2025 10:58:32.594] [main/INFO] [net.minecraftforge.registries.GameData/]: Potentially Dangerous alternative prefix `minecraft` for name `poison`, expected `firstaid`. This could be a intended override, but in most cases indicates a broken mod.
[09Jul2025 10:58:32.595] [main/INFO] [firstaid/]: Don't worry, the minecraft poison override IS intended.
[09Jul2025 10:58:32.771] [main/INFO] [corgitaco.enhancedcelestials.EnhancedCelestials/]: Enhanced Celestials registered: minecraft:sound_event
[09Jul2025 10:58:33.437] [main/WARN] [net.minecraft.network.syncher.SynchedEntityData/]: defineId called for: class com.github.alexthe666.alexsmobs.entity.EntityLeafcutterAnt from class com.github.alexthe666.alexsmobs.entity.EntityDevilsHolePupfish
[09Jul2025 10:58:33.438] [main/WARN] [net.minecraft.network.syncher.SynchedEntityData/]: defineId called for: class com.github.alexthe666.alexsmobs.entity.EntityMantisShrimp from class com.github.alexthe666.alexsmobs.entity.EntitySkelewag
[09Jul2025 10:58:34.716] [Thread-0/INFO] [ModernFix/]: Please use /mfsrc to reload any changed mod config files
[09Jul2025 10:58:34.966] [modloading-worker-0/INFO] [xaero.pac.OpenPartiesAndClaims/]: Loading Open Parties and Claims!
[09Jul2025 10:58:34.966] [modloading-worker-0/INFO] [net.mcreator.agsdaycounter.AgDayCounterMod/]: [Day Counter] Loading config file...
[09Jul2025 10:58:34.970] [modloading-worker-0/INFO] [net.mcreator.agsdaycounter.AgDayCounterMod/]: [Day Counter] Config file successfuly loaded!
[09Jul2025 10:58:35.017] [modloading-worker-0/INFO] [dev.wuffs.bcc.BCC/]: Better Compatibility Checker setting up
[09Jul2025 10:58:35.108] [modloading-worker-0/INFO] [snowrealmagic/]: SereneSeasons detected. Overriding melting behavior.
[09Jul2025 10:58:35.182] [Forge Version Check/INFO] [net.minecraftforge.fml.VersionChecker/]: Global Forge version check system disabled, no further processing.
[09Jul2025 10:58:35.188] [modloading-worker-0/INFO] [voicechat/]: [voicechat] Compatibility version 17
[09Jul2025 10:58:35.280] [modloading-worker-0/INFO] [voicechat/]: [voicechat] Loading plugins
[09Jul2025 10:58:35.297] [modloading-worker-0/INFO] [com.connectivity.Connectivity/]: Connectivity initialized
[09Jul2025 10:58:35.298] [modloading-worker-0/INFO] [incontrol/]: Enabling support for Lost Cities
[09Jul2025 10:58:35.298] [modloading-worker-0/INFO] [incontrol/]: Enabling support for Lost Cities
[09Jul2025 10:58:35.298] [modloading-worker-0/INFO] [incontrol/]: Enabling support for Serene Seasons
[09Jul2025 10:58:35.299] [modloading-worker-0/INFO] [voicechat/]: [voicechat] Loaded 0 plugin(s)
[09Jul2025 10:58:35.299] [modloading-worker-0/INFO] [voicechat/]: [voicechat] Initializing plugins
[09Jul2025 10:58:35.299] [modloading-worker-0/INFO] [voicechat/]: [voicechat] Initialized 0 plugin(s)
[09Jul2025 10:58:35.310] [modloading-worker-0/INFO] [incontrol/]: Reading rules from spawn.json
[09Jul2025 10:58:35.320] [modloading-worker-0/INFO] [com.structureessentials.StructureEssentials/]: structureessentials mod initialized
[09Jul2025 10:58:35.431] [modloading-worker-0/INFO] [incontrol/]: Reading rules from summonaid.json
[09Jul2025 10:58:35.438] [modloading-worker-0/INFO] [incontrol/]: Reading rules from loot.json
[09Jul2025 10:58:35.459] [modloading-worker-0/INFO] [incontrol/]: Reading rules from experience.json
[09Jul2025 10:58:35.460] [modloading-worker-0/INFO] [incontrol/]: Reading rules from phases.json
[09Jul2025 10:58:35.463] [modloading-worker-0/INFO] [incontrol/]: Reading rules from special.json
[09Jul2025 10:58:35.467] [modloading-worker-0/INFO] [incontrol/]: Reading rules from spawner.json
[09Jul2025 10:58:35.477] [modloading-worker-0/INFO] [lostcities/]: Creating standard profiles into 'config/lostcities/profiles'
[09Jul2025 10:58:35.513] [modloading-worker-0/INFO] [lostcities/]: Reading existing profiles from 'config/lostcities/profiles'
[09Jul2025 10:58:35.529] [modloading-worker-0/INFO] [tv.mapper.mapperbase.MapperBase/]: Mapper Base setup started! Thank you for using my mods!
[09Jul2025 10:58:35.532] [modloading-worker-0/INFO] [tv.mapper.embellishcraft.EmbellishCraft/]: EmbellishCraft: setup started.
[09Jul2025 10:58:35.533] [modloading-worker-0/INFO] [tv.mapper.embellishcraft.EmbellishCraft/]: EmbellishCraft worldgen is disabled by config.
[09Jul2025 10:58:35.537] [modloading-worker-0/INFO] [firstaid/]: firstaid starting...
[09Jul2025 10:58:35.554] [modloading-worker-0/INFO] [fxcontrol/]: Enabling support for Lost Cities
[09Jul2025 10:58:35.555] [modloading-worker-0/INFO] [fxcontrol/]: Enabling support for Lost Cities
[09Jul2025 10:58:35.555] [modloading-worker-0/INFO] [fxcontrol/]: Enabling support for Serene Seasons
[09Jul2025 10:58:35.572] [modloading-worker-0/INFO] [fxcontrol/]: Reading rules from effects.json
[09Jul2025 10:58:35.607] [modloading-worker-0/INFO] [fxcontrol/]: Loaded 2 rules!
[09Jul2025 10:58:35.608] [modloading-worker-0/INFO] [fxcontrol/]: Reading rules from breakevents.json
[09Jul2025 10:58:35.608] [modloading-worker-0/INFO] [fxcontrol/]: Loaded 0 rules!
[09Jul2025 10:58:35.613] [modloading-worker-0/INFO] [fxcontrol/]: Reading rules from placeevents.json
[09Jul2025 10:58:35.613] [modloading-worker-0/INFO] [fxcontrol/]: Loaded 0 rules!
[09Jul2025 10:58:35.614] [modloading-worker-0/INFO] [fxcontrol/]: Reading rules from rightclicks.json
[09Jul2025 10:58:35.619] [modloading-worker-0/INFO] [fxcontrol/]: Loaded 1 rules!
[09Jul2025 10:58:35.621] [modloading-worker-0/INFO] [fxcontrol/]: Reading rules from leftclicks.json
[09Jul2025 10:58:35.623] [modloading-worker-0/INFO] [fxcontrol/]: Loaded 0 rules!
[09Jul2025 10:58:35.637] [modloading-worker-0/INFO] [com.jaquadro.minecraft.storagedrawers.StorageDrawers/]: New compacting rule 4 clay_ball = 1 clay
[09Jul2025 10:58:35.638] [modloading-worker-0/INFO] [com.jaquadro.minecraft.storagedrawers.StorageDrawers/]: New compacting rule 4 snowball = 1 snow_block
[09Jul2025 10:58:35.638] [modloading-worker-0/INFO] [com.jaquadro.minecraft.storagedrawers.StorageDrawers/]: New compacting rule 4 glowstone_dust = 1 glowstone
[09Jul2025 10:58:35.638] [modloading-worker-0/INFO] [com.jaquadro.minecraft.storagedrawers.StorageDrawers/]: New compacting rule 4 brick = 1 bricks
[09Jul2025 10:58:35.638] [modloading-worker-0/INFO] [com.jaquadro.minecraft.storagedrawers.StorageDrawers/]: New compacting rule 4 nether_brick = 1 nether_bricks
[09Jul2025 10:58:35.638] [modloading-worker-0/INFO] [com.jaquadro.minecraft.storagedrawers.StorageDrawers/]: New compacting rule 9 nether_wart = 1 nether_wart_block
[09Jul2025 10:58:35.638] [modloading-worker-0/INFO] [com.jaquadro.minecraft.storagedrawers.StorageDrawers/]: New compacting rule 4 quartz = 1 quartz_block
[09Jul2025 10:58:35.638] [modloading-worker-0/INFO] [com.jaquadro.minecraft.storagedrawers.StorageDrawers/]: New compacting rule 9 melon_slice = 1 melon
[09Jul2025 10:58:35.638] [modloading-worker-0/INFO] [com.jaquadro.minecraft.storagedrawers.StorageDrawers/]: New compacting rule 4 sand = 1 sandstone
[09Jul2025 10:58:35.639] [modloading-worker-0/INFO] [com.jaquadro.minecraft.storagedrawers.StorageDrawers/]: New compacting rule 4 red_sand = 1 red_sandstone
[09Jul2025 10:58:35.641] [modloading-worker-0/INFO] [com.jaquadro.minecraft.storagedrawers.StorageDrawers/]: New compacting rule 4 clay_ball = 1 clay
[09Jul2025 10:58:35.684] [modloading-worker-0/INFO] [corgitaco.enhancedcelestials.EnhancedCelestials/]: Initialized enhancedcelestials network!
[09Jul2025 10:58:35.714] [main/INFO] [terrablender/]: Registered region minecraft:overworld to index 0 for type OVERWORLD
[09Jul2025 10:58:35.715] [main/INFO] [terrablender/]: Registered region minecraft:nether to index 0 for type NETHER
[09Jul2025 10:58:35.715] [main/INFO] [terrablender/]: Registered region biomesoplenty:overworld_common to index 1 for type OVERWORLD
[09Jul2025 10:58:35.718] [main/INFO] [terrablender/]: Registered region biomesoplenty:overworld_rare to index 2 for type OVERWORLD
[09Jul2025 10:58:35.722] [main/INFO] [terrablender/]: Registered region biomesoplenty:nether_common to index 1 for type NETHER
[09Jul2025 10:58:35.722] [main/INFO] [terrablender/]: Registered region biomesoplenty:nether_rare to index 2 for type NETHER
[09Jul2025 10:58:35.751] [main/ERROR] [net.minecraft.Util/]: Adding duplicate key 'ResourceKey[minecraft:recipe_type / cgm:workbench]' to registry
[09Jul2025 10:58:35.752] [main/INFO] [Framework/SYNCED_ENTITY_DATA]: Registered synced data key cgm:aiming for minecraft:player
[09Jul2025 10:58:35.753] [main/INFO] [Framework/SYNCED_ENTITY_DATA]: Registered synced data key cgm:shooting for minecraft:player
[09Jul2025 10:58:35.753] [main/INFO] [Framework/SYNCED_ENTITY_DATA]: Registered synced data key cgm:reloading for minecraft:player
[09Jul2025 10:58:35.915] [modloading-worker-0/INFO] [xaero.map.server.WorldMapServer/]: Loading Xaero's World Map - Stage 1/2 (Server)
[09Jul2025 10:58:35.915] [modloading-worker-0/INFO] [xaero.common.MinimapLogs/]: Loading Xaero's Minimap - Stage 1/2 (Server)
[09Jul2025 10:58:35.968] [main/INFO] [xaero.map.server.WorldMapServer/]: Loading Xaero's World Map - Stage 2/2 (Server)
[09Jul2025 10:58:35.968] [main/INFO] [xaero.common.MinimapLogs/]: Loading Xaero's Minimap - Stage 2/2 (Server)
[09Jul2025 10:58:36.131] [modloading-worker-0/INFO] [AttributeFix/]: Loaded values for 46 compatible attributes.
[09Jul2025 10:58:36.131] [modloading-worker-0/INFO] [customvillagertrades/]: CVT MESSAGE: Loading custom villager trades from file: wanderer.json
[09Jul2025 10:58:36.135] [modloading-worker-0/INFO] [AttributeFix/]: Loaded 46 values from config.
[09Jul2025 10:58:36.136] [modloading-worker-0/INFO] [spacecatasb/]: ASB MESSAGE: Loading armor sets and bonuses
[09Jul2025 10:58:36.141] [modloading-worker-0/INFO] [oretweaker/]: Reading data: copper_ore.json
[09Jul2025 10:58:36.147] [modloading-worker-0/INFO] [spacecatasb/]: ASB MESSAGE: Loading armor set: armors.swat_riot.title
[09Jul2025 10:58:36.147] [modloading-worker-0/INFO] [oretweaker/]: Reading data: andesite.json
[09Jul2025 10:58:36.149] [modloading-worker-0/INFO] [oretweaker/]: Reading data: soul_sand.json
[09Jul2025 10:58:36.154] [modloading-worker-0/INFO] [oretweaker/]: Reading data: granite.json
[09Jul2025 10:58:36.154] [modloading-worker-0/INFO] [oretweaker/]: Reading data: gold_ore.json
[09Jul2025 10:58:36.154] [modloading-worker-0/INFO] [oretweaker/]: Reading data: nether_gold_ore.json
[09Jul2025 10:58:36.155] [modloading-worker-0/INFO] [spacecatasb/]: ASB MESSAGE: Loading armor set: armors.soldier.title
[09Jul2025 10:58:36.156] [modloading-worker-0/INFO] [AttributeFix/]: Saving config file. 46 entries.
[09Jul2025 10:58:36.157] [modloading-worker-0/INFO] [spacecatasb/]: ASB MESSAGE: Loading armor set: armors.police.title
[09Jul2025 10:58:36.157] [modloading-worker-0/INFO] [oretweaker/]: Reading data: blackstone.json
[09Jul2025 10:58:36.158] [modloading-worker-0/INFO] [spacecatasb/]: ASB MESSAGE: Loading armor set: armors.sports.title
[09Jul2025 10:58:36.159] [modloading-worker-0/INFO] [AttributeFix/]: Applying changes for 46 attributes.
[09Jul2025 10:58:36.160] [modloading-worker-0/INFO] [spacecatasb/]: ASB MESSAGE: Loading armor set: armors.national_army.title
[09Jul2025 10:58:36.159] [modloading-worker-0/INFO] [oretweaker/]: Reading data: magma_block.json
[09Jul2025 10:58:36.160] [modloading-worker-0/INFO] [oretweaker/]: Reading data: clay.json
[09Jul2025 10:58:36.161] [modloading-worker-0/INFO] [spacecatasb/]: ASB MESSAGE: Loading armor set: armors.swat.title
[09Jul2025 10:58:36.164] [modloading-worker-0/INFO] [oretweaker/]: Reading data: deepslate_silver_ore.json
[09Jul2025 10:58:36.165] [modloading-worker-0/INFO] [spacecatasb/]: ASB MESSAGE: Loading armor set: armors.nurse.title
[09Jul2025 10:58:36.166] [modloading-worker-0/INFO] [spacecatasb/]: ASB MESSAGE: Loading armor set: armors.hunting.title
[09Jul2025 10:58:36.166] [modloading-worker-0/INFO] [oretweaker/]: Reading data: basalt.json
[09Jul2025 10:58:36.166] [modloading-worker-0/INFO] [spacecatasb/]: ASB MESSAGE: Loading armor set: armors.hazmat.title
[09Jul2025 10:58:36.169] [modloading-worker-0/INFO] [spacecatasb/]: ASB MESSAGE: Loading armor set: armors.royal_police.title
[09Jul2025 10:58:36.169] [modloading-worker-0/INFO] [oretweaker/]: Reading data: deepslate_nickel_ore.json
[09Jul2025 10:58:36.169] [modloading-worker-0/INFO] [spacecatasb/]: ASB MESSAGE: Loading armor set: armors.football.title
[09Jul2025 10:58:36.170] [modloading-worker-0/INFO] [spacecatasb/]: ASB MESSAGE: Loading armor set: armors.fire_fighter.title
[09Jul2025 10:58:36.170] [modloading-worker-0/INFO] [oretweaker/]: Reading data: deepslate_lapis_ore.json
[09Jul2025 10:58:36.171] [modloading-worker-0/INFO] [oretweaker/]: Reading data: deepslate_bauxite_ore.json
[09Jul2025 10:58:36.171] [modloading-worker-0/INFO] [spacecatasb/]: ASB MESSAGE: Loading armor set: armors.un_army.title
[09Jul2025 10:58:36.171] [modloading-worker-0/INFO] [spacecatasb/]: ASB MESSAGE: Loading armor set: armors.military_riot.title
[09Jul2025 10:58:36.171] [modloading-worker-0/INFO] [oretweaker/]: Reading data: deepslate_emerald_ore.json
[09Jul2025 10:58:36.172] [modloading-worker-0/INFO] [oretweaker/]: Reading data: jade.json
[09Jul2025 10:58:36.173] [modloading-worker-0/INFO] [spacecatasb/]: ASB MESSAGE: Loading armor set: armors.army_general.title
[09Jul2025 10:58:36.177] [modloading-worker-0/INFO] [spacecatasb/]: ASB MESSAGE: Loading armor set: armors.spec_ops.title
[09Jul2025 10:58:36.177] [modloading-worker-0/INFO] [oretweaker/]: Reading data: deepslate_iron_ore.json
[09Jul2025 10:58:36.179] [modloading-worker-0/INFO] [spacecatasb/]: ASB MESSAGE: Loading armor set: armors.biohazard.title
[09Jul2025 10:58:36.179] [modloading-worker-0/INFO] [oretweaker/]: Reading data: larvikite.json
[09Jul2025 10:58:36.179] [modloading-worker-0/INFO] [spacecatasb/]: ASB MESSAGE: Loading armor set: armors.snow_ghillie.title
[09Jul2025 10:58:36.180] [modloading-worker-0/INFO] [oretweaker/]: Reading data: slate.json
[09Jul2025 10:58:36.181] [modloading-worker-0/INFO] [oretweaker/]: Reading data: deepslate_diamond_ore.json
[09Jul2025 10:58:36.181] [modloading-worker-0/INFO] [spacecatasb/]: ASB MESSAGE: Loading armor set: armors.forest_ghillie.title
[09Jul2025 10:58:36.181] [modloading-worker-0/INFO] [oretweaker/]: Reading data: deepslate_gold_ore.json
[09Jul2025 10:58:36.182] [modloading-worker-0/INFO] [spacecatasb/]: ASB MESSAGE: Loading armor set: armors.biker.title
[09Jul2025 10:58:36.183] [modloading-worker-0/INFO] [oretweaker/]: Reading data: magma_block.json
[09Jul2025 10:58:36.183] [modloading-worker-0/INFO] [spacecatasb/]: ASB MESSAGE: Loading armor set: armors.officer.title
[09Jul2025 10:58:36.184] [modloading-worker-0/INFO] [oretweaker/]: Reading data: gneiss.json
[09Jul2025 10:58:36.184] [modloading-worker-0/INFO] [oretweaker/]: Reading data: deepslate_redstone_ore.json
[09Jul2025 10:58:36.184] [modloading-worker-0/INFO] [spacecatasb/]: ASB MESSAGE: Loading armor set: armors.sand_ghillie.title
[09Jul2025 10:58:36.185] [modloading-worker-0/INFO] [oretweaker/]: Reading data: deepslate_lead_ore.json
[09Jul2025 10:58:36.185] [modloading-worker-0/INFO] [spacecatasb/]: ASB MESSAGE: Loading armor set: armors.ballistic.title
[09Jul2025 10:58:36.186] [modloading-worker-0/INFO] [spacecatasb/]: ASB MESSAGE: Loading armor set: armors.military_aviation.title
[09Jul2025 10:58:36.186] [modloading-worker-0/INFO] [oretweaker/]: Reading data: deepslate_copper_ore.json
[09Jul2025 10:58:36.186] [modloading-worker-0/INFO] [spacecatasb/]: ASB MESSAGE: Loading armor set: armors.construction.title
[09Jul2025 10:58:36.187] [modloading-worker-0/INFO] [oretweaker/]: Reading data: marble.json
[09Jul2025 10:58:36.187] [modloading-worker-0/INFO] [spacecatasb/]: ASB MESSAGE: Loading armor set: armors.military_urban.title
[09Jul2025 10:58:36.188] [modloading-worker-0/INFO] [oretweaker/]: Reading data: deepslate_zinc_ore.json
[09Jul2025 10:58:36.189] [modloading-worker-0/INFO] [spacecatasb/]: ASB MESSAGE: Loading armor set: armors.motorcyclist.title
[09Jul2025 10:58:36.189] [modloading-worker-0/INFO] [oretweaker/]: Reading data: deepslate_uranium_ore.json
[09Jul2025 10:58:36.189] [modloading-worker-0/INFO] [spacecatasb/]: ASB MESSAGE: Loading armor set: armors.radiation.title
[09Jul2025 10:58:36.190] [modloading-worker-0/INFO] [spacecatasb/]: ASB MESSAGE: Loading armor set: armors.juggernaut.title
[09Jul2025 10:58:36.190] [modloading-worker-0/INFO] [oretweaker/]: Reading data: ancient_debris.json
[09Jul2025 10:58:36.190] [modloading-worker-0/INFO] [spacecatasb/]: ASB MESSAGE: Loading armor set: armors.bombsquad.title
[09Jul2025 10:58:36.191] [modloading-worker-0/INFO] [oretweaker/]: Reading data: infested.json
[09Jul2025 10:58:36.191] [modloading-worker-0/INFO] [spacecatasb/]: ASB MESSAGE: Loading armor set: armors.military_beret.title
[09Jul2025 10:58:36.191] [modloading-worker-0/INFO] [oretweaker/]: Reading data: tuff.json
[09Jul2025 10:58:36.192] [modloading-worker-0/INFO] [spacecatasb/]: ASB MESSAGE: Loading armor set: armors.forest_guard.title
[09Jul2025 10:58:36.192] [modloading-worker-0/INFO] [spacecatasb/]: ASB MESSAGE: Loading armor set: armors.anarchist.title
[09Jul2025 10:58:36.192] [modloading-worker-0/INFO] [oretweaker/]: Reading data: coal_ore.json
[09Jul2025 10:58:36.193] [modloading-worker-0/INFO] [oretweaker/]: Reading data: netherrack.json
[09Jul2025 10:58:36.193] [modloading-worker-0/INFO] [spacecatasb/]: ASB MESSAGE: Loading armor set: armors.fighter.title
[09Jul2025 10:58:36.193] [modloading-worker-0/INFO] [spacecatasb/]: ASB MESSAGE: Finished loading a total of 34 armor sets and bonuses with 0 errors.
[09Jul2025 10:58:36.194] [modloading-worker-0/INFO] [oretweaker/]: Reading data: redstone_ore.json
[09Jul2025 10:58:36.195] [modloading-worker-0/INFO] [oretweaker/]: Reading data: dirt.json
[09Jul2025 10:58:36.196] [modloading-worker-0/INFO] [oretweaker/]: Reading data: iron_ore.json
[09Jul2025 10:58:36.196] [modloading-worker-0/INFO] [dev.architectury.networking.forge.NetworkManagerImpl/]: Registering C2S receiver with id spacecatasb:networking_channel/695c919422d23ac1913883a5d4c7eaa6
[09Jul2025 10:58:36.197] [modloading-worker-0/INFO] [dev.architectury.networking.forge.NetworkManagerImpl/]: Registering C2S receiver with id spacecatasb:networking_channel/e12f8dbf5c503667968bd7f26c6d6251
[09Jul2025 10:58:36.197] [modloading-worker-0/INFO] [oretweaker/]: Reading data: emerald_ore.json
[09Jul2025 10:58:36.198] [modloading-worker-0/INFO] [oretweaker/]: Reading data: diamond_ore.json
[09Jul2025 10:58:36.199] [modloading-worker-0/INFO] [oretweaker/]: Reading data: lapis_ore.json
[09Jul2025 10:58:36.200] [modloading-worker-0/INFO] [oretweaker/]: Reading data: gravel.json
[09Jul2025 10:58:36.200] [modloading-worker-0/INFO] [oretweaker/]: Reading data: diorite.json
[09Jul2025 10:58:36.201] [modloading-worker-0/INFO] [oretweaker/]: Reading data: nether_quartz_ore.json
[09Jul2025 10:58:36.201] [modloading-worker-0/INFO] [oretweaker/]: com.ewyboy.oretweaker.json.objects.OreConfig@52d19e7
[09Jul2025 10:58:36.574] [main/INFO] [pro.mikey.mods.dsp.DSPInit/]: No default-server.properties exist in the games root path... ignoring default injection
[09Jul2025 10:58:36.597] [main/INFO] [com.mojang.authlib.yggdrasil.YggdrasilAuthenticationService/]: Environment: authHost='https://authserver.mojang.com', accountsHost='https://api.mojang.com', sessionHost='https://sessionserver.mojang.com', servicesHost='https://api.minecraftservices.com', name='PROD'
[09Jul2025 10:58:37.185] [main/WARN] [net.minecraft.server.packs.VanillaPackResources/]: Assets URL 'union:/workspaces/turbo-octo-rotary-phone/servidor_minecraft/libraries/net/minecraft/server/1.18.2-20220404.173914/server-1.18.2-20220404.173914-srg.jar%23226!/assets/.mcassetsroot' uses unexpected schema
[09Jul2025 10:58:37.186] [main/WARN] [net.minecraft.server.packs.VanillaPackResources/]: Assets URL 'union:/workspaces/turbo-octo-rotary-phone/servidor_minecraft/libraries/net/minecraft/server/1.18.2-20220404.173914/server-1.18.2-20220404.173914-srg.jar%23226!/data/.mcassetsroot' uses unexpected schema
[09Jul2025 10:58:37.378] [main/WARN] [ModernFix/]: PathResourcePack base class instantiated with root path of mod file saturn-mc1.18.2-0.1.3.jar. This probably means a mod should be calling ResourcePackLoader.createPackForMod instead. Applying workaround.
[09Jul2025 10:58:37.381] [main/WARN] [ModernFix/]: PathResourcePack base class instantiated with root path of mod file StackablePotions-forge-1.18.2-1.0.0.jar. This probably means a mod should be calling ResourcePackLoader.createPackForMod instead. Applying workaround.
[09Jul2025 10:58:37.382] [main/WARN] [ModernFix/]: PathResourcePack base class instantiated with root path of mod file GlobalGameRules-1.18.1-6.0.0.5.jar. This probably means a mod should be calling ResourcePackLoader.createPackForMod instead. Applying workaround.
[09Jul2025 10:58:37.382] [main/WARN] [ModernFix/]: PathResourcePack base class instantiated with root path of mod file supermartijn642configlib-1.1.6-forge-mc1.18.jar. This probably means a mod should be calling ResourcePackLoader.createPackForMod instead. Applying workaround.
[09Jul2025 10:58:37.382] [main/WARN] [ModernFix/]: PathResourcePack base class instantiated with root path of mod file nocube's_zombie_mobs_1.4.0_forge_1.18.2.jar. This probably means a mod should be calling ResourcePackLoader.createPackForMod instead. Applying workaround.
[09Jul2025 10:58:37.382] [main/WARN] [ModernFix/]: PathResourcePack base class instantiated with root path of mod file open-parties-and-claims-forge-1.18.2-0.20.1.jar. This probably means a mod should be calling ResourcePackLoader.createPackForMod instead. Applying workaround.
[09Jul2025 10:58:37.382] [main/WARN] [ModernFix/]: PathResourcePack base class instantiated with root path of mod file player-animation-lib-forge-1.0.2+1.18.jar. This probably means a mod should be calling ResourcePackLoader.createPackForMod instead. Applying workaround.
[09Jul2025 10:58:37.383] [main/WARN] [ModernFix/]: PathResourcePack base class instantiated with root path of mod file nerb-1.18.2-0.3-FORGE.jar. This probably means a mod should be calling ResourcePackLoader.createPackForMod instead. Applying workaround.
[09Jul2025 10:58:37.383] [main/WARN] [ModernFix/]: PathResourcePack base class instantiated with root path of mod file Entity_Collision_FPS_Fix-forge-1.18.2-1.0.0.jar. This probably means a mod should be calling ResourcePackLoader.createPackForMod instead. Applying workaround.
[09Jul2025 10:58:37.383] [main/WARN] [ModernFix/]: PathResourcePack base class instantiated with root path of mod file ContentTweaker-forge-1.18.2-1.0.0+13.jar. This probably means a mod should be calling ResourcePackLoader.createPackForMod instead. Applying workaround.
[09Jul2025 10:58:37.383] [main/WARN] [ModernFix/]: PathResourcePack base class instantiated with root path of mod file day_counter_v3.0_1.18.2_[FORGE].jar. This probably means a mod should be calling ResourcePackLoader.createPackForMod instead. Applying workaround.
[09Jul2025 10:58:37.383] [main/WARN] [ModernFix/]: PathResourcePack base class instantiated with root path of mod file modernfix-forge-5.13.0+mc1.18.2.jar. This probably means a mod should be calling ResourcePackLoader.createPackForMod instead. Applying workaround.
[09Jul2025 10:58:37.384] [main/WARN] [ModernFix/]: PathResourcePack base class instantiated with root path of mod file YungsApi-1.18.2-Forge-2.2.9.jar. This probably means a mod should be calling ResourcePackLoader.createPackForMod instead. Applying workaround.
[09Jul2025 10:58:37.384] [main/WARN] [ModernFix/]: PathResourcePack base class instantiated with root path of mod file MaxHealthFix-Forge-1.18.2-5.0.4.jar. This probably means a mod should be calling ResourcePackLoader.createPackForMod instead. Applying workaround.
[09Jul2025 10:58:37.384] [main/WARN] [ModernFix/]: PathResourcePack base class instantiated with root path of mod file guardvillagers-1.18.2.1.4.3.jar. This probably means a mod should be calling ResourcePackLoader.createPackForMod instead. Applying workaround.
[09Jul2025 10:58:37.384] [main/WARN] [ModernFix/]: PathResourcePack base class instantiated with root path of mod file The-Hordes-1.18.2-1.5.3a.jar. This probably means a mod should be calling ResourcePackLoader.createPackForMod instead. Applying workaround.
[09Jul2025 10:58:37.384] [main/WARN] [ModernFix/]: PathResourcePack base class instantiated with root path of mod file balm-3.2.1+0.jar. This probably means a mod should be calling ResourcePackLoader.createPackForMod instead. Applying workaround.
[09Jul2025 10:58:37.386] [main/WARN] [ModernFix/]: PathResourcePack base class instantiated with root path of mod file SnowRealMagic-1.18.2-forge-4.2.4.jar. This probably means a mod should be calling ResourcePackLoader.createPackForMod instead. Applying workaround.
[09Jul2025 10:58:37.386] [main/WARN] [ModernFix/]: PathResourcePack base class instantiated with root path of mod file cloth-config-6.4.90-forge.jar. This probably means a mod should be calling ResourcePackLoader.createPackForMod instead. Applying workaround.
[09Jul2025 10:58:37.387] [main/WARN] [ModernFix/]: PathResourcePack base class instantiated with root path of mod file emojiful-1.18.2-3.0.1.jar. This probably means a mod should be calling ResourcePackLoader.createPackForMod instead. Applying workaround.
[09Jul2025 10:58:37.388] [main/WARN] [ModernFix/]: PathResourcePack base class instantiated with root path of mod file refinedstorage-1.10.6.jar. This probably means a mod should be calling ResourcePackLoader.createPackForMod instead. Applying workaround.
[09Jul2025 10:58:37.388] [main/WARN] [ModernFix/]: PathResourcePack base class instantiated with root path of mod file durabilitytooltip-1.1.4-forge-mc1.18.jar. This probably means a mod should be calling ResourcePackLoader.createPackForMod instead. Applying workaround.
[09Jul2025 10:58:37.389] [main/WARN] [ModernFix/]: PathResourcePack base class instantiated with root path of mod file novillagerdm-1.18.1-3.0.0.jar. This probably means a mod should be calling ResourcePackLoader.createPackForMod instead. Applying workaround.
[09Jul2025 10:58:37.389] [main/WARN] [ModernFix/]: PathResourcePack base class instantiated with root path of mod file corpse-1.18.2-1.0.1.jar. This probably means a mod should be calling ResourcePackLoader.createPackForMod instead. Applying workaround.
[09Jul2025 10:58:37.390] [main/WARN] [ModernFix/]: PathResourcePack base class instantiated with root path of mod file BetterCompatibilityChecker-1.1.21-build.48+mc1.18.2.jar. This probably means a mod should be calling ResourcePackLoader.createPackForMod instead. Applying workaround.
[09Jul2025 10:58:37.390] [main/WARN] [ModernFix/]: PathResourcePack base class instantiated with root path of mod file BiomesOPlenty-1.18.2-16.0.0.109-universal.jar. This probably means a mod should be calling ResourcePackLoader.createPackForMod instead. Applying workaround.
[09Jul2025 10:58:37.391] [main/WARN] [ModernFix/]: PathResourcePack base class instantiated with root path of mod file supermartijn642corelib-1.1.12-forge-mc1.18.jar. This probably means a mod should be calling ResourcePackLoader.createPackForMod instead. Applying workaround.
[09Jul2025 10:58:37.391] [main/WARN] [ModernFix/]: PathResourcePack base class instantiated with root path of mod file spark-1.10.38-forge.jar. This probably means a mod should be calling ResourcePackLoader.createPackForMod instead. Applying workaround.
[09Jul2025 10:58:37.392] [main/WARN] [ModernFix/]: PathResourcePack base class instantiated with root path of mod file lightspeed-1.18.2-1.0.5.jar. This probably means a mod should be calling ResourcePackLoader.createPackForMod instead. Applying workaround.
[09Jul2025 10:58:37.392] [main/WARN] [ModernFix/]: PathResourcePack base class instantiated with root path of mod file curios-forge-1.18.2-5.0.7.1.jar. This probably means a mod should be calling ResourcePackLoader.createPackForMod instead. Applying workaround.
[09Jul2025 10:58:37.393] [main/WARN] [ModernFix/]: PathResourcePack base class instantiated with root path of mod file DietaryStatistics+1.0.2.jar. This probably means a mod should be calling ResourcePackLoader.createPackForMod instead. Applying workaround.
[09Jul2025 10:58:37.393] [main/WARN] [ModernFix/]: PathResourcePack base class instantiated with root path of mod file ThirstWasTaken-1.18.2-1.3.4.jar. This probably means a mod should be calling ResourcePackLoader.createPackForMod instead. Applying workaround.
[09Jul2025 10:58:37.393] [main/WARN] [ModernFix/]: PathResourcePack base class instantiated with root path of mod file Atlas-Lib-1.18.2-1.1.8.jar. This probably means a mod should be calling ResourcePackLoader.createPackForMod instead. Applying workaround.
[09Jul2025 10:58:37.394] [main/WARN] [ModernFix/]: PathResourcePack base class instantiated with root path of mod file pluto-mc1.18.2-0.0.6.jar. This probably means a mod should be calling ResourcePackLoader.createPackForMod instead. Applying workaround.
[09Jul2025 10:58:37.394] [main/WARN] [ModernFix/]: PathResourcePack base class instantiated with root path of mod file cfm-7.0.0-pre35-1.18.2.jar. This probably means a mod should be calling ResourcePackLoader.createPackForMod instead. Applying workaround.
[09Jul2025 10:58:37.395] [main/WARN] [ModernFix/]: PathResourcePack base class instantiated with root path of mod file EnhancedAI-1.6.11-mc1.18.2.jar. This probably means a mod should be calling ResourcePackLoader.createPackForMod instead. Applying workaround.
[09Jul2025 10:58:37.395] [main/WARN] [ModernFix/]: PathResourcePack base class instantiated with root path of mod file mobtimizations-forge-1.18.2-1.0.0.jar. This probably means a mod should be calling ResourcePackLoader.createPackForMod instead. Applying workaround.
[09Jul2025 10:58:37.396] [main/WARN] [ModernFix/]: PathResourcePack base class instantiated with root path of mod file FastLeafDecay-28.jar. This probably means a mod should be calling ResourcePackLoader.createPackForMod instead. Applying workaround.
[09Jul2025 10:58:37.396] [main/WARN] [ModernFix/]: PathResourcePack base class instantiated with root path of mod file YungsBetterMineshafts-1.18.2-Forge-2.2.jar. This probably means a mod should be calling ResourcePackLoader.createPackForMod instead. Applying workaround.
[09Jul2025 10:58:37.397] [main/WARN] [ModernFix/]: PathResourcePack base class instantiated with root path of mod file geckolib-forge-1.18-3.0.57.jar. This probably means a mod should be calling ResourcePackLoader.createPackForMod instead. Applying workaround.
[09Jul2025 10:58:37.397] [main/WARN] [ModernFix/]: PathResourcePack base class instantiated with root path of mod file Kiwi-1.18.2-forge-6.1.3.jar. This probably means a mod should be calling ResourcePackLoader.createPackForMod instead. Applying workaround.
[09Jul2025 10:58:37.398] [main/WARN] [ModernFix/]: PathResourcePack base class instantiated with root path of mod file puffish_skills-0.10.0-1.18.2-forge.jar. This probably means a mod should be calling ResourcePackLoader.createPackForMod instead. Applying workaround.
[09Jul2025 10:58:37.398] [main/WARN] [ModernFix/]: PathResourcePack base class instantiated with root path of mod file createbigcannons-forge-1.18.2-0.5.3.b.jar. This probably means a mod should be calling ResourcePackLoader.createPackForMod instead. Applying workaround.
[09Jul2025 10:58:37.398] [main/WARN] [ModernFix/]: PathResourcePack base class instantiated with root path of mod file cgm-1.3.3-1.18.2.jar. This probably means a mod should be calling ResourcePackLoader.createPackForMod instead. Applying workaround.
[09Jul2025 10:58:37.399] [main/WARN] [ModernFix/]: PathResourcePack base class instantiated with root path of mod file harvestwithease-1.18.2-6.1.0.0-forge.jar. This probably means a mod should be calling ResourcePackLoader.createPackForMod instead. Applying workaround.
[09Jul2025 10:58:37.399] [main/WARN] [ModernFix/]: PathResourcePack base class instantiated with root path of mod file treeharvester-1.18.2-8.1.jar. This probably means a mod should be calling ResourcePackLoader.createPackForMod instead. Applying workaround.
[09Jul2025 10:58:37.399] [main/WARN] [ModernFix/]: PathResourcePack base class instantiated with root path of mod file jei-1.18.2-forge-10.2.1.1005.jar. This probably means a mod should be calling ResourcePackLoader.createPackForMod instead. Applying workaround.
[09Jul2025 10:58:37.399] [main/WARN] [ModernFix/]: PathResourcePack base class instantiated with root path of mod file vmh-1.2.2-1.18.2.jar. This probably means a mod should be calling ResourcePackLoader.createPackForMod instead. Applying workaround.
[09Jul2025 10:58:37.400] [main/WARN] [ModernFix/]: PathResourcePack base class instantiated with root path of mod file Nameless+Trinkets-1.18.2-1.7.5.jar. This probably means a mod should be calling ResourcePackLoader.createPackForMod instead. Applying workaround.
[09Jul2025 10:58:37.400] [main/WARN] [ModernFix/]: PathResourcePack base class instantiated with root path of mod file AttributeFix-Forge-1.18.2-14.0.2.jar. This probably means a mod should be calling ResourcePackLoader.createPackForMod instead. Applying workaround.
[09Jul2025 10:58:37.400] [main/WARN] [ModernFix/]: PathResourcePack base class instantiated with root path of mod file Pehkui-3.7.11+1.18.2-forge.jar. This probably means a mod should be calling ResourcePackLoader.createPackForMod instead. Applying workaround.
[09Jul2025 10:58:37.400] [main/WARN] [ModernFix/]: PathResourcePack base class instantiated with root path of mod file fastasyncworldsave-1.18.2-1.2.jar. This probably means a mod should be calling ResourcePackLoader.createPackForMod instead. Applying workaround.
[09Jul2025 10:58:37.400] [main/WARN] [ModernFix/]: PathResourcePack base class instantiated with root path of mod file NaturesCompass-1.18.2-1.9.7-forge.jar. This probably means a mod should be calling ResourcePackLoader.createPackForMod instead. Applying workaround.
[09Jul2025 10:58:37.400] [main/WARN] [ModernFix/]: PathResourcePack base class instantiated with root path of mod file Serene+Seasons-1.18.2-7.0.0.13.jar. This probably means a mod should be calling ResourcePackLoader.createPackForMod instead. Applying workaround.
[09Jul2025 10:58:37.401] [main/WARN] [ModernFix/]: PathResourcePack base class instantiated with root path of mod file starlight-1.0.2+forge.546ae87.jar. This probably means a mod should be calling ResourcePackLoader.createPackForMod instead. Applying workaround.
[09Jul2025 10:58:37.402] [main/WARN] [ModernFix/]: PathResourcePack base class instantiated with root path of mod file BeeFix-1.18-1.0.7.jar. This probably means a mod should be calling ResourcePackLoader.createPackForMod instead. Applying workaround.
[09Jul2025 10:58:37.402] [main/WARN] [ModernFix/]: PathResourcePack base class instantiated with root path of mod file ClickMachine-1.18.2-6.0.5.jar. This probably means a mod should be calling ResourcePackLoader.createPackForMod instead. Applying workaround.
[09Jul2025 10:58:37.402] [main/WARN] [ModernFix/]: PathResourcePack base class instantiated with root path of mod file JEITweaker-1.18.2-3.0.0.9.jar. This probably means a mod should be calling ResourcePackLoader.createPackForMod instead. Applying workaround.
[09Jul2025 10:58:37.403] [main/WARN] [ModernFix/]: PathResourcePack base class instantiated with root path of mod file CraftTweaker-forge-1.18.2-9.1.211.jar. This probably means a mod should be calling ResourcePackLoader.createPackForMod instead. Applying workaround.
[09Jul2025 10:58:37.403] [main/WARN] [ModernFix/]: PathResourcePack base class instantiated with root path of mod file ImmersivePetroleum-1.18.2-4.2.0-25.jar. This probably means a mod should be calling ResourcePackLoader.createPackForMod instead. Applying workaround.
[09Jul2025 10:58:37.404] [main/WARN] [ModernFix/]: PathResourcePack base class instantiated with root path of mod file forge-1.18.2-40.2.21-universal.jar. This probably means a mod should be calling ResourcePackLoader.createPackForMod instead. Applying workaround.
[09Jul2025 10:58:37.404] [main/WARN] [ModernFix/]: PathResourcePack base class instantiated with root path of mod file chalk-1.18.2-1.4.2.jar. This probably means a mod should be calling ResourcePackLoader.createPackForMod instead. Applying workaround.
[09Jul2025 10:58:37.405] [main/WARN] [ModernFix/]: PathResourcePack base class instantiated with root path of mod file THEUNDEADREVAMPED_0.9e_1.18.2.jar. This probably means a mod should be calling ResourcePackLoader.createPackForMod instead. Applying workaround.
[09Jul2025 10:58:37.405] [main/WARN] [ModernFix/]: PathResourcePack base class instantiated with root path of mod file Log-Begone-Forge-1.18-1.0.4.jar. This probably means a mod should be calling ResourcePackLoader.createPackForMod instead. Applying workaround.
[09Jul2025 10:58:37.406] [main/WARN] [ModernFix/]: PathResourcePack base class instantiated with root path of mod file smoothchunk-1.18.2-1.9.jar. This probably means a mod should be calling ResourcePackLoader.createPackForMod instead. Applying workaround.
[09Jul2025 10:58:37.406] [main/WARN] [ModernFix/]: PathResourcePack base class instantiated with root path of mod file SimpleBackups-1.18.2-1.1.9.jar. This probably means a mod should be calling ResourcePackLoader.createPackForMod instead. Applying workaround.
[09Jul2025 10:58:37.406] [main/WARN] [ModernFix/]: PathResourcePack base class instantiated with root path of mod file voicechat-forge-1.18.2-2.4.28.jar. This probably means a mod should be calling ResourcePackLoader.createPackForMod instead. Applying workaround.
[09Jul2025 10:58:37.407] [main/WARN] [ModernFix/]: PathResourcePack base class instantiated with root path of mod file theoneprobe-1.18-5.1.2.jar. This probably means a mod should be calling ResourcePackLoader.createPackForMod instead. Applying workaround.
[09Jul2025 10:58:37.407] [main/WARN] [ModernFix/]: PathResourcePack base class instantiated with root path of mod file TerraBlender-forge-1.18.2-1.2.0.126.jar. This probably means a mod should be calling ResourcePackLoader.createPackForMod instead. Applying workaround.
[09Jul2025 10:58:37.408] [main/WARN] [ModernFix/]: PathResourcePack base class instantiated with root path of mod file MouseTweaks-forge-mc1.18-2.21.jar. This probably means a mod should be calling ResourcePackLoader.createPackForMod instead. Applying workaround.
[09Jul2025 10:58:37.408] [main/WARN] [ModernFix/]: PathResourcePack base class instantiated with root path of mod file bettercombat-forge-1.6.2+1.18.2.jar. This probably means a mod should be calling ResourcePackLoader.createPackForMod instead. Applying workaround.
[09Jul2025 10:58:37.408] [main/WARN] [ModernFix/]: PathResourcePack base class instantiated with root path of mod file DeceasedCraftFixes-1.0.7+1.18.2.jar. This probably means a mod should be calling ResourcePackLoader.createPackForMod instead. Applying workaround.
[09Jul2025 10:58:37.409] [main/WARN] [ModernFix/]: PathResourcePack base class instantiated with root path of mod file CreateTweaker-1.18.2-2.0.0.20.jar. This probably means a mod should be calling ResourcePackLoader.createPackForMod instead. Applying workaround.
[09Jul2025 10:58:37.409] [main/WARN] [ModernFix/]: PathResourcePack base class instantiated with root path of mod file kffmod-3.10.0.jar. This probably means a mod should be calling ResourcePackLoader.createPackForMod instead. Applying workaround.
[09Jul2025 10:58:37.410] [main/WARN] [ModernFix/]: PathResourcePack base class instantiated with root path of mod file pipez-1.18.2-1.1.5.jar. This probably means a mod should be calling ResourcePackLoader.createPackForMod instead. Applying workaround.
[09Jul2025 10:58:37.410] [main/WARN] [ModernFix/]: PathResourcePack base class instantiated with root path of mod file flywheel-forge-1.18.2-0.6.10-105.jar. This probably means a mod should be calling ResourcePackLoader.createPackForMod instead. Applying workaround.
[09Jul2025 10:58:37.411] [main/WARN] [ModernFix/]: PathResourcePack base class instantiated with root path of mod file polymorph-forge-1.18.2-0.46.jar. This probably means a mod should be calling ResourcePackLoader.createPackForMod instead. Applying workaround.
[09Jul2025 10:58:37.411] [main/WARN] [ModernFix/]: PathResourcePack base class instantiated with root path of mod file AutoRegLib-1.7-53.jar. This probably means a mod should be calling ResourcePackLoader.createPackForMod instead. Applying workaround.
[09Jul2025 10:58:37.411] [main/WARN] [ModernFix/]: PathResourcePack base class instantiated with root path of mod file [1.18.2]+SecurityCraft+v1.9.7.jar. This probably means a mod should be calling ResourcePackLoader.createPackForMod instead. Applying workaround.
[09Jul2025 10:58:37.412] [main/WARN] [ModernFix/]: PathResourcePack base class instantiated with root path of mod file crittersandcompanions-1.18.2-1.0.2.jar. This probably means a mod should be calling ResourcePackLoader.createPackForMod instead. Applying workaround.
[09Jul2025 10:58:37.412] [main/WARN] [ModernFix/]: PathResourcePack base class instantiated with root path of mod file canary-mc1.18.2-0.3.3.jar. This probably means a mod should be calling ResourcePackLoader.createPackForMod instead. Applying workaround.
[09Jul2025 10:58:37.413] [main/WARN] [ModernFix/]: PathResourcePack base class instantiated with root path of mod file FastFurnace-1.18.2-6.0.3.jar. This probably means a mod should be calling ResourcePackLoader.createPackForMod instead. Applying workaround.
[09Jul2025 10:58:37.413] [main/WARN] [ModernFix/]: PathResourcePack base class instantiated with root path of mod file lootr-1.18.2-0.3.25.63.jar. This probably means a mod should be calling ResourcePackLoader.createPackForMod instead. Applying workaround.
[09Jul2025 10:58:37.413] [main/WARN] [ModernFix/]: PathResourcePack base class instantiated with root path of mod file ColdSweat-2.2.5.1.jar. This probably means a mod should be calling ResourcePackLoader.createPackForMod instead. Applying workaround.
[09Jul2025 10:58:37.413] [main/WARN] [ModernFix/]: PathResourcePack base class instantiated with root path of mod file CosmeticArmorReworked-1.18.2-v2a.jar. This probably means a mod should be calling ResourcePackLoader.createPackForMod instead. Applying workaround.
[09Jul2025 10:58:37.414] [main/WARN] [ModernFix/]: PathResourcePack base class instantiated with root path of mod file xptome-1.18.2-2.1.7.jar. This probably means a mod should be calling ResourcePackLoader.createPackForMod instead. Applying workaround.
[09Jul2025 10:58:37.414] [main/WARN] [ModernFix/]: PathResourcePack base class instantiated with root path of mod file Zombie+Extreme+1.18.2+0.2.4.jar. This probably means a mod should be calling ResourcePackLoader.createPackForMod instead. Applying workaround.
[09Jul2025 10:58:37.415] [main/WARN] [ModernFix/]: PathResourcePack base class instantiated with root path of mod file incontrol-1.18-6.1.13.jar. This probably means a mod should be calling ResourcePackLoader.createPackForMod instead. Applying workaround.
[09Jul2025 10:58:37.415] [main/WARN] [ModernFix/]: PathResourcePack base class instantiated with root path of mod file connectivity-1.18.2-3.2.jar. This probably means a mod should be calling ResourcePackLoader.createPackForMod instead. Applying workaround.
[09Jul2025 10:58:37.416] [main/WARN] [ModernFix/]: PathResourcePack base class instantiated with root path of mod file sophisticatedcore-1.18.2-0.5.106.502.jar. This probably means a mod should be calling ResourcePackLoader.createPackForMod instead. Applying workaround.
[09Jul2025 10:58:37.416] [main/WARN] [ModernFix/]: PathResourcePack base class instantiated with root path of mod file InsaneLib-1.5.3-mc1.18.2.jar. This probably means a mod should be calling ResourcePackLoader.createPackForMod instead. Applying workaround.
[09Jul2025 10:58:37.416] [main/WARN] [ModernFix/]: PathResourcePack base class instantiated with root path of mod file structureessentials-1.18.2-3.0.jar. This probably means a mod should be calling ResourcePackLoader.createPackForMod instead. Applying workaround.
[09Jul2025 10:58:37.417] [main/WARN] [ModernFix/]: PathResourcePack base class instantiated with root path of mod file nanhealthfixer-1.18.2-0.0.1.jar. This probably means a mod should be calling ResourcePackLoader.createPackForMod instead. Applying workaround.
[09Jul2025 10:58:37.417] [main/WARN] [ModernFix/]: PathResourcePack base class instantiated with root path of mod file ritchiesprojectilelib-1.0.0-3a68f88+1.18.2-forge.jar. This probably means a mod should be calling ResourcePackLoader.createPackForMod instead. Applying workaround.
[09Jul2025 10:58:37.417] [main/WARN] [ModernFix/]: PathResourcePack base class instantiated with root path of mod file XaerosWorldMap_1.37.3_Forge_1.18.2.jar. This probably means a mod should be calling ResourcePackLoader.createPackForMod instead. Applying workaround.
[09Jul2025 10:58:37.417] [main/WARN] [ModernFix/]: PathResourcePack base class instantiated with root path of mod file EnhancedVisuals_FORGE_v1.6.4_mc1.18.2.jar. This probably means a mod should be calling ResourcePackLoader.createPackForMod instead. Applying workaround.
[09Jul2025 10:58:37.418] [main/WARN] [ModernFix/]: PathResourcePack base class instantiated with root path of mod file Placebo-1.18.2-6.6.6.jar. This probably means a mod should be calling ResourcePackLoader.createPackForMod instead. Applying workaround.
[09Jul2025 10:58:37.418] [main/WARN] [ModernFix/]: PathResourcePack base class instantiated with root path of mod file citadel-1.11.3-1.18.2.jar. This probably means a mod should be calling ResourcePackLoader.createPackForMod instead. Applying workaround.
[09Jul2025 10:58:37.418] [main/WARN] [ModernFix/]: PathResourcePack base class instantiated with root path of mod file alexsmobs-1.18.6.jar. This probably means a mod should be calling ResourcePackLoader.createPackForMod instead. Applying workaround.
[09Jul2025 10:58:37.418] [main/WARN] [ModernFix/]: PathResourcePack base class instantiated with root path of mod file zombieawareness-1.18.1-1.12.3.jar. This probably means a mod should be calling ResourcePackLoader.createPackForMod instead. Applying workaround.
[09Jul2025 10:58:37.418] [main/WARN] [ModernFix/]: PathResourcePack base class instantiated with root path of mod file mixinextras-forge-0.4.0-beta.2.jar. This probably means a mod should be calling ResourcePackLoader.createPackForMod instead. Applying workaround.
[09Jul2025 10:58:37.418] [main/WARN] [ModernFix/]: PathResourcePack base class instantiated with root path of mod file sophisticatedbackpacks-1.18.2-3.19.1.959.jar. This probably means a mod should be calling ResourcePackLoader.createPackForMod instead. Applying workaround.
[09Jul2025 10:58:37.419] [main/WARN] [ModernFix/]: PathResourcePack base class instantiated with root path of mod file simpleplanes-1.18.2-5.2.1.jar. This probably means a mod should be calling ResourcePackLoader.createPackForMod instead. Applying workaround.
[09Jul2025 10:58:37.419] [main/WARN] [ModernFix/]: PathResourcePack base class instantiated with root path of mod file Steam_Rails-1.4.8+forge-mc1.18.2-build.23.jar. This probably means a mod should be calling ResourcePackLoader.createPackForMod instead. Applying workaround.
[09Jul2025 10:58:37.419] [main/WARN] [ModernFix/]: PathResourcePack base class instantiated with root path of mod file carryon-1.18.2-1.17.0.8.jar. This probably means a mod should be calling ResourcePackLoader.createPackForMod instead. Applying workaround.
[09Jul2025 10:58:37.419] [main/WARN] [ModernFix/]: PathResourcePack base class instantiated with root path of mod file paladin-furniture-mod-1.2.1-forge-mc1.18.2.jar. This probably means a mod should be calling ResourcePackLoader.createPackForMod instead. Applying workaround.
[09Jul2025 10:58:37.419] [main/WARN] [ModernFix/]: PathResourcePack base class instantiated with root path of mod file MmmMmmMmmMmm-1.18.2-1.5.2.jar. This probably means a mod should be calling ResourcePackLoader.createPackForMod instead. Applying workaround.
[09Jul2025 10:58:37.420] [main/WARN] [ModernFix/]: PathResourcePack base class instantiated with root path of mod file OreTweaker-1.18.2-3.4.0.jar. This probably means a mod should be calling ResourcePackLoader.createPackForMod instead. Applying workaround.
[09Jul2025 10:58:37.420] [main/WARN] [ModernFix/]: PathResourcePack base class instantiated with root path of mod file FarmersDelight-1.18.2-1.2.3.jar. This probably means a mod should be calling ResourcePackLoader.createPackForMod instead. Applying workaround.
[09Jul2025 10:58:37.420] [main/WARN] [ModernFix/]: PathResourcePack base class instantiated with root path of mod file getittogetherdrops-forge-1.18.2-1.3.jar. This probably means a mod should be calling ResourcePackLoader.createPackForMod instead. Applying workaround.
[09Jul2025 10:58:37.420] [main/WARN] [ModernFix/]: PathResourcePack base class instantiated with root path of mod file customportalapi-0.0.5-forge-1.18.2.jar. This probably means a mod should be calling ResourcePackLoader.createPackForMod instead. Applying workaround.
[09Jul2025 10:58:37.420] [main/WARN] [ModernFix/]: PathResourcePack base class instantiated with root path of mod file simpleshops-1.2.1.jar. This probably means a mod should be calling ResourcePackLoader.createPackForMod instead. Applying workaround.
[09Jul2025 10:58:37.420] [main/WARN] [ModernFix/]: PathResourcePack base class instantiated with root path of mod file Chunky-1.2.164.jar. This probably means a mod should be calling ResourcePackLoader.createPackForMod instead. Applying workaround.
[09Jul2025 10:58:37.420] [main/WARN] [ModernFix/]: PathResourcePack base class instantiated with root path of mod file Apocalyspe_Now_1.18.2_v2.0.7.jar. This probably means a mod should be calling ResourcePackLoader.createPackForMod instead. Applying workaround.
[09Jul2025 10:58:37.420] [main/WARN] [ModernFix/]: PathResourcePack base class instantiated with root path of mod file simplylight-1.18.2-1.4.5-build.43.jar. This probably means a mod should be calling ResourcePackLoader.createPackForMod instead. Applying workaround.
[09Jul2025 10:58:37.420] [main/WARN] [ModernFix/]: PathResourcePack base class instantiated with root path of mod file Patchouli-1.18.2-71.1.jar. This probably means a mod should be calling ResourcePackLoader.createPackForMod instead. Applying workaround.
[09Jul2025 10:58:37.421] [main/WARN] [ModernFix/]: PathResourcePack base class instantiated with root path of mod file collective-1.18.2-6.53.jar. This probably means a mod should be calling ResourcePackLoader.createPackForMod instead. Applying workaround.
[09Jul2025 10:58:37.421] [main/WARN] [ModernFix/]: PathResourcePack base class instantiated with root path of mod file camera-1.18.2-1.0.5.jar. This probably means a mod should be calling ResourcePackLoader.createPackForMod instead. Applying workaround.
[09Jul2025 10:58:37.421] [main/WARN] [ModernFix/]: PathResourcePack base class instantiated with root path of mod file Xaeros_Minimap_FP23.9.4_Forge_1.18.2.jar. This probably means a mod should be calling ResourcePackLoader.createPackForMod instead. Applying workaround.
[09Jul2025 10:58:37.421] [main/WARN] [ModernFix/]: PathResourcePack base class instantiated with root path of mod file lostcities-1.18-5.3.29.jar. This probably means a mod should be calling ResourcePackLoader.createPackForMod instead. Applying workaround.
[09Jul2025 10:58:37.421] [main/WARN] [ModernFix/]: PathResourcePack base class instantiated with root path of mod file lostsouls-1.18-2.0.5.jar. This probably means a mod should be calling ResourcePackLoader.createPackForMod instead. Applying workaround.
[09Jul2025 10:58:37.421] [main/WARN] [ModernFix/]: PathResourcePack base class instantiated with root path of mod file starterkit-1.18.2-5.2.jar. This probably means a mod should be calling ResourcePackLoader.createPackForMod instead. Applying workaround.
[09Jul2025 10:58:37.421] [main/WARN] [ModernFix/]: PathResourcePack base class instantiated with root path of mod file architectury-4.11.93-forge.jar. This probably means a mod should be calling ResourcePackLoader.createPackForMod instead. Applying workaround.
[09Jul2025 10:58:37.421] [main/WARN] [ModernFix/]: PathResourcePack base class instantiated with root path of mod file ftb-library-forge-1802.3.9-build.167.jar. This probably means a mod should be calling ResourcePackLoader.createPackForMod instead. Applying workaround.
[09Jul2025 10:58:37.421] [main/WARN] [ModernFix/]: PathResourcePack base class instantiated with root path of mod file customvillagertrades-forge-18.24.0.jar. This probably means a mod should be calling ResourcePackLoader.createPackForMod instead. Applying workaround.
[09Jul2025 10:58:37.422] [main/WARN] [ModernFix/]: PathResourcePack base class instantiated with root path of mod file ftb-teams-forge-1802.2.9-build.88.jar. This probably means a mod should be calling ResourcePackLoader.createPackForMod instead. Applying workaround.
[09Jul2025 10:58:37.422] [main/WARN] [ModernFix/]: PathResourcePack base class instantiated with root path of mod file spacecatasb-forge-18.13.1.jar. This probably means a mod should be calling ResourcePackLoader.createPackForMod instead. Applying workaround.
[09Jul2025 10:58:37.422] [main/WARN] [ModernFix/]: PathResourcePack base class instantiated with root path of mod file AI-Improvements-1.18.2-0.5.2.jar. This probably means a mod should be calling ResourcePackLoader.createPackForMod instead. Applying workaround.
[09Jul2025 10:58:37.422] [main/WARN] [ModernFix/]: PathResourcePack base class instantiated with root path of mod file cupboard-1.18.2-1.5.jar. This probably means a mod should be calling ResourcePackLoader.createPackForMod instead. Applying workaround.
[09Jul2025 10:58:37.423] [main/WARN] [ModernFix/]: PathResourcePack base class instantiated with root path of mod file trashcans-1.0.18-forge-mc1.18.jar. This probably means a mod should be calling ResourcePackLoader.createPackForMod instead. Applying workaround.
[09Jul2025 10:58:37.423] [main/WARN] [ModernFix/]: PathResourcePack base class instantiated with root path of mod file framework-0.4.2-1.18.2.jar. This probably means a mod should be calling ResourcePackLoader.createPackForMod instead. Applying workaround.
[09Jul2025 10:58:37.423] [main/WARN] [ModernFix/]: PathResourcePack base class instantiated with root path of mod file AnvilNeverTooExpensive-1.18-1.1.jar. This probably means a mod should be calling ResourcePackLoader.createPackForMod instead. Applying workaround.
[09Jul2025 10:58:37.424] [main/WARN] [ModernFix/]: PathResourcePack base class instantiated with root path of mod file rhino-forge-1802.2.1-build.255.jar. This probably means a mod should be calling ResourcePackLoader.createPackForMod instead. Applying workaround.
[09Jul2025 10:58:37.424] [main/WARN] [ModernFix/]: PathResourcePack base class instantiated with root path of mod file kubejs-forge-1802.5.5-build.567.jar. This probably means a mod should be calling ResourcePackLoader.createPackForMod instead. Applying workaround.
[09Jul2025 10:58:37.424] [main/WARN] [ModernFix/]: PathResourcePack base class instantiated with root path of mod file trashslot-forge-1.18.2-11.0.3.jar. This probably means a mod should be calling ResourcePackLoader.createPackForMod instead. Applying workaround.
[09Jul2025 10:58:37.424] [main/WARN] [ModernFix/]: PathResourcePack base class instantiated with root path of mod file ReadyPlayerFun-1.18.2-1.4.1.9.jar. This probably means a mod should be calling ResourcePackLoader.createPackForMod instead. Applying workaround.
[09Jul2025 10:58:37.424] [main/WARN] [ModernFix/]: PathResourcePack base class instantiated with root path of mod file spiderstpo-1.18.2-2.0.3.jar. This probably means a mod should be calling ResourcePackLoader.createPackForMod instead. Applying workaround.
[09Jul2025 10:58:37.424] [main/WARN] [ModernFix/]: PathResourcePack base class instantiated with root path of mod file item-filters-forge-1802.2.8-build.47.jar. This probably means a mod should be calling ResourcePackLoader.createPackForMod instead. Applying workaround.
[09Jul2025 10:58:37.425] [main/WARN] [ModernFix/]: PathResourcePack base class instantiated with root path of mod file ftb-quests-forge-1802.3.15-build.298.jar. This probably means a mod should be calling ResourcePackLoader.createPackForMod instead. Applying workaround.
[09Jul2025 10:58:37.425] [main/WARN] [ModernFix/]: PathResourcePack base class instantiated with root path of mod file tac-0.3.10.1-1.18.2.jar. This probably means a mod should be calling ResourcePackLoader.createPackForMod instead. Applying workaround.
[09Jul2025 10:58:37.425] [main/WARN] [ModernFix/]: PathResourcePack base class instantiated with root path of mod file create-1.18.2-0.5.1.f.jar. This probably means a mod should be calling ResourcePackLoader.createPackForMod instead. Applying workaround.
[09Jul2025 10:58:37.425] [main/WARN] [ModernFix/]: PathResourcePack base class instantiated with root path of mod file createdeco-1.3.3-1.18.2.jar. This probably means a mod should be calling ResourcePackLoader.createPackForMod instead. Applying workaround.
[09Jul2025 10:58:37.425] [main/WARN] [ModernFix/]: PathResourcePack base class instantiated with root path of mod file create_central_kitchen-1.18.2-for-create-0.5.1.f-1.3.9.d.jar. This probably means a mod should be calling ResourcePackLoader.createPackForMod instead. Applying workaround.
[09Jul2025 10:58:37.425] [main/WARN] [ModernFix/]: PathResourcePack base class instantiated with root path of mod file BuildersDelight-1.18.2-v.1.0.jar. This probably means a mod should be calling ResourcePackLoader.createPackForMod instead. Applying workaround.
[09Jul2025 10:58:37.426] [main/WARN] [ModernFix/]: PathResourcePack base class instantiated with root path of mod file FastSuite-1.18.2-3.0.2.jar. This probably means a mod should be calling ResourcePackLoader.createPackForMod instead. Applying workaround.
[09Jul2025 10:58:37.426] [main/WARN] [ModernFix/]: PathResourcePack base class instantiated with root path of mod file Clumps-forge-1.18.2-8.0.0+17.jar. This probably means a mod should be calling ResourcePackLoader.createPackForMod instead. Applying workaround.
[09Jul2025 10:58:37.426] [main/WARN] [ModernFix/]: PathResourcePack base class instantiated with root path of mod file comforts-forge-1.18.2-5.0.0.6.jar. This probably means a mod should be calling ResourcePackLoader.createPackForMod instead. Applying workaround.
[09Jul2025 10:58:37.426] [main/WARN] [ModernFix/]: PathResourcePack base class instantiated with root path of mod file artifacts-1.18.2-4.2.0.jar. This probably means a mod should be calling ResourcePackLoader.createPackForMod instead. Applying workaround.
[09Jul2025 10:58:37.426] [main/WARN] [ModernFix/]: PathResourcePack base class instantiated with root path of mod file alternate-current-mc1.18-1.2.1.jar. This probably means a mod should be calling ResourcePackLoader.createPackForMod instead. Applying workaround.
[09Jul2025 10:58:37.426] [main/WARN] [ModernFix/]: PathResourcePack base class instantiated with root path of mod file configured-2.0.0-1.18.2.jar. This probably means a mod should be calling ResourcePackLoader.createPackForMod instead. Applying workaround.
[09Jul2025 10:58:37.426] [main/WARN] [ModernFix/]: PathResourcePack base class instantiated with root path of mod file lazydfu-1.0-1.18+.jar. This probably means a mod should be calling ResourcePackLoader.createPackForMod instead. Applying workaround.
[09Jul2025 10:58:37.427] [main/WARN] [ModernFix/]: PathResourcePack base class instantiated with root path of mod file ExplorersCompass-1.18.2-1.3.0-forge.jar. This probably means a mod should be calling ResourcePackLoader.createPackForMod instead. Applying workaround.
[09Jul2025 10:58:37.427] [main/WARN] [ModernFix/]: PathResourcePack base class instantiated with root path of mod file drg_flares-1.18-forge-1.2.2.jar. This probably means a mod should be calling ResourcePackLoader.createPackForMod instead. Applying workaround.
[09Jul2025 10:58:37.427] [main/WARN] [ModernFix/]: PathResourcePack base class instantiated with root path of mod file mapperbase-1.18.2-4.0.1.0.jar. This probably means a mod should be calling ResourcePackLoader.createPackForMod instead. Applying workaround.
[09Jul2025 10:58:37.427] [main/WARN] [ModernFix/]: PathResourcePack base class instantiated with root path of mod file embellishcraft-1.18.2-5.0.1.0.jar. This probably means a mod should be calling ResourcePackLoader.createPackForMod instead. Applying workaround.
[09Jul2025 10:58:37.427] [main/WARN] [ModernFix/]: PathResourcePack base class instantiated with root path of mod file fixedanvilrepaircost-1.18.2-3.1.jar. This probably means a mod should be calling ResourcePackLoader.createPackForMod instead. Applying workaround.
[09Jul2025 10:58:37.427] [main/WARN] [ModernFix/]: PathResourcePack base class instantiated with root path of mod file watut-forge-1.18.2-1.0.14.jar. This probably means a mod should be calling ResourcePackLoader.createPackForMod instead. Applying workaround.
[09Jul2025 10:58:37.428] [main/WARN] [ModernFix/]: PathResourcePack base class instantiated with root path of mod file firstaid-1.11.1.jar. This probably means a mod should be calling ResourcePackLoader.createPackForMod instead. Applying workaround.
[09Jul2025 10:58:37.428] [main/WARN] [ModernFix/]: PathResourcePack base class instantiated with root path of mod file toofast-1.18-0.0.1.3.jar. This probably means a mod should be calling ResourcePackLoader.createPackForMod instead. Applying workaround.
[09Jul2025 10:58:37.428] [main/WARN] [ModernFix/]: PathResourcePack base class instantiated with root path of mod file jeimultiblocks-1.18.2-0.0.2.jar. This probably means a mod should be calling ResourcePackLoader.createPackForMod instead. Applying workaround.
[09Jul2025 10:58:37.428] [main/WARN] [ModernFix/]: PathResourcePack base class instantiated with root path of mod file ImmersivePosts-1.18.2-4.3.0-3.jar. This probably means a mod should be calling ResourcePackLoader.createPackForMod instead. Applying workaround.
[09Jul2025 10:58:37.428] [main/WARN] [ModernFix/]: PathResourcePack base class instantiated with root path of mod file ImmersiveEngineering-1.18.2-8.4.0-161.jar. This probably means a mod should be calling ResourcePackLoader.createPackForMod instead. Applying workaround.
[09Jul2025 10:58:37.428] [main/WARN] [ModernFix/]: PathResourcePack base class instantiated with root path of mod file selene-1.18.2-1.17.9.jar. This probably means a mod should be calling ResourcePackLoader.createPackForMod instead. Applying workaround.
[09Jul2025 10:58:37.429] [main/WARN] [ModernFix/]: PathResourcePack base class instantiated with root path of mod file default-server-properties-1.0.1-build.10+mc1.18.2.jar. This probably means a mod should be calling ResourcePackLoader.createPackForMod instead. Applying workaround.
[09Jul2025 10:58:37.429] [main/WARN] [ModernFix/]: PathResourcePack base class instantiated with root path of mod file fxcontrol-1.18-3.0.9.jar. This probably means a mod should be calling ResourcePackLoader.createPackForMod instead. Applying workaround.
[09Jul2025 10:58:37.429] [main/WARN] [ModernFix/]: PathResourcePack base class instantiated with root path of mod file swingthroughgrass-1.18.2-1.9.1.jar. This probably means a mod should be calling ResourcePackLoader.createPackForMod instead. Applying workaround.
[09Jul2025 10:58:37.429] [main/WARN] [ModernFix/]: PathResourcePack base class instantiated with root path of mod file mixinsquared-forge-0.1.2-beta.6.jar. This probably means a mod should be calling ResourcePackLoader.createPackForMod instead. Applying workaround.
[09Jul2025 10:58:37.430] [main/WARN] [ModernFix/]: PathResourcePack base class instantiated with root path of mod file another_furniture-forge-1.2.2-1.18.2.jar. This probably means a mod should be calling ResourcePackLoader.createPackForMod instead. Applying workaround.
[09Jul2025 10:58:37.430] [main/WARN] [ModernFix/]: PathResourcePack base class instantiated with root path of mod file CreativeCore_FORGE_v2.6.15_mc1.18.2.jar. This probably means a mod should be calling ResourcePackLoader.createPackForMod instead. Applying workaround.
[09Jul2025 10:58:37.430] [main/WARN] [ModernFix/]: PathResourcePack base class instantiated with root path of mod file smoothboot(reloaded)-mc1.18.2-0.0.4.jar. This probably means a mod should be calling ResourcePackLoader.createPackForMod instead. Applying workaround.
[09Jul2025 10:58:37.430] [main/WARN] [ModernFix/]: PathResourcePack base class instantiated with root path of mod file ThisRocks-1.18.2-1.0.4.jar. This probably means a mod should be calling ResourcePackLoader.createPackForMod instead. Applying workaround.
[09Jul2025 10:58:37.430] [main/WARN] [ModernFix/]: PathResourcePack base class instantiated with root path of mod file car-1.18.2-1.0.1.jar. This probably means a mod should be calling ResourcePackLoader.createPackForMod instead. Applying workaround.
[09Jul2025 10:58:37.430] [main/WARN] [ModernFix/]: PathResourcePack base class instantiated with root path of mod file easy_villagers-1.18.2-1.0.11.jar. This probably means a mod should be calling ResourcePackLoader.createPackForMod instead. Applying workaround.
[09Jul2025 10:58:37.431] [main/WARN] [ModernFix/]: PathResourcePack base class instantiated with root path of mod file Iceberg-1.18.2-forge-1.0.49.jar. This probably means a mod should be calling ResourcePackLoader.createPackForMod instead. Applying workaround.
[09Jul2025 10:58:37.431] [main/WARN] [ModernFix/]: PathResourcePack base class instantiated with root path of mod file Quark-3.2-358.jar. This probably means a mod should be calling ResourcePackLoader.createPackForMod instead. Applying workaround.
[09Jul2025 10:58:37.431] [main/WARN] [ModernFix/]: PathResourcePack base class instantiated with root path of mod file diet-forge-1.18.2-1.3.2.1.jar. This probably means a mod should be calling ResourcePackLoader.createPackForMod instead. Applying workaround.
[09Jul2025 10:58:37.431] [main/WARN] [ModernFix/]: PathResourcePack base class instantiated with root path of mod file create-stuff-additions1.18.2_v2.0.4a.jar. This probably means a mod should be calling ResourcePackLoader.createPackForMod instead. Applying workaround.
[09Jul2025 10:58:37.431] [main/WARN] [ModernFix/]: PathResourcePack base class instantiated with root path of mod file mobsunscreen-1.18.1-3.0.4.jar. This probably means a mod should be calling ResourcePackLoader.createPackForMod instead. Applying workaround.
[09Jul2025 10:58:37.431] [main/WARN] [ModernFix/]: PathResourcePack base class instantiated with root path of mod file FastWorkbench-1.18.2-6.1.1.jar. This probably means a mod should be calling ResourcePackLoader.createPackForMod instead. Applying workaround.
[09Jul2025 10:58:37.431] [main/WARN] [ModernFix/]: PathResourcePack base class instantiated with root path of mod file StorageDrawers-1.18.2-10.2.1.jar. This probably means a mod should be calling ResourcePackLoader.createPackForMod instead. Applying workaround.
[09Jul2025 10:58:37.432] [main/WARN] [ModernFix/]: PathResourcePack base class instantiated with root path of mod file ParCool-1.18.2-3.1.0.6-R.jar. This probably means a mod should be calling ResourcePackLoader.createPackForMod instead. Applying workaround.
[09Jul2025 10:58:37.432] [main/WARN] [ModernFix/]: PathResourcePack base class instantiated with root path of mod file coroutil-forge-1.18.2-1.3.6.jar. This probably means a mod should be calling ResourcePackLoader.createPackForMod instead. Applying workaround.
[09Jul2025 10:58:37.432] [main/WARN] [ModernFix/]: PathResourcePack base class instantiated with root path of mod file Mutationcraft_1.18.2_1.0.6.jar. This probably means a mod should be calling ResourcePackLoader.createPackForMod instead. Applying workaround.
[09Jul2025 10:58:37.432] [main/WARN] [ModernFix/]: PathResourcePack base class instantiated with root path of mod file ferritecore-4.2.2-forge.jar. This probably means a mod should be calling ResourcePackLoader.createPackForMod instead. Applying workaround.
[09Jul2025 10:58:37.433] [main/WARN] [ModernFix/]: PathResourcePack base class instantiated with root path of mod file SoL-Carrot-1.18.1-1.12.0.jar. This probably means a mod should be calling ResourcePackLoader.createPackForMod instead. Applying workaround.
[09Jul2025 10:58:37.433] [main/WARN] [ModernFix/]: PathResourcePack base class instantiated with root path of mod file Enhanced_Celestials-forge-1.18.2-2.0.7.jar. This probably means a mod should be calling ResourcePackLoader.createPackForMod instead. Applying workaround.
[09Jul2025 10:58:37.433] [main/WARN] [ModernFix/]: PathResourcePack base class instantiated with root path of mod file crossbowverhaul-1.18.2-1.4.1-universal.jar. This probably means a mod should be calling ResourcePackLoader.createPackForMod instead. Applying workaround.
[09Jul2025 10:58:37.433] [main/WARN] [ModernFix/]: PathResourcePack base class instantiated with root path of mod file eh1.2-1.18.2.jar. This probably means a mod should be calling ResourcePackLoader.createPackForMod instead. Applying workaround.
[09Jul2025 10:58:37.433] [main/WARN] [ModernFix/]: PathResourcePack base class instantiated with root path of mod file expandability-6.0.0.jar. This probably means a mod should be calling ResourcePackLoader.createPackForMod instead. Applying workaround.
[09Jul2025 10:58:37.433] [main/WARN] [ModernFix/]: PathResourcePack base class instantiated with root path of mod file createaddition-1.18.2-1.0.0.jar. This probably means a mod should be calling ResourcePackLoader.createPackForMod instead. Applying workaround.
[09Jul2025 10:58:38.331] [main/INFO] [KubeJS/]: Registered custom recipe handler for type kubejs:shaped
[09Jul2025 10:58:38.331] [main/INFO] [KubeJS/]: Registered custom recipe handler for type kubejs:shapeless
[09Jul2025 10:58:38.331] [main/INFO] [KubeJS/]: Registered custom recipe handler for type minecraft:crafting_shaped
[09Jul2025 10:58:38.331] [main/INFO] [KubeJS/]: Registered custom recipe handler for type minecraft:crafting_shapeless
[09Jul2025 10:58:38.332] [main/INFO] [KubeJS/]: Registered custom recipe handler for type minecraft:stonecutting
[09Jul2025 10:58:38.332] [main/INFO] [KubeJS/]: Registered custom recipe handler for type minecraft:smelting
[09Jul2025 10:58:38.332] [main/INFO] [KubeJS/]: Registered custom recipe handler for type minecraft:blasting
[09Jul2025 10:58:38.333] [main/INFO] [KubeJS/]: Registered custom recipe handler for type minecraft:smoking
[09Jul2025 10:58:38.333] [main/INFO] [KubeJS/]: Registered custom recipe handler for type minecraft:campfire_cooking
[09Jul2025 10:58:38.334] [main/INFO] [KubeJS/]: Registered custom recipe handler for type minecraft:smithing
[09Jul2025 10:58:38.885] [main/INFO] [oretweaker/]: Filler :: stone_ore_replaceables
[09Jul2025 10:58:38.885] [main/INFO] [oretweaker/]: Filler Name :: stone_ore_replaceables
[09Jul2025 10:58:38.894] [main/INFO] [oretweaker/]: Filler :: stone_ore_replaceables
[09Jul2025 10:58:38.895] [main/INFO] [oretweaker/]: Filler Name :: stone_ore_replaceables
[09Jul2025 10:58:38.895] [main/INFO] [oretweaker/]: Filler :: base_stone_overworld
[09Jul2025 10:58:38.895] [main/INFO] [oretweaker/]: Filler Name :: base_stone_overworld
[09Jul2025 10:58:38.895] [main/INFO] [oretweaker/]: Filler :: base_stone_overworld
[09Jul2025 10:58:38.895] [main/INFO] [oretweaker/]: Filler Name :: base_stone_overworld
[09Jul2025 10:58:38.895] [main/INFO] [oretweaker/]: Filler :: minecraft:netherrack
[09Jul2025 10:58:38.895] [main/INFO] [oretweaker/]: Filler Name :: netherrack
[09Jul2025 10:58:38.896] [main/INFO] [oretweaker/]: Filler :: stone_ore_replaceables
[09Jul2025 10:58:38.896] [main/INFO] [oretweaker/]: Filler Name :: stone_ore_replaceables
[09Jul2025 10:58:38.897] [main/INFO] [oretweaker/]: Filler :: base_stone_overworld
[09Jul2025 10:58:38.897] [main/INFO] [oretweaker/]: Filler Name :: base_stone_overworld
[09Jul2025 10:58:38.897] [main/INFO] [oretweaker/]: Filler :: stone_ore_replaceables
[09Jul2025 10:58:38.897] [main/INFO] [oretweaker/]: Filler Name :: stone_ore_replaceables
[09Jul2025 10:58:38.898] [main/INFO] [oretweaker/]: Filler :: stone_ore_replaceables
[09Jul2025 10:58:38.898] [main/INFO] [oretweaker/]: Filler Name :: stone_ore_replaceables
[09Jul2025 10:58:38.899] [main/INFO] [oretweaker/]: Filler :: stone_ore_replaceables
[09Jul2025 10:58:38.899] [main/INFO] [oretweaker/]: Filler Name :: stone_ore_replaceables
[09Jul2025 10:58:38.900] [main/INFO] [oretweaker/]: Filler :: minecraft:netherrack
[09Jul2025 10:58:38.900] [main/INFO] [oretweaker/]: Filler Name :: netherrack
[09Jul2025 10:58:38.900] [main/INFO] [oretweaker/]: Filler :: minecraft:netherrack
[09Jul2025 10:58:38.901] [main/INFO] [oretweaker/]: Filler Name :: netherrack
[09Jul2025 10:58:38.901] [main/INFO] [oretweaker/]: Filler :: minecraft:netherrack
[09Jul2025 10:58:38.901] [main/INFO] [oretweaker/]: Filler Name :: netherrack
[09Jul2025 10:58:38.902] [main/INFO] [oretweaker/]: Filler :: minecraft:netherrack
[09Jul2025 10:58:38.902] [main/INFO] [oretweaker/]: Filler Name :: netherrack
[09Jul2025 10:58:38.902] [main/INFO] [oretweaker/]: Filler :: base_stone_overworld
[09Jul2025 10:58:38.902] [main/INFO] [oretweaker/]: Filler Name :: base_stone_overworld
[09Jul2025 10:58:38.903] [main/INFO] [oretweaker/]: Filler :: minecraft:deepslate
[09Jul2025 10:58:38.903] [main/INFO] [oretweaker/]: Filler Name :: deepslate
[09Jul2025 10:58:38.903] [main/INFO] [oretweaker/]: Filler :: minecraft:deepslate
[09Jul2025 10:58:38.903] [main/INFO] [oretweaker/]: Filler Name :: deepslate
[09Jul2025 10:58:38.903] [main/INFO] [oretweaker/]: Filler :: minecraft:deepslate
[09Jul2025 10:58:38.903] [main/INFO] [oretweaker/]: Filler Name :: deepslate
[09Jul2025 10:58:38.903] [main/INFO] [oretweaker/]: Filler :: minecraft:deepslate
[09Jul2025 10:58:38.903] [main/INFO] [oretweaker/]: Filler Name :: deepslate
[09Jul2025 10:58:38.903] [main/INFO] [oretweaker/]: Filler :: minecraft:deepslate
[09Jul2025 10:58:38.903] [main/INFO] [oretweaker/]: Filler Name :: deepslate
[09Jul2025 10:58:38.903] [main/INFO] [oretweaker/]: Filler :: minecraft:deepslate
[09Jul2025 10:58:38.903] [main/INFO] [oretweaker/]: Filler Name :: deepslate
[09Jul2025 10:58:38.903] [main/INFO] [oretweaker/]: Filler :: minecraft:deepslate
[09Jul2025 10:58:38.903] [main/INFO] [oretweaker/]: Filler Name :: deepslate
[09Jul2025 10:58:38.904] [main/INFO] [oretweaker/]: Filler :: minecraft:deepslate
[09Jul2025 10:58:38.904] [main/INFO] [oretweaker/]: Filler Name :: deepslate
[09Jul2025 10:58:38.904] [main/INFO] [oretweaker/]: Filler :: minecraft:deepslate
[09Jul2025 10:58:38.904] [main/INFO] [oretweaker/]: Filler Name :: deepslate
[09Jul2025 10:58:38.904] [main/INFO] [oretweaker/]: Filler :: minecraft:deepslate
[09Jul2025 10:58:38.904] [main/INFO] [oretweaker/]: Filler Name :: deepslate
[09Jul2025 10:58:38.904] [main/INFO] [oretweaker/]: Filler :: minecraft:deepslate
[09Jul2025 10:58:38.904] [main/INFO] [oretweaker/]: Filler Name :: deepslate
[09Jul2025 10:58:38.904] [main/INFO] [oretweaker/]: Filler :: minecraft:deepslate
[09Jul2025 10:58:38.907] [main/INFO] [oretweaker/]: Filler Name :: deepslate
[09Jul2025 10:58:38.907] [main/INFO] [oretweaker/]: Filler :: minecraft:deepslate
[09Jul2025 10:58:38.907] [main/INFO] [oretweaker/]: Filler Name :: deepslate
[09Jul2025 10:58:38.907] [main/INFO] [oretweaker/]: Filler :: minecraft:deepslate
[09Jul2025 10:58:38.907] [main/INFO] [oretweaker/]: Filler Name :: deepslate
[09Jul2025 10:58:38.907] [main/INFO] [oretweaker/]: Filler :: minecraft:deepslate
[09Jul2025 10:58:38.907] [main/INFO] [oretweaker/]: Filler Name :: deepslate
[09Jul2025 10:58:38.908] [main/INFO] [oretweaker/]: Filler :: minecraft:deepslate
[09Jul2025 10:58:38.908] [main/INFO] [oretweaker/]: Filler Name :: deepslate
[09Jul2025 10:58:38.908] [main/INFO] [oretweaker/]: Filler :: minecraft:deepslate
[09Jul2025 10:58:38.908] [main/INFO] [oretweaker/]: Filler Name :: deepslate
[09Jul2025 10:58:38.908] [main/INFO] [oretweaker/]: Filler :: minecraft:deepslate
[09Jul2025 10:58:38.908] [main/INFO] [oretweaker/]: Filler Name :: deepslate
[09Jul2025 10:58:38.909] [main/INFO] [oretweaker/]: Filler :: minecraft:deepslate
[09Jul2025 10:58:38.909] [main/INFO] [oretweaker/]: Filler Name :: deepslate
[09Jul2025 10:58:38.909] [main/INFO] [oretweaker/]: Filler :: minecraft:deepslate
[09Jul2025 10:58:38.909] [main/INFO] [oretweaker/]: Filler Name :: deepslate
[09Jul2025 10:58:38.909] [main/INFO] [oretweaker/]: Filler :: stone_ore_replaceables
[09Jul2025 10:58:38.909] [main/INFO] [oretweaker/]: Filler Name :: stone_ore_replaceables
[09Jul2025 10:58:38.910] [main/INFO] [oretweaker/]: Filler :: base_stone_overworld
[09Jul2025 10:58:38.910] [main/INFO] [oretweaker/]: Filler Name :: base_stone_overworld
[09Jul2025 10:58:38.911] [main/INFO] [oretweaker/]: Filler :: deepslate_ore_replaceables
[09Jul2025 10:58:38.911] [main/INFO] [oretweaker/]: Filler Name :: deepslate_ore_replaceables
[09Jul2025 10:58:38.912] [main/INFO] [oretweaker/]: Filler :: base_stone_overworld
[09Jul2025 10:58:38.912] [main/INFO] [oretweaker/]: Filler Name :: base_stone_overworld
[09Jul2025 10:58:38.912] [main/INFO] [oretweaker/]: Filler :: stone_ore_replaceables
[09Jul2025 10:58:38.913] [main/INFO] [oretweaker/]: Filler Name :: stone_ore_replaceables
[09Jul2025 10:58:38.913] [main/INFO] [oretweaker/]: Filler :: stone_ore_replaceables
[09Jul2025 10:58:38.913] [main/INFO] [oretweaker/]: Filler Name :: stone_ore_replaceables
[09Jul2025 10:58:38.913] [main/INFO] [oretweaker/]: Filler :: stone_ore_replaceables
[09Jul2025 10:58:38.914] [main/INFO] [oretweaker/]: Filler Name :: stone_ore_replaceables
[09Jul2025 10:58:38.914] [main/INFO] [oretweaker/]: Filler :: stone_ore_replaceables
[09Jul2025 10:58:38.914] [main/INFO] [oretweaker/]: Filler Name :: stone_ore_replaceables
[09Jul2025 10:58:38.915] [main/INFO] [oretweaker/]: Filler :: stone_ore_replaceables
[09Jul2025 10:58:38.915] [main/INFO] [oretweaker/]: Filler Name :: stone_ore_replaceables
[09Jul2025 10:58:38.916] [main/INFO] [oretweaker/]: Filler :: base_stone_overworld
[09Jul2025 10:58:38.916] [main/INFO] [oretweaker/]: Filler Name :: base_stone_overworld
[09Jul2025 10:58:38.916] [main/INFO] [oretweaker/]: Filler :: stone_ore_replaceables
[09Jul2025 10:58:38.917] [main/INFO] [oretweaker/]: Filler Name :: stone_ore_replaceables
[09Jul2025 10:58:38.917] [main/INFO] [oretweaker/]: Filler :: stone_ore_replaceables
[09Jul2025 10:58:38.917] [main/INFO] [oretweaker/]: Filler Name :: stone_ore_replaceables
[09Jul2025 10:58:38.917] [main/INFO] [oretweaker/]: Filler :: stone_ore_replaceables
[09Jul2025 10:58:38.917] [main/INFO] [oretweaker/]: Filler Name :: stone_ore_replaceables
[09Jul2025 10:58:38.918] [main/INFO] [oretweaker/]: Filler :: stone_ore_replaceables
[09Jul2025 10:58:38.918] [main/INFO] [oretweaker/]: Filler Name :: stone_ore_replaceables
[09Jul2025 10:58:38.918] [main/INFO] [oretweaker/]: Filler :: stone_ore_replaceables
[09Jul2025 10:58:38.918] [main/INFO] [oretweaker/]: Filler Name :: stone_ore_replaceables
[09Jul2025 10:58:38.918] [main/INFO] [oretweaker/]: Filler :: stone_ore_replaceables
[09Jul2025 10:58:38.919] [main/INFO] [oretweaker/]: Filler Name :: stone_ore_replaceables
[09Jul2025 10:58:38.919] [main/INFO] [oretweaker/]: Filler :: stone_ore_replaceables
[09Jul2025 10:58:38.919] [main/INFO] [oretweaker/]: Filler Name :: stone_ore_replaceables
[09Jul2025 10:58:38.919] [main/INFO] [oretweaker/]: Filler :: stone_ore_replaceables
[09Jul2025 10:58:38.919] [main/INFO] [oretweaker/]: Filler Name :: stone_ore_replaceables
[09Jul2025 10:58:38.920] [main/INFO] [oretweaker/]: Filler :: stone_ore_replaceables
[09Jul2025 10:58:38.920] [main/INFO] [oretweaker/]: Filler Name :: stone_ore_replaceables
[09Jul2025 10:58:38.920] [main/INFO] [oretweaker/]: Filler :: base_stone_overworld
[09Jul2025 10:58:38.920] [main/INFO] [oretweaker/]: Filler Name :: base_stone_overworld
[09Jul2025 10:58:38.920] [main/INFO] [oretweaker/]: Filler :: minecraft:netherrack
[09Jul2025 10:58:38.921] [main/INFO] [oretweaker/]: Filler Name :: netherrack
[09Jul2025 10:58:38.921] [main/INFO] [oretweaker/]: Filler :: base_stone_overworld
[09Jul2025 10:58:38.921] [main/INFO] [oretweaker/]: Filler Name :: base_stone_overworld
[09Jul2025 10:58:38.921] [main/INFO] [oretweaker/]: Filler :: base_stone_overworld
[09Jul2025 10:58:38.922] [main/INFO] [oretweaker/]: Filler Name :: base_stone_overworld
[09Jul2025 10:58:38.922] [main/INFO] [oretweaker/]: Filler :: stone_ore_replaceables
[09Jul2025 10:58:38.922] [main/INFO] [oretweaker/]: Filler Name :: stone_ore_replaceables
[09Jul2025 10:58:41.284] [main/WARN] [net.minecraft.commands.Commands/]: Ambiguity between arguments [teleport, location] and [teleport, destination] with inputs: [0.1 -0.5 .9, 0 0 0]
[09Jul2025 10:58:41.285] [main/WARN] [net.minecraft.commands.Commands/]: Ambiguity between arguments [teleport, location] and [teleport, targets] with inputs: [0.1 -0.5 .9, 0 0 0]
[09Jul2025 10:58:41.290] [main/WARN] [net.minecraft.commands.Commands/]: Ambiguity between arguments [teleport, destination] and [teleport, targets] with inputs: [Player, 0123, @e, dd12be42-52a9-4a91-a8a1-11c01849e498]
[09Jul2025 10:58:41.292] [main/WARN] [net.minecraft.commands.Commands/]: Ambiguity between arguments [teleport, targets] and [teleport, destination] with inputs: [Player, 0123, dd12be42-52a9-4a91-a8a1-11c01849e498]
[09Jul2025 10:58:41.294] [main/WARN] [net.minecraft.commands.Commands/]: Ambiguity between arguments [teleport, targets, location] and [teleport, targets, destination] with inputs: [0.1 -0.5 .9, 0 0 0]
[09Jul2025 10:58:41.298] [main/WARN] [net.minecraft.commands.Commands/]: Ambiguity between arguments [ftbteams, info, server_id] and [ftbteams, info, team] with inputs: [server_id]
[09Jul2025 10:58:41.301] [main/WARN] [net.minecraft.commands.Commands/]: Ambiguity between arguments [openpac-parties, about, player] and [openpac-parties, about, profile] with inputs: [Player, 0123, dd12be42-52a9-4a91-a8a1-11c01849e498]
[09Jul2025 10:58:41.303] [main/WARN] [net.minecraft.commands.Commands/]: Ambiguity between arguments [openpac-parties, about, profile] and [openpac-parties, about, player] with inputs: [Player, 0123]
[09Jul2025 10:58:41.305] [main/WARN] [net.minecraft.commands.Commands/]: Ambiguity between arguments [hordes, spawnWave, count] and [hordes, spawnWave, player] with inputs: [0, -123, 123]
[09Jul2025 10:58:41.307] [main/WARN] [net.minecraft.commands.Commands/]: Ambiguity between arguments [hordes, spawnWave, player] and [hordes, spawnWave, count] with inputs: [0123]
[09Jul2025 10:58:41.309] [main/WARN] [net.minecraft.commands.Commands/]: Ambiguity between arguments [hordes, start, length] and [hordes, start, player] with inputs: [0, -123, 123]
[09Jul2025 10:58:41.311] [main/WARN] [net.minecraft.commands.Commands/]: Ambiguity between arguments [hordes, start, player] and [hordes, start, length] with inputs: [0123]
[09Jul2025 10:58:41.315] [main/WARN] [net.minecraft.commands.Commands/]: Ambiguity between arguments [scale, get, scale_type] and [scale, get, entity] with inputs: [base]
[09Jul2025 10:58:41.316] [main/WARN] [net.minecraft.commands.Commands/]: Ambiguity between arguments [scale, get, scale_type, entity] and [scale, get, scale_type, scalingFactor] with inputs: [0123]
[09Jul2025 10:58:41.318] [main/WARN] [net.minecraft.commands.Commands/]: Ambiguity between arguments [scale, get, scale_type, scalingFactor] and [scale, get, scale_type, entity] with inputs: [0, -1, -.5, 1.2, .5, -1234.56]
[09Jul2025 10:58:41.321] [main/WARN] [net.minecraft.commands.Commands/]: Ambiguity between arguments [scale, get, scalingFactor] and [scale, get, entity] with inputs: [0, -1, -.5, 1.2, .5, -1234.56]
[09Jul2025 10:58:41.323] [main/WARN] [net.minecraft.commands.Commands/]: Ambiguity between arguments [scale, get, entity] and [scale, get, scalingFactor] with inputs: [0123]
[09Jul2025 10:58:41.325] [main/WARN] [net.minecraft.commands.Commands/]: Ambiguity between arguments [scale, compute, scale_type, entity] and [scale, compute, scale_type, scalingFactor] with inputs: [0123]
[09Jul2025 10:58:41.327] [main/WARN] [net.minecraft.commands.Commands/]: Ambiguity between arguments [scale, compute, scale_type, scalingFactor] and [scale, compute, scale_type, entity] with inputs: [0, -1, -.5, 1.2, .5, -1234.56]
[09Jul2025 10:58:41.329] [main/WARN] [net.minecraft.commands.Commands/]: Ambiguity between arguments [scale, reset, scale_type] and [scale, reset, targets] with inputs: [base]
[09Jul2025 10:58:41.332] [main/WARN] [net.minecraft.commands.Commands/]: Ambiguity between arguments [scale, delay, get, scale_type] and [scale, delay, get, entity] with inputs: [base]
[09Jul2025 10:58:41.335] [main/WARN] [net.minecraft.commands.Commands/]: Ambiguity between arguments [scale, delay, reset, scale_type] and [scale, delay, reset, targets] with inputs: [base]
[09Jul2025 10:58:41.336] [main/WARN] [net.minecraft.commands.Commands/]: Ambiguity between arguments [scale, easing, get, scale_type] and [scale, easing, get, entity] with inputs: [base]
[09Jul2025 10:58:41.338] [main/WARN] [net.minecraft.commands.Commands/]: Ambiguity between arguments [scale, easing, reset, scale_type] and [scale, easing, reset, targets] with inputs: [base]
[09Jul2025 10:58:41.339] [main/WARN] [net.minecraft.commands.Commands/]: Ambiguity between arguments [scale, persist, reset, scale_type] and [scale, persist, reset, targets] with inputs: [base]
[09Jul2025 10:58:41.342] [main/WARN] [net.minecraft.commands.Commands/]: Ambiguity between arguments [railways, split_train, train_id] and [railways, split_train, train_name] with inputs: [dd12be42-52a9-4a91-a8a1-11c01849e498]
[09Jul2025 10:58:41.343] [main/WARN] [net.minecraft.commands.Commands/]: Ambiguity between arguments [railways, split_train, train_id] and [railways, split_train, train_name] with inputs: [dd12be42-52a9-4a91-a8a1-11c01849e498]
[09Jul2025 10:58:41.344] [main/WARN] [net.minecraft.commands.Commands/]: Ambiguity between arguments [create, coupling, add, cart1] and [create, coupling, add, carts] with inputs: [Player, 0123, @e, dd12be42-52a9-4a91-a8a1-11c01849e498]
[09Jul2025 10:58:41.345] [main/WARN] [net.minecraft.commands.Commands/]: Ambiguity between arguments [create, coupling, add, carts] and [create, coupling, add, cart1] with inputs: [Player, 0123, dd12be42-52a9-4a91-a8a1-11c01849e498]
[09Jul2025 10:58:41.346] [main/WARN] [net.minecraft.commands.Commands/]: Ambiguity between arguments [create, coupling, add, cart1] and [create, coupling, add, carts] with inputs: [Player, 0123, @e, dd12be42-52a9-4a91-a8a1-11c01849e498]
[09Jul2025 10:58:41.348] [main/WARN] [net.minecraft.commands.Commands/]: Ambiguity between arguments [create, coupling, add, carts] and [create, coupling, add, cart1] with inputs: [Player, 0123, dd12be42-52a9-4a91-a8a1-11c01849e498]
[09Jul2025 10:58:41.349] [main/WARN] [net.minecraft.commands.Commands/]: Ambiguity between arguments [deathhistory, player] and [deathhistory, player_uuid] with inputs: [dd12be42-52a9-4a91-a8a1-11c01849e498]
[09Jul2025 10:58:41.351] [main/WARN] [net.minecraft.commands.Commands/]: Ambiguity between arguments [voicechat, join, group_id] and [voicechat, join, group_name] with inputs: [dd12be42-52a9-4a91-a8a1-11c01849e498]
[09Jul2025 10:58:41.888] [Worker-Main11/INFO] [tac/]: YO_DATA_GUN
[09Jul2025 10:58:43.768] [Worker-Main22/WARN] [com.simibubi.create.Create/]: Your custom createaddition:rolling/aluminum_plate recipe (createaddition:rolling/aluminum_plate) specified a duration. Durations have no impact on this type of recipe.
[09Jul2025 10:58:43.838] [Worker-Main22/WARN] [com.simibubi.create.Create/]: Your custom createaddition:rolling/brass_ingot recipe (createaddition:rolling/brass_ingot) specified a duration. Durations have no impact on this type of recipe.
[09Jul2025 10:58:43.876] [Worker-Main22/WARN] [com.simibubi.create.Create/]: Your custom createaddition:rolling/copper_ingot recipe (createaddition:rolling/copper_ingot) specified a duration. Durations have no impact on this type of recipe.
[09Jul2025 10:58:43.918] [Worker-Main22/WARN] [com.simibubi.create.Create/]: Your custom createaddition:rolling/nickel_rod recipe (createaddition:rolling/nickel_rod) specified a duration. Durations have no impact on this type of recipe.
[09Jul2025 10:58:43.931] [Worker-Main22/WARN] [com.simibubi.create.Create/]: Your custom createaddition:rolling/steel_plate recipe (createaddition:rolling/steel_plate) specified a duration. Durations have no impact on this type of recipe.
[09Jul2025 10:58:43.976] [Worker-Main22/WARN] [com.simibubi.create.Create/]: Your custom createaddition:rolling/steel_ingot recipe (createaddition:rolling/steel_ingot) specified a duration. Durations have no impact on this type of recipe.
[09Jul2025 10:58:43.983] [Worker-Main22/WARN] [com.simibubi.create.Create/]: Your custom createaddition:rolling/lead_rod recipe (createaddition:rolling/lead_rod) specified a duration. Durations have no impact on this type of recipe.
[09Jul2025 10:58:44.011] [Worker-Main22/WARN] [com.simibubi.create.Create/]: Your custom createaddition:rolling/electrum_plate recipe (createaddition:rolling/electrum_plate) specified a duration. Durations have no impact on this type of recipe.
[09Jul2025 10:58:44.013] [Worker-Main22/WARN] [com.simibubi.create.Create/]: Your custom createaddition:rolling/aluminum_ingot recipe (createaddition:rolling/aluminum_ingot) specified a duration. Durations have no impact on this type of recipe.
[09Jul2025 10:58:44.049] [Worker-Main22/WARN] [com.simibubi.create.Create/]: Your custom createaddition:rolling/iron_plate recipe (createaddition:rolling/iron_plate) specified a duration. Durations have no impact on this type of recipe.
[09Jul2025 10:58:44.060] [Worker-Main22/WARN] [com.simibubi.create.Create/]: Your custom createaddition:rolling/lead_plate recipe (createaddition:rolling/lead_plate) specified a duration. Durations have no impact on this type of recipe.
[09Jul2025 10:58:44.077] [Worker-Main22/WARN] [com.simibubi.create.Create/]: Your custom createaddition:rolling/gold_plate recipe (createaddition:rolling/gold_plate) specified a duration. Durations have no impact on this type of recipe.
[09Jul2025 10:58:44.094] [Worker-Main22/WARN] [com.simibubi.create.Create/]: Your custom createaddition:rolling/electrum_ingot recipe (createaddition:rolling/electrum_ingot) specified a duration. Durations have no impact on this type of recipe.
[09Jul2025 10:58:44.149] [Worker-Main22/WARN] [com.simibubi.create.Create/]: Your custom createaddition:rolling/uranium_rod recipe (createaddition:rolling/uranium_rod) specified a duration. Durations have no impact on this type of recipe.
[09Jul2025 10:58:44.152] [Worker-Main22/WARN] [com.simibubi.create.Create/]: Your custom createaddition:rolling/iron_ingot recipe (createaddition:rolling/iron_ingot) specified a duration. Durations have no impact on this type of recipe.
[09Jul2025 10:58:44.194] [Worker-Main22/WARN] [com.simibubi.create.Create/]: Your custom createaddition:rolling/gold_ingot recipe (createaddition:rolling/gold_ingot) specified a duration. Durations have no impact on this type of recipe.
[09Jul2025 10:58:44.195] [Worker-Main22/WARN] [com.simibubi.create.Create/]: Your custom createaddition:rolling/straw recipe (createaddition:rolling/straw) specified a duration. Durations have no impact on this type of recipe.
[09Jul2025 10:58:44.244] [Worker-Main22/WARN] [com.simibubi.create.Create/]: Your custom createaddition:rolling/constantan_rod recipe (createaddition:rolling/constantan_rod) specified a duration. Durations have no impact on this type of recipe.
[09Jul2025 10:58:44.252] [Worker-Main22/WARN] [com.simibubi.create.Create/]: Your custom createaddition:rolling/silver_rod recipe (createaddition:rolling/silver_rod) specified a duration. Durations have no impact on this type of recipe.
[09Jul2025 10:58:44.276] [Worker-Main22/WARN] [com.simibubi.create.Create/]: Your custom createaddition:rolling/electrum_rod recipe (createaddition:rolling/electrum_rod) specified a duration. Durations have no impact on this type of recipe.
[09Jul2025 10:58:44.288] [Worker-Main22/WARN] [com.simibubi.create.Create/]: Your custom createaddition:rolling/copper_plate recipe (createaddition:rolling/copper_plate) specified a duration. Durations have no impact on this type of recipe.
[09Jul2025 10:58:44.345] [Worker-Main22/WARN] [com.simibubi.create.Create/]: Your custom createaddition:rolling/aluminum_plate recipe (createaddition:rolling/aluminum_plate) specified a duration. Durations have no impact on this type of recipe.
[09Jul2025 10:58:44.369] [Worker-Main22/WARN] [com.simibubi.create.Create/]: Your custom createaddition:rolling/brass_ingot recipe (createaddition:rolling/brass_ingot) specified a duration. Durations have no impact on this type of recipe.
[09Jul2025 10:58:44.391] [Worker-Main22/WARN] [com.simibubi.create.Create/]: Your custom createaddition:rolling/copper_ingot recipe (createaddition:rolling/copper_ingot) specified a duration. Durations have no impact on this type of recipe.
[09Jul2025 10:58:44.407] [Worker-Main22/WARN] [com.simibubi.create.Create/]: Your custom createaddition:rolling/nickel_rod recipe (createaddition:rolling/nickel_rod) specified a duration. Durations have no impact on this type of recipe.
[09Jul2025 10:58:44.415] [Worker-Main22/WARN] [com.simibubi.create.Create/]: Your custom createaddition:rolling/steel_plate recipe (createaddition:rolling/steel_plate) specified a duration. Durations have no impact on this type of recipe.
[09Jul2025 10:58:44.437] [Worker-Main22/WARN] [com.simibubi.create.Create/]: Your custom createaddition:rolling/steel_ingot recipe (createaddition:rolling/steel_ingot) specified a duration. Durations have no impact on this type of recipe.
[09Jul2025 10:58:44.442] [Worker-Main22/WARN] [com.simibubi.create.Create/]: Your custom createaddition:rolling/lead_rod recipe (createaddition:rolling/lead_rod) specified a duration. Durations have no impact on this type of recipe.
[09Jul2025 10:58:44.456] [Worker-Main22/WARN] [com.simibubi.create.Create/]: Your custom createaddition:rolling/electrum_plate recipe (createaddition:rolling/electrum_plate) specified a duration. Durations have no impact on this type of recipe.
[09Jul2025 10:58:44.458] [Worker-Main22/WARN] [com.simibubi.create.Create/]: Your custom createaddition:rolling/aluminum_ingot recipe (createaddition:rolling/aluminum_ingot) specified a duration. Durations have no impact on this type of recipe.
[09Jul2025 10:58:44.480] [Worker-Main22/WARN] [com.simibubi.create.Create/]: Your custom createaddition:rolling/iron_plate recipe (createaddition:rolling/iron_plate) specified a duration. Durations have no impact on this type of recipe.
[09Jul2025 10:58:44.492] [Worker-Main22/WARN] [com.simibubi.create.Create/]: Your custom createaddition:rolling/lead_plate recipe (createaddition:rolling/lead_plate) specified a duration. Durations have no impact on this type of recipe.
[09Jul2025 10:58:44.502] [Worker-Main22/WARN] [com.simibubi.create.Create/]: Your custom createaddition:rolling/gold_plate recipe (createaddition:rolling/gold_plate) specified a duration. Durations have no impact on this type of recipe.
[09Jul2025 10:58:44.515] [Worker-Main22/WARN] [com.simibubi.create.Create/]: Your custom createaddition:rolling/electrum_ingot recipe (createaddition:rolling/electrum_ingot) specified a duration. Durations have no impact on this type of recipe.
[09Jul2025 10:58:44.549] [Worker-Main22/WARN] [com.simibubi.create.Create/]: Your custom createaddition:rolling/uranium_rod recipe (createaddition:rolling/uranium_rod) specified a duration. Durations have no impact on this type of recipe.
[09Jul2025 10:58:44.552] [Worker-Main22/WARN] [com.simibubi.create.Create/]: Your custom createaddition:rolling/iron_ingot recipe (createaddition:rolling/iron_ingot) specified a duration. Durations have no impact on this type of recipe.
[09Jul2025 10:58:44.585] [Worker-Main22/WARN] [com.simibubi.create.Create/]: Your custom createaddition:rolling/gold_ingot recipe (createaddition:rolling/gold_ingot) specified a duration. Durations have no impact on this type of recipe.
[09Jul2025 10:58:44.586] [Worker-Main22/WARN] [com.simibubi.create.Create/]: Your custom createaddition:rolling/straw recipe (createaddition:rolling/straw) specified a duration. Durations have no impact on this type of recipe.
[09Jul2025 10:58:44.609] [Worker-Main22/WARN] [com.simibubi.create.Create/]: Your custom createaddition:rolling/constantan_rod recipe (createaddition:rolling/constantan_rod) specified a duration. Durations have no impact on this type of recipe.
[09Jul2025 10:58:44.618] [Worker-Main22/WARN] [com.simibubi.create.Create/]: Your custom createaddition:rolling/silver_rod recipe (createaddition:rolling/silver_rod) specified a duration. Durations have no impact on this type of recipe.
[09Jul2025 10:58:44.637] [Worker-Main22/WARN] [com.simibubi.create.Create/]: Your custom createaddition:rolling/electrum_rod recipe (createaddition:rolling/electrum_rod) specified a duration. Durations have no impact on this type of recipe.
[09Jul2025 10:58:44.646] [Worker-Main22/WARN] [com.simibubi.create.Create/]: Your custom createaddition:rolling/copper_plate recipe (createaddition:rolling/copper_plate) specified a duration. Durations have no impact on this type of recipe.
[09Jul2025 10:58:44.685] [Worker-Main22/INFO] [ModernFix/]: Clearing KubeJS recipe lists...
[09Jul2025 10:58:45.675] [Worker-Main22/INFO] [placebo/]: Registered 1 additional loot tables.
[09Jul2025 10:58:45.944] [Worker-Main22/INFO] [net.minecraft.advancements.AdvancementList/]: Loaded 613 advancements
[09Jul2025 10:58:45.955] [Worker-Main22/INFO] [placebo/]: Registered 1 additional recipes.
[09Jul2025 10:58:45.961] [Worker-Main22/INFO] [immersivepetroleum/]: Loading Distillation Recipes.
[09Jul2025 10:58:45.967] [Worker-Main22/INFO] [immersivepetroleum/]: Loading Reservoirs.
[09Jul2025 10:58:45.969] [Worker-Main22/INFO] [immersivepetroleum/]: Loading Coker-Unit Recipes.
[09Jul2025 10:58:45.971] [Worker-Main22/INFO] [immersivepetroleum/]: Loading High-Pressure Refinery Recipes.
[09Jul2025 10:58:46.012] [Worker-Main22/ERROR] [tac/]: Missing required properties for tac:medium_steel_armor
[09Jul2025 10:58:46.016] [Worker-Main22/ERROR] [tac/]: Missing required properties for tac:cardboard_armor
[09Jul2025 10:58:46.023] [Worker-Main22/ERROR] [tac/]: Missing required properties for tac:armor_test
[09Jul2025 10:58:46.034] [Worker-Main22/ERROR] [tac/]: Missing required properties for tac:light_armor
[09Jul2025 10:58:46.063] [Worker-Main22/INFO] [net.mehvahdjukaar.selene.Selene/]: Loaded 60 Soft Fluids
[09Jul2025 10:58:46.077] [Worker-Main22/INFO] [hordes/]: Loaded entity minecraft:zombie as entity.minecraft.zombie with weight 20, min day 0 and max day 0
[09Jul2025 10:58:46.078] [Worker-Main22/INFO] [hordes/]: Loaded entity zombie_extreme:bomber as entity.zombie_extreme.bomber with weight 5, min day 0 and max day 0
[09Jul2025 10:58:46.079] [Worker-Main22/INFO] [hordes/]: Loaded entity undead_revamp2:thesmoker as entity.undead_revamp2.thesmoker with weight 5, min day 0 and max day 0
[09Jul2025 10:58:46.079] [Worker-Main22/INFO] [hordes/]: Loaded entity undead_revamp2:thepregnant as entity.undead_revamp2.thepregnant with weight 2, min day 0 and max day 0
[09Jul2025 10:58:46.079] [Worker-Main22/INFO] [hordes/]: loaded horde table hordes:mobs_75
[09Jul2025 10:58:46.080] [Worker-Main22/INFO] [hordes/]: Loaded entity minecraft:zombie as entity.minecraft.zombie with weight 25, min day 0 and max day 0
[09Jul2025 10:58:46.080] [Worker-Main22/INFO] [hordes/]: Loaded entity undead_revamp2:bomber as entity.undead_revamp2.bomber with weight 5, min day 0 and max day 0
[09Jul2025 10:58:46.080] [Worker-Main22/INFO] [hordes/]: Loaded entity undead_revamp2:thesmoker as entity.undead_revamp2.thesmoker with weight 5, min day 0 and max day 0
[09Jul2025 10:58:46.080] [Worker-Main22/INFO] [hordes/]: Loaded entity undead_revamp2:thepregnant as entity.undead_revamp2.thepregnant with weight 1, min day 0 and max day 0
[09Jul2025 10:58:46.080] [Worker-Main22/INFO] [hordes/]: loaded horde table hordes:mobs_30
[09Jul2025 10:58:46.081] [Worker-Main22/INFO] [hordes/]: Loaded entity minecraft:zombie as entity.minecraft.zombie with weight 15, min day 0 and max day 0
[09Jul2025 10:58:46.081] [Worker-Main22/INFO] [hordes/]: Loaded entity zombie_extreme:bomber as entity.zombie_extreme.bomber with weight 5, min day 0 and max day 0
[09Jul2025 10:58:46.081] [Worker-Main22/INFO] [hordes/]: Loaded entity zombie_extreme:inflated as entity.zombie_extreme.inflated with weight 5, min day 0 and max day 0
[09Jul2025 10:58:46.081] [Worker-Main22/INFO] [hordes/]: Loaded entity undead_revamp2:thesmoker as entity.undead_revamp2.thesmoker with weight 5, min day 0 and max day 0
[09Jul2025 10:58:46.082] [Worker-Main22/INFO] [hordes/]: Loaded entity minecraft:zombie as entity.minecraft.zombie with weight 5, min day 0 and max day 0
[09Jul2025 10:58:46.082] [Worker-Main22/INFO] [hordes/]: Loaded entity undead_revamp2:thepregnant as entity.undead_revamp2.thepregnant with weight 3, min day 0 and max day 0
[09Jul2025 10:58:46.082] [Worker-Main22/INFO] [hordes/]: loaded horde table hordes:mobs_105
[09Jul2025 10:58:46.082] [Worker-Main22/INFO] [hordes/]: Loaded entity minecraft:zombie as entity.minecraft.zombie with weight 25, min day 0 and max day 0
[09Jul2025 10:58:46.083] [Worker-Main22/INFO] [hordes/]: Loaded entity undead_revamp2:bomber as entity.undead_revamp2.bomber with weight 5, min day 0 and max day 0
[09Jul2025 10:58:46.083] [Worker-Main22/INFO] [hordes/]: Loaded entity undead_revamp2:thesmoker as entity.undead_revamp2.thesmoker with weight 5, min day 0 and max day 0
[09Jul2025 10:58:46.083] [Worker-Main22/INFO] [hordes/]: Loaded entity undead_revamp2:thepregnant as entity.undead_revamp2.thepregnant with weight 1, min day 0 and max day 0
[09Jul2025 10:58:46.083] [Worker-Main22/INFO] [hordes/]: loaded horde table hordes:mobs_45
[09Jul2025 10:58:46.084] [Worker-Main22/INFO] [hordes/]: Loaded entity minecraft:zombie as entity.minecraft.zombie with weight 15, min day 0 and max day 0
[09Jul2025 10:58:46.084] [Worker-Main22/INFO] [hordes/]: Loaded entity zombie_extreme:bomber as entity.zombie_extreme.bomber with weight 5, min day 0 and max day 0
[09Jul2025 10:58:46.084] [Worker-Main22/INFO] [hordes/]: Loaded entity zombie_extreme:inflated as entity.zombie_extreme.inflated with weight 5, min day 0 and max day 0
[09Jul2025 10:58:46.084] [Worker-Main22/INFO] [hordes/]: Loaded entity undead_revamp2:theheavy as entity.undead_revamp2.theheavy with weight 5, min day 0 and max day 0
[09Jul2025 10:58:46.085] [Worker-Main22/INFO] [hordes/]: Loaded entity undead_revamp2:thepregnant as entity.undead_revamp2.thepregnant with weight 2, min day 0 and max day 0
[09Jul2025 10:58:46.085] [Worker-Main22/INFO] [hordes/]: loaded horde table hordes:mobs_135
[09Jul2025 10:58:46.085] [Worker-Main22/INFO] [hordes/]: Loaded entity minecraft:zombie as entity.minecraft.zombie with weight 15, min day 0 and max day 0
[09Jul2025 10:58:46.085] [Worker-Main22/INFO] [hordes/]: Loaded entity zombie_extreme:bomber as entity.zombie_extreme.bomber with weight 5, min day 0 and max day 0
[09Jul2025 10:58:46.086] [Worker-Main22/INFO] [hordes/]: Loaded entity zombie_extreme:patient_zero as entity.zombie_extreme.patient_zero with weight 5, min day 0 and max day 0
[09Jul2025 10:58:46.086] [Worker-Main22/INFO] [hordes/]: Loaded entity zombie_extreme:rat_king as entity.zombie_extreme.rat_king with weight 5, min day 0 and max day 0
[09Jul2025 10:58:46.086] [Worker-Main22/INFO] [hordes/]: Loaded entity undead_revamp2:thepregnant as entity.undead_revamp2.thepregnant with weight 5, min day 0 and max day 0
[09Jul2025 10:58:46.086] [Worker-Main22/INFO] [hordes/]: Loaded entity mutationcraft:human_herder as entity.mutationcraft.human_herder with weight 5, min day 0 and max day 0
[09Jul2025 10:58:46.086] [Worker-Main22/INFO] [hordes/]: Loaded entity mutationcraft:resenter as entity.mutationcraft.resenter with weight 5, min day 0 and max day 0
[09Jul2025 10:58:46.087] [Worker-Main22/INFO] [hordes/]: loaded horde table hordes:mobs_300
[09Jul2025 10:58:46.087] [Worker-Main22/INFO] [hordes/]: Loaded entity minecraft:zombie as entity.minecraft.zombie with weight 15, min day 0 and max day 0
[09Jul2025 10:58:46.087] [Worker-Main22/INFO] [hordes/]: Loaded entity zombie_extreme:bomber as entity.zombie_extreme.bomber with weight 5, min day 0 and max day 0
[09Jul2025 10:58:46.087] [Worker-Main22/INFO] [hordes/]: Loaded entity undead_revamp2:theheavy as entity.undead_revamp2.theheavy with weight 5, min day 0 and max day 0
[09Jul2025 10:58:46.088] [Worker-Main22/INFO] [hordes/]: Loaded entity zombie_extreme:demolisher as entity.zombie_extreme.demolisher with weight 5, min day 0 and max day 0
[09Jul2025 10:58:46.088] [Worker-Main22/INFO] [hordes/]: Loaded entity zombie_extreme:rat_king as entity.zombie_extreme.rat_king with weight 5, min day 0 and max day 0
[09Jul2025 10:58:46.088] [Worker-Main22/INFO] [hordes/]: Loaded entity undead_revamp2:thepregnant as entity.undead_revamp2.thepregnant with weight 2, min day 0 and max day 0
[09Jul2025 10:58:46.088] [Worker-Main22/INFO] [hordes/]: loaded horde table hordes:mobs_210
[09Jul2025 10:58:46.088] [Worker-Main22/INFO] [hordes/]: Loaded entity minecraft:zombie as entity.minecraft.zombie with weight 30, min day 0 and max day 0
[09Jul2025 10:58:46.089] [Worker-Main22/INFO] [hordes/]: Loaded entity undead_revamp2:bomber as entity.undead_revamp2.bomber with weight 5, min day 0 and max day 0
[09Jul2025 10:58:46.089] [Worker-Main22/INFO] [hordes/]: Loaded entity undead_revamp2:thesmoker as entity.undead_revamp2.thesmoker with weight 5, min day 0 and max day 0
[09Jul2025 10:58:46.089] [Worker-Main22/INFO] [hordes/]: loaded horde table hordes:mobs_15
[09Jul2025 10:58:46.089] [Worker-Main22/INFO] [hordes/]: Loaded entity minecraft:zombie as entity.minecraft.zombie with weight 15, min day 0 and max day 0
[09Jul2025 10:58:46.089] [Worker-Main22/INFO] [hordes/]: Loaded entity zombie_extreme:bomber as entity.zombie_extreme.bomber with weight 5, min day 0 and max day 0
[09Jul2025 10:58:46.090] [Worker-Main22/INFO] [hordes/]: Loaded entity zombie_extreme:inflated as entity.zombie_extreme.inflated with weight 5, min day 0 and max day 0
[09Jul2025 10:58:46.090] [Worker-Main22/INFO] [hordes/]: Loaded entity undead_revamp2:theheavy as entity.undead_revamp2.theheavy with weight 5, min day 0 and max day 0
[09Jul2025 10:58:46.090] [Worker-Main22/INFO] [hordes/]: Loaded entity zombie_extreme:demolisher as entity.zombie_extreme.demolisher with weight 5, min day 0 and max day 0
[09Jul2025 10:58:46.090] [Worker-Main22/INFO] [hordes/]: Loaded entity undead_revamp2:thepregnant as entity.undead_revamp2.thepregnant with weight 2, min day 0 and max day 0
[09Jul2025 10:58:46.090] [Worker-Main22/INFO] [hordes/]: loaded horde table hordes:mobs_165
[09Jul2025 10:58:46.091] [Worker-Main22/INFO] [hordes/]: Loaded entity minecraft:zombie as entity.minecraft.zombie with weight 30, min day 0 and max day 0
[09Jul2025 10:58:46.091] [Worker-Main22/INFO] [hordes/]: loaded horde table hordes:fallback
[09Jul2025 10:58:46.091] [Worker-Main22/INFO] [hordes/]: Loaded entity minecraft:zombie as entity.minecraft.zombie with weight 15, min day 0 and max day 0
[09Jul2025 10:58:46.203] [Worker-Main22/INFO] [hordes/]: Loaded entity zombie_extreme:bomber as entity.zombie_extreme.bomber with weight 5, min day 0 and max day 0
[09Jul2025 10:58:46.204] [Worker-Main22/INFO] [hordes/]: Loaded entity undead_revamp2:theheavy as entity.undead_revamp2.theheavy with weight 5, min day 0 and max day 0
[09Jul2025 10:58:46.204] [Worker-Main22/INFO] [hordes/]: Loaded entity zombie_extreme:patient_zero as entity.zombie_extreme.patient_zero with weight 5, min day 0 and max day 0
[09Jul2025 10:58:46.204] [Worker-Main22/INFO] [hordes/]: Loaded entity zombie_extreme:rat_king as entity.zombie_extreme.rat_king with weight 5, min day 0 and max day 0
[09Jul2025 10:58:46.204] [Worker-Main22/INFO] [hordes/]: Loaded entity undead_revamp2:thepregnant as entity.undead_revamp2.thepregnant with weight 2, min day 0 and max day 0
[09Jul2025 10:58:46.204] [Worker-Main22/INFO] [hordes/]: loaded horde table hordes:mobs_240
[09Jul2025 10:58:46.205] [Worker-Main22/INFO] [hordes/]: Loaded entity minecraft:zombie as entity.minecraft.zombie with weight 15, min day 0 and max day 0
[09Jul2025 10:58:46.205] [Worker-Main22/INFO] [hordes/]: Loaded entity zombie_extreme:bomber as entity.zombie_extreme.bomber with weight 5, min day 0 and max day 0
[09Jul2025 10:58:46.205] [Worker-Main22/INFO] [hordes/]: Loaded entity zombie_extreme:patient_zero as entity.zombie_extreme.patient_zero with weight 5, min day 0 and max day 0
[09Jul2025 10:58:46.205] [Worker-Main22/INFO] [hordes/]: Loaded entity zombie_extreme:rat_king as entity.zombie_extreme.rat_king with weight 5, min day 0 and max day 0
[09Jul2025 10:58:46.206] [Worker-Main22/INFO] [hordes/]: Loaded entity undead_revamp2:thepregnant as entity.undead_revamp2.thepregnant with weight 5, min day 0 and max day 0
[09Jul2025 10:58:46.206] [Worker-Main22/INFO] [hordes/]: Loaded entity mutationcraft:human_herder as entity.mutationcraft.human_herder with weight 5, min day 0 and max day 0
[09Jul2025 10:58:46.206] [Worker-Main22/INFO] [hordes/]: loaded horde table hordes:mobs_270
[09Jul2025 10:58:46.209] [Worker-Main22/INFO] [hordes/]: loaded horde script hordes:wave_0_loot_script
[09Jul2025 10:58:46.210] [Worker-Main22/INFO] [hordes/]: loaded horde script hordes:wave_0_script
[09Jul2025 10:58:46.210] [Worker-Main22/INFO] [hordes/]: loaded horde script hordes:wave_1_loot_script
[09Jul2025 10:58:46.210] [Worker-Main22/INFO] [hordes/]: loaded horde script hordes:wave_1_script
[09Jul2025 10:58:46.210] [Worker-Main22/INFO] [hordes/]: loaded horde script hordes:wave_2_loot_script
[09Jul2025 10:58:46.210] [Worker-Main22/INFO] [hordes/]: loaded horde script hordes:wave_2_script
[09Jul2025 10:58:46.210] [Worker-Main22/INFO] [hordes/]: loaded horde script hordes:wave_3_loot_script
[09Jul2025 10:58:46.210] [Worker-Main22/INFO] [hordes/]: loaded horde script hordes:wave_3_script
[09Jul2025 10:58:46.210] [Worker-Main22/INFO] [hordes/]: loaded horde script hordes:wave_4_loot_script
[09Jul2025 10:58:46.210] [Worker-Main22/INFO] [hordes/]: loaded horde script hordes:wave_4_script
[09Jul2025 10:58:46.211] [Worker-Main22/INFO] [hordes/]: loaded horde script hordes:wave_5_loot_script
[09Jul2025 10:58:46.211] [Worker-Main22/INFO] [hordes/]: loaded horde script hordes:wave_5_script
[09Jul2025 10:58:46.211] [Worker-Main22/INFO] [hordes/]: loaded horde script hordes:wave_6_loot_script
[09Jul2025 10:58:46.211] [Worker-Main22/INFO] [hordes/]: loaded horde script hordes:wave_6_script
[09Jul2025 10:58:46.212] [Worker-Main22/INFO] [hordes/]: loaded horde script hordes:wave_7_loot_script
[09Jul2025 10:58:46.212] [Worker-Main22/INFO] [hordes/]: loaded horde script hordes:wave_7_script
[09Jul2025 10:58:46.212] [Worker-Main22/INFO] [hordes/]: loaded horde script hordes:wave_8_loot_script
[09Jul2025 10:58:46.212] [Worker-Main22/INFO] [hordes/]: loaded horde script hordes:wave_8_script
[09Jul2025 10:58:46.213] [Worker-Main22/INFO] [hordes/]: loaded horde script hordes:wave_9_loot_script
[09Jul2025 10:58:46.213] [Worker-Main22/INFO] [hordes/]: loaded horde script hordes:wave_9_script
[09Jul2025 10:58:46.213] [Worker-Main22/INFO] [hordes/]: loaded horde script hordes:wave_10_loot_script
[09Jul2025 10:58:46.213] [Worker-Main22/INFO] [hordes/]: loaded horde script hordes:wave_10_script
[09Jul2025 10:58:46.213] [Worker-Main22/INFO] [hordes/]: loaded horde script hordes:wave_11_loot_script
[09Jul2025 10:58:46.214] [Worker-Main22/INFO] [hordes/]: loaded horde script hordes:wave_11_script
[09Jul2025 10:58:46.214] [Worker-Main22/INFO] [hordes/]: Loading conversion tables
[09Jul2025 10:58:46.214] [Worker-Main22/INFO] [hordes/]: Loading conversion table hordes:infection_conversions
[09Jul2025 10:58:46.217] [Worker-Main22/INFO] [hordes/]: Loaded conversion entity.minecraft.vindicator to entity.minecraft.zombie_villager with chance of 0.3
[09Jul2025 10:58:46.217] [Worker-Main22/INFO] [hordes/]: Loaded conversion entity.minecraft.pillager to entity.minecraft.zombie_villager with chance of 0.3
[09Jul2025 10:58:46.218] [Worker-Main22/INFO] [hordes/]: Loaded conversion entity.minecraft.villager to entity.minecraft.zombie_villager with chance of 0.3
[09Jul2025 10:58:46.218] [Worker-Main22/INFO] [hordes/]: Loaded conversion entity.minecraft.horse to entity.zombiemobs.zombie_horsee with chance of 0.3
[09Jul2025 10:58:46.219] [Worker-Main22/INFO] [hordes/]: Loaded conversion entity.minecraft.cat to entity.zombiemobs.zombie_cat with chance of 0.3
[09Jul2025 10:58:46.220] [Worker-Main22/INFO] [hordes/]: Loaded conversion entity.minecraft.chicken to entity.zombiemobs.zombie_chicken with chance of 0.3
[09Jul2025 10:58:46.220] [Worker-Main22/INFO] [hordes/]: Loaded conversion entity.minecraft.cow to entity.zombiemobs.zombie_cow with chance of 0.3
[09Jul2025 10:58:46.221] [Worker-Main22/INFO] [hordes/]: Loaded conversion entity.minecraft.dolphin to entity.zombiemobs.zombie_dolphin with chance of 0.3
[09Jul2025 10:58:46.221] [Worker-Main22/INFO] [hordes/]: Loaded conversion entity.minecraft.donkey to entity.zombiemobs.zombie_donkey with chance of 0.3
[09Jul2025 10:58:46.222] [Worker-Main22/INFO] [hordes/]: Loaded conversion entity.minecraft.fox to entity.zombiemobs.zombie_fox with chance of 0.3
[09Jul2025 10:58:46.223] [Worker-Main22/INFO] [hordes/]: Loaded conversion entity.minecraft.goat to entity.zombiemobs.zombie_goat with chance of 0.3
[09Jul2025 10:58:46.223] [Worker-Main22/INFO] [hordes/]: Loaded conversion entity.minecraft.llama to entity.zombiemobs.zombie_llama with chance of 0.3
[09Jul2025 10:58:46.224] [Worker-Main22/INFO] [hordes/]: Loaded conversion entity.minecraft.mooshroom to entity.zombiemobs.zombie_mooshroom with chance of 0.3
[09Jul2025 10:58:46.225] [Worker-Main22/INFO] [hordes/]: Loaded conversion entity.minecraft.ocelot to entity.zombiemobs.zombie_ocelot with chance of 0.3
[09Jul2025 10:58:46.225] [Worker-Main22/INFO] [hordes/]: Loaded conversion entity.minecraft.panda to entity.zombiemobs.zombie_panda with chance of 0.3
[09Jul2025 10:58:46.225] [Worker-Main22/INFO] [hordes/]: Loaded conversion entity.minecraft.pig to entity.zombiemobs.zombie_pig with chance of 0.3
[09Jul2025 10:58:46.225] [Worker-Main22/INFO] [hordes/]: Loaded conversion entity.minecraft.sheep to entity.zombiemobs.zombie_sheep with chance of 0.3
[09Jul2025 10:58:46.225] [Worker-Main22/INFO] [hordes/]: Loaded conversion entity.minecraft.turtle to entity.zombiemobs.zombie_turtle with chance of 0.3
[09Jul2025 10:58:46.226] [Worker-Main22/INFO] [hordes/]: Loaded conversion entity.minecraft.squid to entity.zombiemobs.zombie_squid with chance of 0.3
[09Jul2025 10:58:46.226] [Worker-Main22/INFO] [hordes/]: Loaded conversion entity.minecraft.wolf to entity.zombiemobs.zombie_wolf with chance of 0.3
[09Jul2025 10:58:46.226] [Worker-Main22/INFO] [hordes/]: Loading immunity item list
[09Jul2025 10:58:46.226] [Worker-Main22/INFO] [hordes/]: Loading immunity item list hordes:immunity_items
[09Jul2025 10:58:46.227] [Worker-Main22/INFO] [hordes/]: Loaded immunity item minecraft:enchanted_golden_apple with duration 120
[09Jul2025 10:58:46.227] [Worker-Main22/INFO] [hordes/]: Loaded immunity item minecraft:golden_apple with duration 120
[09Jul2025 10:58:46.227] [Worker-Main22/INFO] [hordes/]: Loading wearables protection list
[09Jul2025 10:58:46.227] [Worker-Main22/INFO] [hordes/]: Loading wearables protection list hordes:immune_wearables
[09Jul2025 10:58:46.234] [Worker-Main22/INFO] [CraftTweaker/]: crafttweaker.reload.start
[09Jul2025 10:58:49.069] [Worker-Main22/WARN] [com.simibubi.create.Create/]: Your custom create:pressing recipe (crafttweaker:can_press) specified a duration. Durations have no impact on this type of recipe.
[09Jul2025 10:58:49.136] [Worker-Main22/WARN] [com.simibubi.create.Create/]: Your custom create:splashing recipe (crafttweaker:aluminum_nugget) specified a duration. Durations have no impact on this type of recipe.
[09Jul2025 10:58:49.937] [Worker-Main22/WARN] [com.simibubi.create.Create/]: Your custom create:pressing recipe (crafttweaker:cast_iron_sheet) specified a duration. Durations have no impact on this type of recipe.
[09Jul2025 10:58:50.716] [Worker-Main22/INFO] [CraftTweaker/]: crafttweaker.reload.complete
[09Jul2025 10:58:50.721] [Worker-Main22/INFO] [fastsuite/]: Successfully processed 14698 recipes into the AuxRecipeManager.
[09Jul2025 10:58:51.071] [Server thread/INFO] [net.minecraft.server.dedicated.DedicatedServer/]: Starting minecraft server version 1.18.2
[09Jul2025 10:58:51.071] [Server thread/INFO] [net.minecraft.server.dedicated.DedicatedServer/]: Loading properties
[09Jul2025 10:58:51.072] [Server thread/INFO] [net.minecraft.server.dedicated.DedicatedServer/]: Default game type: SURVIVAL
[09Jul2025 10:58:51.072] [Server thread/INFO] [net.minecraft.server.MinecraftServer/]: Generating keypair
[09Jul2025 10:58:51.345] [Server thread/INFO] [net.minecraft.server.dedicated.DedicatedServer/]: Starting Minecraft server on *:25565
[09Jul2025 10:58:51.394] [Server thread/INFO] [net.minecraft.server.network.ServerConnectionListener/]: Using epoll channel type
[09Jul2025 10:58:51.454] [Server thread/WARN] [net.minecraft.server.dedicated.DedicatedServer/]: **** SERVER IS RUNNING IN OFFLINE/INSECURE MODE!
[09Jul2025 10:58:51.454] [Server thread/WARN] [net.minecraft.server.dedicated.DedicatedServer/]: The server will make no attempt to authenticate usernames. Beware.
[09Jul2025 10:58:51.455] [Server thread/WARN] [net.minecraft.server.dedicated.DedicatedServer/]: While this makes the game possible to play without internet access, it also opens up the ability for hackers to connect with any username they choose.
[09Jul2025 10:58:51.455] [Server thread/WARN] [net.minecraft.server.dedicated.DedicatedServer/]: To change this, set "online-mode" to "true" in the server.properties file.
[09Jul2025 10:58:51.486] [Server thread/INFO] [immersivepetroleum/FuelHandler/]: Added immersivepetroleum:naphtha as Portable Generator Fuel. (256RF/t 9mB/t)
[09Jul2025 10:58:51.486] [Server thread/INFO] [immersivepetroleum/FuelHandler/]: Added immersivepetroleum:gasoline as Portable Generator Fuel. (256RF/t 6mB/t)
[09Jul2025 10:58:51.486] [Server thread/INFO] [immersivepetroleum/FuelHandler/]: Added immersivepetroleum:benzene as Portable Generator Fuel. (256RF/t 6mB/t)
[09Jul2025 10:58:51.487] [Server thread/INFO] [immersivepetroleum/FuelHandler/]: Added immersivepetroleum:gasoline as Motorboat Fuel. (1 mB/t)
[09Jul2025 10:58:51.487] [Server thread/INFO] [immersivepetroleum/FuelHandler/]: Added immersivepetroleum:naphtha as Motorboat Fuel. (2 mB/t)
[09Jul2025 10:58:51.487] [Server thread/INFO] [immersivepetroleum/FuelHandler/]: Added immersivepetroleum:benzene as Motorboat Fuel. (2 mB/t)
[09Jul2025 10:58:51.536] [Server thread/ERROR] [net.minecraft.resources.RegistryResourceAccess$InMemoryStorage/]: Error adding element: Value provider too high: 256 [500-500]
[09Jul2025 10:58:51.998] [Server thread/INFO] [FTB Teams/]: Loaded FTB Teams - 1 known players
[09Jul2025 10:58:52.003] [Server thread/INFO] [xaero.pac.OpenPartiesAndClaims/]: Initializing Open Parties and Claims for the server...
[09Jul2025 10:58:52.023] [Server thread/INFO] [xaero.pac.OpenPartiesAndClaims/]: Loading server info!
[09Jul2025 10:58:52.088] [Server thread/INFO] [xaero.pac.OpenPartiesAndClaims/]: Loading player configs...
[09Jul2025 10:58:52.140] [Server thread/INFO] [xaero.pac.OpenPartiesAndClaims/]: Loaded player configs!
[09Jul2025 10:58:52.141] [Server thread/INFO] [xaero.pac.OpenPartiesAndClaims/]: Loading parties...
[09Jul2025 10:58:52.142] [Server thread/INFO] [xaero.pac.OpenPartiesAndClaims/]: Loaded parties!
[09Jul2025 10:58:52.143] [Server thread/INFO] [xaero.pac.OpenPartiesAndClaims/]: Fixing party inconsistencies...
[09Jul2025 10:58:52.206] [Server thread/INFO] [xaero.pac.OpenPartiesAndClaims/]: Registered party system for OPAC: default
[09Jul2025 10:58:52.206] [Server thread/INFO] [xaero.pac.OpenPartiesAndClaims/]: Registered party system for OPAC: ftb_teams
[09Jul2025 10:58:52.207] [Server thread/INFO] [xaero.pac.OpenPartiesAndClaims/]: Registered permission system for OPAC: permission_api
[09Jul2025 10:58:52.359] [Server thread/INFO] [spark/]: Starting background profiler...
[09Jul2025 10:58:52.850] [Server thread/INFO] [configured/]: Loading server configs...
[09Jul2025 10:58:52.883] [Server thread/INFO] [terrablender/]: Initialized TerraBlender biomes for level stem minecraft:the_nether
[09Jul2025 10:58:53.239] [Server thread/INFO] [terrablender/]: Initialized TerraBlender biomes for level stem minecraft:overworld
[09Jul2025 10:58:53.239] [Server thread/INFO] [net.minecraft.server.dedicated.DedicatedServer/]: Preparing level "world"
[09Jul2025 10:58:53.522] [Server thread/INFO] [GlobalGameRules/]: Applying config gamerules to level world
[09Jul2025 10:58:53.635] [Server thread/INFO] [net.minecraft.server.MinecraftServer/]: Preparing start region for dimension minecraft:overworld
[09Jul2025 10:58:53.639] [Server thread/WARN] [mixin/]: Method overwrite conflict for removeIf in canary.mixins.json:world.chunk_tickets.SortedArraySetMixin, previously written by org.embeddedt.modernfix.common.mixin.bugfix.paper_chunk_patches.SortedArraySetMixin. Skipping method.
[09Jul2025 10:58:55.151] [Server thread/INFO] [net.minecraft.server.level.progress.LoggerChunkProgressListener/]: Preparing spawn area: 0%
[09Jul2025 10:58:55.151] [Server thread/INFO] [net.minecraft.server.level.progress.LoggerChunkProgressListener/]: Preparing spawn area: 0%
[09Jul2025 10:58:55.152] [Server thread/INFO] [net.minecraft.server.level.progress.LoggerChunkProgressListener/]: Preparing spawn area: 0%
[09Jul2025 10:58:55.152] [Server thread/INFO] [net.minecraft.server.level.progress.LoggerChunkProgressListener/]: Preparing spawn area: 0%
[09Jul2025 10:58:55.643] [Server thread/INFO] [net.minecraft.server.level.progress.LoggerChunkProgressListener/]: Preparing spawn area: 18%
[09Jul2025 10:58:56.140] [Server thread/INFO] [net.minecraft.server.level.progress.LoggerChunkProgressListener/]: Preparing spawn area: 47%
[09Jul2025 10:58:56.649] [Server thread/INFO] [net.minecraft.server.level.progress.LoggerChunkProgressListener/]: Time elapsed: 3014 ms
[09Jul2025 10:58:56.650] [Server thread/INFO] [net.minecraft.server.dedicated.DedicatedServer/]: Done (5.186s)! For help, type "help"
[09Jul2025 10:58:56.752] [Server thread/INFO] [net.minecraftforge.server.permission.PermissionAPI/]: Successfully initialized permission handler forge:default_handler
[09Jul2025 10:58:56.753] [Server thread/INFO] [xaero.pac.OpenPartiesAndClaims/]: Loading claims...
[09Jul2025 10:58:56.754] [Server thread/INFO] [xaero.pac.OpenPartiesAndClaims/]: Loaded claims in 1ms
[09Jul2025 10:58:56.754] [Server thread/WARN] [xaero.pac.OpenPartiesAndClaims/]: The configured permission system "ftb_ranks" isn't registered!
[09Jul2025 10:58:56.755] [Server thread/INFO] [xaero.pac.OpenPartiesAndClaims/]: Configured OPAC to use the following permission system: permission_api
[09Jul2025 10:58:56.755] [Server thread/INFO] [xaero.pac.OpenPartiesAndClaims/]: Configured OPAC to use the following party system as primary: ftb_teams
[09Jul2025 10:58:56.847] [Server thread/INFO] [puffish_skills/]: [puffish_skills] Configuration loaded successfully!
[09Jul2025 10:58:56.884] [Server thread/INFO] [xaero.map.WorldMap/]: Registered synced player tracker system: ftb_teams
[09Jul2025 10:58:56.912] [Server thread/INFO] [xaero.common.MinimapLogs/]: Registered synced player tracker system: ftb_teams
[09Jul2025 10:58:56.914] [Server thread/INFO] [top.theillusivec4.diet.DietMod/]: Generating diet values...
[09Jul2025 10:58:56.914] [Server thread/INFO] [top.theillusivec4.diet.DietMod/]: Finding ungrouped food items...
[09Jul2025 10:58:56.927] [Server thread/INFO] [top.theillusivec4.diet.DietMod/]: Found 174 ungrouped food items
[09Jul2025 10:58:56.928] [Server thread/INFO] [top.theillusivec4.diet.DietMod/]: Building item-to-recipes map...
[09Jul2025 10:58:56.954] [Server thread/INFO] [top.theillusivec4.diet.DietMod/]: Found 9644 valid items with recipes
[09Jul2025 10:58:56.956] [Server thread/INFO] [top.theillusivec4.diet.DietMod/]: Processing items...
[09Jul2025 10:58:56.963] [Server thread/INFO] [top.theillusivec4.diet.DietMod/]: Processed 231 items
[09Jul2025 10:58:56.963] [Server thread/INFO] [top.theillusivec4.diet.DietMod/]: Generating diet values took 48.98 ms
[09Jul2025 10:58:56.964] [Server thread/INFO] [com.unlikepaladin.pfm.PaladinFurnitureMod/]: Paladin's Furniture 1.4.2 has released, for MinecraftForge, NeoForge and Fabric, on 1.16.5-1.21.4 adding new furniture, fixing many bugs and optimizing data and assets. Download it from: Modrinth
[09Jul2025 10:58:56.976] [Server thread/INFO] [FTB Quests/]: Loading quests from /workspaces/turbo-octo-rotary-phone/servidor_minecraft/config/ftbquests/quests
[09Jul2025 10:58:57.018] [Server thread/INFO] [FTB Quests/]: Loaded 5 chapter groups, 18 chapters, 347 quests, 1 reward tables
[09Jul2025 10:58:57.018] [Server thread/INFO] [FTB Quests/]: Loading quest progression data from /workspaces/turbo-octo-rotary-phone/servidor_minecraft/config/ftbquests/quests
[09Jul2025 10:58:57.182] [Server thread/INFO] [net.bettercombat.logic.WeaponRegistry/]: Encoded Weapon Attribute registry size (with package overhead): 185914 bytes (in 19 string chunks with the size of 10000)
[09Jul2025 10:58:57.191] [Server thread/WARN] [voicechat/]: [voicechat] Running in offline mode - Voice chat encryption is not secure!
[09Jul2025 10:58:57.208] [Server thread/INFO] [patchouli/]: Sending reload packet to clients
[09Jul2025 10:58:57.219] [VoiceChatServerThread/INFO] [voicechat/]: [voicechat] Voice chat server started at port 24454
[09Jul2025 10:58:57.384] [Server thread/WARN] [ModernFix/]: Dedicated server took 60.843 seconds to load
[09Jul2025 10:58:57.402] [Server thread/INFO] [readyplayerfun/]: Pausing server onWorldTick at 43428, 43428
[09Jul2025 10:58:57.552] [Server thread/ERROR] [net.minecraft.resources.RegistryResourceAccess$InMemoryStorage/]: Error adding element: Value provider too high: 256 [500-500]
[09Jul2025 11:00:35.988] [Server thread/INFO] [net.minecraft.server.dedicated.DedicatedServer/]: Unknown or incomplete command, see below for error
[09Jul2025 11:00:35.989] [Server thread/INFO] [net.minecraft.server.dedicated.DedicatedServer/]: say<--[HERE]
[09Jul2025 11:00:36.888] [Server thread/INFO] [net.minecraft.server.dedicated.DedicatedServer/]: [Server] e
[09Jul2025 11:01:12.529] [Server thread/INFO] [net.minecraftforge.common.AdvancementLoadFix/]: Using new advancement loading for net.minecraft.server.PlayerAdvancements@1ccab93c
[09Jul2025 11:01:12.547] [Server thread/INFO] [net.minecraft.server.players.PlayerList/]: RealZSs[/127.161.249.46:40847] logged in with entity id 157 at (64.5, 64.0, -159.5)
[09Jul2025 11:01:12.620] [Server thread/INFO] [net.minecraft.server.dedicated.DedicatedServer/]: RealZSs joined the game
[09Jul2025 11:01:12.634] [Server thread/INFO] [tac/]: PENDING
[09Jul2025 11:01:12.855] [Server thread/INFO] [xaero.pac.OpenPartiesAndClaims/]: Updating all forceload tickets for c6882b73-0c38-385e-98d7-5f1485ac8bbe
[09Jul2025 11:01:12.989] [Server thread/INFO] [readyplayerfun/]: Unpausing server: onPlayerLogin, 0:02:15 at 43428, 43428
[09Jul2025 11:01:13.229] [Server thread/INFO] [net.minecraft.server.dedicated.DedicatedServer/]: RealZSs has made the advancement [Inhospitable]
[09Jul2025 11:01:13.297] [Server thread/INFO] [voicechat/]: [voicechat] Received secret request of RealZSs (17)
[09Jul2025 11:01:13.300] [Server thread/INFO] [voicechat/]: [voicechat] Sent secret to RealZSs
[09Jul2025 11:01:52.798] [Server thread/INFO] [net.minecraft.server.dedicated.DedicatedServer/]: Set the time to 0
[09Jul2025 11:01:52.858] [Server thread/INFO] [net.minecraft.server.dedicated.DedicatedServer/]: RealZSs has made the advancement [First Day]
[09Jul2025 11:02:10.360] [Server thread/INFO] [net.minecraftforge.common.AdvancementLoadFix/]: Using new advancement loading for net.minecraft.server.PlayerAdvancements@361cc3d1
[09Jul2025 11:02:32.570] [Server thread/INFO] [net.minecraftforge.common.AdvancementLoadFix/]: Using new advancement loading for net.minecraft.server.PlayerAdvancements@f2aa588
[09Jul2025 11:02:44.793] [Server thread/INFO] [net.minecraft.server.dedicated.DedicatedServer/]: RealZSs was slain by Zombie Dolphin
[09Jul2025 11:02:45.919] [Server thread/INFO] [net.minecraft.server.dedicated.DedicatedServer/]: No player was found
[09Jul2025 11:02:45.921] [Server thread/INFO] [tac/]: PENDING
[09Jul2025 11:02:54.794] [Server thread/INFO] [net.minecraft.server.dedicated.DedicatedServer/]: Set RealZSs's game mode to Spectator Mode
[09Jul2025 11:03:21.712] [Server thread/INFO] [net.minecraft.server.dedicated.DedicatedServer/]: Incorrect argument for command
[09Jul2025 11:03:21.717] [Server thread/INFO] [net.minecraft.server.dedicated.DedicatedServer/]: gamemode Creative  RealZSs<--[HERE]
[09Jul2025 11:03:22.811] [Server thread/WARN] [net.minecraft.network.syncher.SynchedEntityData/]: defineId called for: class de.maxhenkel.car.entity.car.base.EntityCarInventoryBase from class de.maxhenkel.car.entity.car.base.EntityCarLockBase
[09Jul2025 11:03:22.848] [Server thread/INFO] [net.minecraft.server.dedicated.DedicatedServer/]: Summoned new Red Transporter
[09Jul2025 11:03:30.904] [Server thread/INFO] [net.minecraft.server.dedicated.DedicatedServer/]: Incorrect argument for command
[09Jul2025 11:03:30.913] [Server thread/INFO] [net.minecraft.server.dedicated.DedicatedServer/]: gamemode Creative RealZSs<--[HERE]
[09Jul2025 11:03:41.849] [Server thread/INFO] [net.minecraft.server.dedicated.DedicatedServer/]: Incorrect argument for command
[09Jul2025 11:03:41.855] [Server thread/INFO] [net.minecraft.server.dedicated.DedicatedServer/]: gamemode 1 RealZSs<--[HERE]
[09Jul2025 11:03:47.809] [Server thread/INFO] [net.minecraft.server.dedicated.DedicatedServer/]: Made RealZSs a server operator
[09Jul2025 11:03:50.671] [Server thread/INFO] [net.minecraft.server.dedicated.DedicatedServer/]: [RealZSs: Set own game mode to Creative Mode]
[09Jul2025 11:04:44.473] [Server thread/INFO] [net.minecraft.server.dedicated.DedicatedServer/]: [RealZSs: Set own game mode to Survival Mode]
[09Jul2025 11:05:15.881] [Server thread/INFO] [net.minecraft.server.dedicated.DedicatedServer/]: [RealZSs: Set own game mode to Creative Mode]
[09Jul2025 11:05:54.939] [Server thread/INFO] [net.minecraft.server.dedicated.DedicatedServer/]: RealZSs has made the advancement ['X' Marks the Spot]
[09Jul2025 11:06:28.973] [Server thread/INFO] [net.minecraft.server.dedicated.DedicatedServer/]: [RealZSs: Set own game mode to Survival Mode]
[09Jul2025 11:07:13.646] [Server thread/INFO] [net.minecraft.server.dedicated.DedicatedServer/]: [RealZSs: Set own game mode to Creative Mode]
[09Jul2025 11:09:22.545] [Server thread/INFO] [net.minecraft.server.network.ServerGamePacketListenerImpl/]: RealZSs lost connection: Disconnected
[09Jul2025 11:09:22.545] [Server thread/INFO] [net.minecraft.server.dedicated.DedicatedServer/]: RealZSs left the game
[09Jul2025 11:09:22.547] [Server thread/INFO] [xaero.pac.OpenPartiesAndClaims/]: Updating all forceload tickets for c6882b73-0c38-385e-98d7-5f1485ac8bbe
[09Jul2025 11:09:22.548] [Server thread/INFO] [readyplayerfun/]: Pausing server onPlayerLogout at 53229, 8995
[09Jul2025 11:09:22.551] [Server thread/INFO] [voicechat/]: [voicechat] Disconnecting client RealZSs
[09Jul2025 11:11:02.105] [Server thread/INFO] [net.minecraftforge.common.AdvancementLoadFix/]: Using new advancement loading for net.minecraft.server.PlayerAdvancements@74a1240a
[09Jul2025 11:11:02.112] [Server thread/INFO] [net.minecraft.server.players.PlayerList/]: RealZSs[/127.161.249.46:50735] logged in with entity id 51286 at (232.30000001192093, 108.0, -184.76779664121045)
[09Jul2025 11:11:02.134] [Server thread/INFO] [net.minecraft.server.dedicated.DedicatedServer/]: RealZSs joined the game
[09Jul2025 11:11:02.136] [Server thread/INFO] [tac/]: PENDING
[09Jul2025 11:11:02.186] [Server thread/INFO] [xaero.pac.OpenPartiesAndClaims/]: Updating all forceload tickets for c6882b73-0c38-385e-98d7-5f1485ac8bbe
[09Jul2025 11:11:02.198] [Server thread/INFO] [readyplayerfun/]: Unpausing server: onPlayerLogin, 0:01:39 at 53229, 8995
[09Jul2025 11:11:02.734] [Server thread/INFO] [voicechat/]: [voicechat] Received secret request of RealZSs (17)
[09Jul2025 11:11:02.735] [Server thread/INFO] [voicechat/]: [voicechat] Sent secret to RealZSs
[09Jul2025 11:11:58.493] [Server thread/INFO] [net.minecraft.server.dedicated.DedicatedServer/]: RealZSs has made the advancement [Disme A Dozen]
[09Jul2025 11:12:50.840] [Server thread/INFO] [net.minecraft.server.dedicated.DedicatedServer/]: RealZSs has made the advancement [Monster Hunter]
[09Jul2025 11:13:48.117] [Server thread/INFO] [tac/]: NEW UUID GEN FOR TAC GUN
[09Jul2025 11:13:53.803] [Server thread/INFO] [tac/]: NEW UUID GEN FOR TAC GUN
[09Jul2025 11:15:02.049] [Server thread/INFO] [net.minecraft.server.dedicated.DedicatedServer/]: RealZSs has made the advancement [Connecting]
[09Jul2025 11:15:43.887] [Server thread/INFO] [net.minecraft.server.dedicated.DedicatedServer/]: RealZSs has made the advancement [The green bar grows.]
[09Jul2025 11:15:43.887] [Server thread/INFO] [net.minecraft.server.dedicated.DedicatedServer/]: RealZSs has made the advancement [They're out there...]
